账号名称,直播id,直播标题,开播时间,关播时间,直播时长,峰值人数,平均人数,收获音浪,粉丝音浪,非粉音浪,首次送礼用户音浪,送礼人数,送礼粉丝人数,送礼非粉人数,首次送礼人数,预计收入,曝光人数,观看人数,观看粉丝人数,观看非粉人数,涨粉人数,掉粉人数,加团人数,人均停留时长,粉丝人均停留时长,非粉人均停留时长,评论人数,评论粉丝人数,评论非粉人数,点赞次数,点赞粉丝次数,点赞非粉次数,分享次数,分享粉丝次数,分享非粉次数,曝光分布,观看分布,群内粉丝,群外粉丝,观看率,涨粉率,评论率,送礼率,粉丝观看率,粉丝评论率,粉丝点赞率,粉丝分享率,粉丝送礼率,群内粉丝率,创建时间
"财经葛先生","7637753840718367497","外盘半导体大涨！周一A股何去何从？","""2026-05-09T05:06:06.000Z""","""2026-05-09T05:26:30.000Z""",20,946,720,83,82,1,11,75,74,1,7,"4.00",16440,3434,1695,1739,31,4,4,"3.6800","5.3300","1.1500",111,96,15,25867,22770,3097,3,1,2,,,733,961,"0.2089","0.0090","0.0323","0.0218","0.4936","0.8649","0.8803","0.3333","0.9867","0.4324","""2026-05-09T11:13:06.000Z"""
"财经葛先生","7637739884966431539","外盘半导体大涨！周一A股何去何从？","""2026-05-09T04:12:09.000Z""","""2026-05-09T05:05:20.000Z""",53,1221,933,3770,3758,12,44,353,347,6,19,"188.00",31462,7153,3609,3544,69,2,13,"6.1300","8.1800","1.7800",261,237,24,160454,154142,6312,33,32,1,,,1537,2072,"0.2274","0.0096","0.0365","0.0493","0.5045","0.9080","0.9607","0.9697","0.9830","0.4259","""2026-05-09T11:13:43.000Z"""
"财经葛先生","7637489416340343586","今晚非农公布 A股 黄金如何？","""2026-05-08T11:59:48.000Z""","""2026-05-08T13:05:50.000Z""",66,1455,972,523,521,2,10,182,181,1,7,"26.00",25392,7435,4822,2613,34,7,3,"7.6800","7.4700","0.8300",423,404,19,153981,151364,2617,12,12,0,,,1803,3019,"0.2928","0.0046","0.0569","0.0245","0.6486","0.9551","0.9830","1.0000","0.9945","0.3739","""2026-05-09T11:14:55.000Z"""
"财经葛先生","7637366039680322342","震荡行情！怎么应对？","""2026-05-08T04:01:06.000Z""","""2026-05-08T05:02:07.000Z""",61,1332,1089,545,543,2,26,350,348,2,11,"27.00",20219,5587,4391,1196,17,4,4,"10.9300","9.6700","1.4000",236,229,7,192728,191258,1470,10,9,1,,,1873,2518,"0.2763","0.0030","0.0422","0.0626","0.7859","0.9703","0.9924","0.9000","0.9943","0.4266","""2026-05-08T10:52:43.000Z"""
"财经葛先生","7637118577040050996","A股、黄金大涨！买吗？","""2026-05-07T12:00:49.000Z""","""2026-05-07T13:10:30.000Z""",69,1069,908,655,655,0,20,210,210,0,13,"32.00",23227,6444,4652,1792,23,8,6,"8.8700","8.0700","0.7300",355,348,7,122982,121554,1428,3,3,0,,,1715,2937,"0.2774","0.0036","0.0551","0.0326","0.7219","0.9803","0.9884","1.0000","1.0000","0.3687","""2026-05-08T10:53:19.000Z"""
"财经葛先生","7636994903658023730","A股、黄金大涨！买吗？","""2026-05-07T04:00:57.000Z""","""2026-05-07T04:56:27.000Z""",55,1254,1058,524,523,1,13,358,357,1,9,"26.00",20489,5722,4418,1304,16,7,5,"9.4000","8.4200","1.3200",227,218,9,142723,140846,1877,9,8,1,,,1811,2606,"0.2793","0.0028","0.0397","0.0626","0.7721","0.9604","0.9868","0.8889","0.9972","0.4099","""2026-05-07T07:53:33.000Z"""
"财经葛先生","7636747319593388815","A股、黄金大涨！5月主线来啦！","""2026-05-06T12:00:08.000Z""","""2026-05-06T13:00:39.000Z""",60,1062,854,339,339,0,14,174,174,0,11,"16.00",20497,5328,4171,1157,8,5,8,"8.6800","7.1000","1.0700",261,253,8,84210,83768,442,38,36,2,,,1671,2500,"0.2599","0.0015","0.0490","0.0327","0.7828","0.9693","0.9948","0.9474","1.0000","0.4006","""2026-05-07T07:54:54.000Z"""
"财经葛先生","7636623672781933322","A股、黄金大涨！5月主线来啦！","""2026-05-06T04:00:19.000Z""","""2026-05-06T05:05:09.000Z""",64,1420,1164,858,855,3,27,478,477,1,14,"42.00",27212,7347,4966,2381,28,5,6,"9.3000","9.2000","0.9300",360,350,10,173880,172161,1719,14,14,0,,,2021,2945,"0.2700","0.0038","0.0490","0.0651","0.6759","0.9722","0.9901","1.0000","0.9979","0.4070","""2026-05-07T07:55:49.000Z"""
"财经葛先生","7636375750781815586","5月咋提前布局？","""2026-05-05T11:58:18.000Z""","""2026-05-05T13:02:00.000Z""",63,977,782,545,542,3,3,277,275,2,2,"27.00",24811,6628,4377,2251,30,10,0,"6.6500","6.9700","0.9800",184,175,9,54979,54780,199,34,34,0,,,1542,2835,"0.2671","0.0045","0.0278","0.0418","0.6604","0.9511","0.9964","1.0000","0.9928","0.3523","""2026-05-07T07:56:26.000Z"""
"财经葛先生","7636004712357284642","5月咋提前布局？","""2026-05-04T11:58:30.000Z""","""2026-05-04T13:07:12.000Z""",68,1055,869,677,674,3,19,392,390,2,15,"33.00",30026,7785,4501,3284,58,7,8,"6.7300","8.2800","1.2300",422,400,22,118085,116735,1350,47,45,2,,,1574,2927,"0.2593","0.0075","0.0542","0.0504","0.5782","0.9479","0.9886","0.9574","0.9949","0.3497","""2026-05-07T07:57:03.000Z"""
"财经葛先生","7634892164518005556","5月咋提前布局？","""2026-05-01T12:01:13.000Z""","""2026-05-01T13:32:24.000Z""",91,907,737,588,584,4,30,374,373,1,21,"29.00",28279,8001,4928,3073,64,6,12,"7.3500","8.1300","1.4500",452,428,24,82034,80870,1164,43,40,3,,,1735,3193,"0.2829","0.0080","0.0565","0.0467","0.6159","0.9469","0.9858","0.9302","0.9973","0.3521","""2026-05-07T07:57:44.000Z"""
"财经葛先生","7634397265251126026","4月收官！5月咋提前布局？","""2026-04-30T04:00:48.000Z""","""2026-04-30T05:01:27.000Z""",60,1175,974,528,526,2,8,338,336,2,5,"26.00",21656,5864,4429,1435,18,6,5,"9.1300","8.4800","1.0000",364,355,9,132009,131205,804,8,8,0,,,1820,2609,"0.2708","0.0031","0.0621","0.0576","0.7553","0.9753","0.9939","1.0000","0.9941","0.4109","""2026-05-07T07:58:20.000Z"""
"财经葛先生","7634154347823188787","美联储议息会议来袭！黄金、A股咋办？","""2026-04-29T12:18:09.000Z""","""2026-04-29T13:16:00.000Z""",57,1214,908,314,312,2,14,204,203,1,13,"15.00",23300,6827,4839,1988,15,2,6,"6.8500","6.0300","0.8200",471,459,12,96101,95627,474,39,38,1,,,0,,"0.2930","0.0022","0.0690","0.0299","0.7088","0.9745","0.9951","0.9744","0.9951","0.0000","""2026-05-07T07:58:57.000Z"""
"财经葛先生","7634026183256394523","黄金、A股反弹！还卖吗？","""2026-04-29T04:00:47.000Z""","""2026-04-29T04:59:24.000Z""",58,1311,1044,785,781,4,13,351,348,3,12,"39.00",22918,6268,4609,1659,18,4,3,"8.8700","8.1700","1.0300",465,454,11,117206,116016,1190,36,35,1,,,0,,"0.2735","0.0029","0.0742","0.0560","0.7353","0.9763","0.9898","0.9722","0.9915","0.0000","""2026-05-07T07:59:33.000Z"""
"财经葛先生","7633775583278205711","黄金、A股节前怎么办？卖吗？","""2026-04-28T11:48:19.000Z""","""2026-04-28T13:28:44.000Z""",100,1686,1200,508,508,0,26,292,292,0,22,"25.00",49383,14572,8309,6263,83,14,14,"7.1200","7.3700","0.8500",728,686,42,103164,102584,580,44,43,1,,,0,,"0.2951","0.0057","0.0500","0.0200","0.5702","0.9423","0.9944","0.9773","1.0000","0.0000","""2026-05-07T08:00:09.000Z"""
"财经葛先生","7633655402496150282","黄金、A股节前怎么办？卖吗？","""2026-04-28T04:02:03.000Z""","""2026-04-28T05:02:21.000Z""",60,1254,1045,897,897,0,9,451,451,0,7,"44.00",20660,5757,4489,1268,13,6,1,"9.9300","9.0500","1.0500",291,285,6,103508,103375,133,36,36,0,,,0,,"0.2787","0.0023","0.0505","0.0783","0.7797","0.9794","0.9987","1.0000","1.0000","0.0000","""2026-05-07T08:00:45.000Z"""
"财经葛先生","7633283906858486537","黄金、A股节前怎么办？卖吗？","""2026-04-27T04:00:17.000Z""","""2026-04-27T04:53:29.000Z""",53,1159,1022,865,865,0,11,513,513,0,7,"43.00",19589,5615,4362,1253,11,7,6,"8.7500","8.1300","0.8500",442,436,6,73466,73278,188,39,39,0,,,0,,"0.2866","0.0020","0.0787","0.0914","0.7768","0.9864","0.9974","1.0000","1.0000","0.0000","""2026-05-07T08:01:21.000Z"""
"财经葛先生","7632294428094384896","倒车接人？还是倒车撞人？","""2026-04-24T12:00:33.000Z""","""2026-04-24T12:55:55.000Z""",55,890,765,332,327,5,7,186,184,2,5,"16.00",21950,6247,4161,2086,22,8,3,"5.9000","5.6000","0.7700",411,401,10,111336,109435,1901,34,32,2,,,1540,2621,"0.2846","0.0035","0.0658","0.0298","0.6661","0.9757","0.9829","0.9412","0.9892","0.3701","""2026-04-24T14:18:55.000Z"""
"财经葛先生","7632170456398383915","倒车接人？还是倒车撞人？","""2026-04-24T03:59:44.000Z""","""2026-04-24T04:55:44.000Z""",56,1632,1333,615,614,1,13,389,388,1,12,"30.00",25281,7434,5529,1905,29,10,5,"9.2000","8.2300","1.5800",715,690,25,147953,145126,2827,40,38,2,,,2157,3369,"0.2941","0.0039","0.0962","0.0523","0.7437","0.9650","0.9809","0.9500","0.9974","0.3901","""2026-04-24T06:41:31.000Z"""
"财经葛先生","7631922890652666664","倒车接人？还是倒车撞人？","""2026-04-23T11:58:52.000Z""","""2026-04-23T13:03:06.000Z""",64,1278,975,446,445,1,19,216,215,1,14,"22.00",28739,7506,5320,2186,26,15,9,"7.3800","6.6800","0.8800",535,519,16,192784,189417,3367,45,44,1,,,2020,3300,"0.2612","0.0035","0.0713","0.0288","0.7088","0.9701","0.9825","0.9778","0.9954","0.3797","""2026-04-24T06:42:51.000Z"""
"财经葛先生","7631799514996312882","倒车接人？还是倒车撞人？","""2026-04-23T04:00:09.000Z""","""2026-04-23T04:56:54.000Z""",56,1865,1547,815,815,0,20,461,461,0,19,"40.00",31917,8217,5818,2399,50,8,12,"9.6500","9.1800","1.2500",688,675,13,167162,165432,1730,22,19,3,,,2277,3541,"0.2574","0.0061","0.0837","0.0561","0.7080","0.9811","0.9897","0.8636","1.0000","0.3914","""2026-04-24T06:43:31.000Z"""
"财经葛先生","7631562439158434575","下午，A股会冲击4100点吗？","""2026-04-22T12:40:10.000Z""","""2026-04-22T13:32:33.000Z""",52,787,633,339,339,0,16,150,150,0,13,"16.00",19717,5249,3929,1320,18,9,8,"5.4000","5.1500","0.4200",431,427,4,46177,46174,3,30,30,0,,,1415,2514,"0.2662","0.0034","0.0821","0.0286","0.7485","0.9907","0.9999","1.0000","1.0000","0.3601","""2026-04-24T06:44:08.000Z"""
"财经葛先生","7631428971367844634","下午，A股会冲击4100点吗？","""2026-04-22T04:02:32.000Z""","""2026-04-22T04:58:12.000Z""",55,1304,1094,887,887,0,24,384,384,0,22,"44.00",20339,5806,4635,1171,14,5,8,"9.5800","8.5200","0.9000",577,575,2,106972,106136,836,11,8,3,,,2069,2566,"0.2855","0.0024","0.0994","0.0661","0.7983","0.9965","0.9922","0.7273","1.0000","0.4464","""2026-04-24T06:44:45.000Z"""
"财经葛先生","7631181321563147008","上涨结束？还是倒车接人？","""2026-04-21T12:01:12.000Z""","""2026-04-21T13:02:51.000Z""",61,1257,982,594,589,5,40,250,246,4,20,"29.00",27634,7732,5475,2257,31,8,12,"6.8000","6.1500","0.8700",637,622,15,92909,91194,1715,69,69,0,,,1941,3471,"0.2798","0.0040","0.0824","0.0323","0.7081","0.9765","0.9815","1.0000","0.9840","0.3545","""2026-04-21T14:19:16.000Z"""
"财经葛先生","7631057447345064750","上涨结束？还是倒车接人？","""2026-04-21T04:00:33.000Z""","""2026-04-21T04:55:30.000Z""",54,1360,1174,854,852,2,51,588,586,2,45,"42.00",21932,6544,4919,1625,15,10,14,"9.0000","8.4500","1.1200",562,553,9,59933,59672,261,7,7,0,,,2024,2893,"0.2984","0.0023","0.0859","0.0899","0.7517","0.9840","0.9956","1.0000","0.9966","0.4115","""2026-04-21T10:19:24.000Z"""
"财经葛先生","7630686139386399514","A股下午会冲击4100吗？","""2026-04-20T03:59:47.000Z""","""2026-04-20T04:58:40.000Z""",58,1462,1235,1442,1436,6,53,866,861,5,51,"72.00",24369,6952,5144,1808,26,11,19,"9.5500","8.8500","1.2300",720,703,17,41020,40918,102,13,13,0,,,2217,2927,"0.2853","0.0037","0.1036","0.1246","0.7399","0.9764","0.9975","1.0000","0.9942","0.4310","""2026-04-20T10:19:25.000Z"""
"财经葛先生","7629697647499758388","行情落幕？还是倒车接人？","""2026-04-17T12:03:50.000Z""","""2026-04-17T13:46:31.000Z""",102,1526,1121,918,914,4,54,354,351,3,35,"45.00",31298,9988,7201,2787,38,10,20,"10.3800","8.3300","0.9300",1026,992,34,142566,141477,1089,45,44,1,,,2677,4524,"0.3191","0.0038","0.1027","0.0354","0.7210","0.9669","0.9924","0.9778","0.9915","0.3718","""2026-04-20T10:20:04.000Z"""
"财经葛先生","7629573195972004646","行情落幕？还是倒车接人？","""2026-04-17T04:00:54.000Z""","""2026-04-17T04:55:26.000Z""",54,1439,1180,728,722,6,49,564,558,6,47,"36.00",23480,6543,4953,1590,26,3,35,"8.9200","8.1500","1.1200",635,620,15,69159,69052,107,12,12,0,,,2169,2784,"0.2787","0.0040","0.0971","0.0862","0.7570","0.9764","0.9985","1.0000","0.9894","0.4379","""2026-04-17T06:34:02.000Z"""
"财经葛先生","7629325800017267502","今夜重要数据公布！A股、黄金何去何从？","""2026-04-16T12:01:06.000Z""","""2026-04-16T12:57:37.000Z""",56,1815,1184,1070,1043,27,78,521,514,7,69,"53.00",26018,7722,5388,2334,31,10,47,"7.5700","7.2700","0.8700",765,747,18,101354,99825,1529,22,21,1,,,2296,3092,"0.2968","0.0040","0.0991","0.0675","0.6977","0.9765","0.9849","0.9545","0.9866","0.4261","""2026-04-17T06:35:19.000Z"""
"财经葛先生","7629201972255640347","黄金、A股持续震荡！散户咋办？","""2026-04-16T04:00:19.000Z""","""2026-04-16T05:00:37.000Z""",60,1539,1225,1053,947,106,65,601,597,4,61,"52.00",25841,7213,5432,1781,45,10,46,"9.2300","8.4000","1.5200",460,451,9,100138,99483,655,41,41,0,,,2216,3216,"0.2791","0.0062","0.0638","0.0833","0.7531","0.9804","0.9935","1.0000","0.9933","0.4080","""2026-04-17T06:37:07.000Z"""
"财经葛先生","7628954666503572239","黄金、A股持续震荡！散户咋办？","""2026-04-15T12:00:34.000Z""","""2026-04-15T13:00:09.000Z""",59,1188,921,453,453,0,15,225,225,0,12,"22.00",27290,7468,5286,2182,29,10,7,"6.4700","5.8300","0.8800",617,586,31,78252,76203,2049,11,11,0,,,1897,3389,"0.2737","0.0039","0.0826","0.0301","0.7078","0.9498","0.9738","1.0000","1.0000","0.3589","""2026-04-17T06:37:53.000Z"""
"财经葛先生","7628831009345211146","黄金、A股能持续上涨吗？","""2026-04-15T04:00:52.000Z""","""2026-04-15T04:54:59.000Z""",54,1773,1419,1314,1305,9,114,902,894,8,105,"65.00",28081,7920,5911,2009,48,16,74,"8.7500","8.0800","1.4200",469,447,22,36340,36258,82,11,11,0,,,2479,3432,"0.2820","0.0061","0.0592","0.1139","0.7463","0.9531","0.9977","1.0000","0.9911","0.4194","""2026-04-17T06:39:39.000Z"""
"财经葛先生","7628217532521810722","黄金、A股持续震荡！散户咋办？","""2026-04-13T12:20:13.000Z""","""2026-04-13T13:34:58.000Z""",74,963,818,1558,1556,2,18,538,536,2,15,"77.00",27829,7610,5816,1794,19,8,5,"7.0500","6.0800","0.8800",261,250,11,111260,108797,2463,36,35,1,,,2083,3733,"0.2735","0.0025","0.0343","0.0707","0.7643","0.9579","0.9779","0.9722","0.9963","0.3581","""2026-04-13T14:19:20.000Z"""
"财经葛先生","7626976336749267739","牛归速回！","""2026-04-10T04:03:50.000Z""","""2026-04-10T04:56:46.000Z""",52,1638,1340,1422,1417,5,239,546,542,4,39,"71.00",30090,8083,5457,2626,29,4,28,"7.9000","8.1300","0.9200",644,631,13,109231,108015,1216,49,21,28,,,2213,3244,"0.2686","0.0036","0.0797","0.0675","0.6751","0.9798","0.9889","0.4286","0.9927","0.4055","""2026-04-10T10:19:42.000Z"""
"财经葛先生","7626728582307416872","黄金、A股又回落！牛走了吗？","""2026-04-09T12:02:15.000Z""","""2026-04-09T13:10:26.000Z""",68,996,817,10522,10522,0,6,144,144,0,6,"526.00",28005,7453,5722,1731,10,10,3,"6.4800","5.3800","0.9200",297,287,10,51432,51235,197,11,9,2,,,1837,3885,"0.2661","0.0013","0.0398","0.0193","0.7677","0.9663","0.9962","0.8182","1.0000","0.3210","""2026-04-09T14:49:44.000Z"""
"财经葛先生","7626690553664539407","黄金、A股又回落！牛走了吗？","""2026-04-09T09:34:57.000Z""","""2026-04-09T10:21:19.000Z""",46,1531,1122,453,445,8,24,151,145,6,15,"22.00",41687,8060,4786,3274,47,6,11,"5.6700","6.7000","1.3000",197,178,19,64625,60481,4144,5,5,0,,,1555,3231,"0.1933","0.0058","0.0244","0.0187","0.5938","0.9036","0.9359","1.0000","0.9603","0.3249","""2026-04-09T14:50:21.000Z"""
"财经葛先生","7626604556220025650","黄金、A股又回落！牛走了吗？","""2026-04-09T04:01:08.000Z""","""2026-04-09T04:55:45.000Z""",54,2011,1511,1108,1103,5,69,590,586,4,57,"55.00",34742,9134,6295,2839,40,8,48,"8.1700","8.3700","1.1500",427,412,15,183416,182186,1230,44,14,30,,,2455,3840,"0.2629","0.0044","0.0467","0.0646","0.6892","0.9649","0.9933","0.3182","0.9932","0.3900","""2026-04-09T14:50:59.000Z"""
"财经葛先生","7626358139038124852","黄金重回5000？A股重回4000点？","""2026-04-08T12:04:49.000Z""","""2026-04-08T13:13:15.000Z""",68,1705,1380,1816,982,834,875,306,295,11,35,"90.00",53337,12779,7765,5014,87,18,25,"6.4700","6.6300","0.9500",453,411,42,128623,127607,1016,35,35,0,,,2406,5359,"0.2396","0.0068","0.0354","0.0239","0.6076","0.9073","0.9921","1.0000","0.9641","0.3099","""2026-04-08T14:48:56.000Z"""
"财经葛先生","7626318043601177359","黄金重回5000？A股重回4000点？","""2026-04-08T09:29:21.000Z""","""2026-04-08T10:13:45.000Z""",44,2200,1678,737,734,3,23,260,258,2,15,"36.00",59409,11909,6329,5580,108,4,10,"5.4500","6.6300","1.2000",338,313,25,138476,135389,3087,23,20,3,,,1996,4333,"0.2005","0.0091","0.0284","0.0218","0.5314","0.9260","0.9777","0.8696","0.9923","0.3154","""2026-04-08T14:50:09.000Z"""
"财经葛先生","7625947669093010222","4月份黄金、A股咋走？咋办？","""2026-04-07T09:32:04.000Z""","""2026-04-07T10:28:25.000Z""",56,1488,1229,1066,1063,3,23,305,303,2,16,"53.00",35166,8627,5359,3268,47,7,12,"7.1700","7.6300","1.2200",172,161,11,84297,83545,752,42,10,32,,,2002,3357,"0.2453","0.0054","0.0199","0.0354","0.6212","0.9360","0.9911","0.2381","0.9934","0.3736","""2026-04-07T14:49:10.000Z"""
"财经葛先生","7625861663622810378","4月份黄金、A股咋走？咋办？","""2026-04-07T03:58:26.000Z""","""2026-04-07T04:58:37.000Z""",60,1890,1507,1571,1569,2,41,734,733,1,25,"78.00",31589,8888,6326,2562,24,6,13,"9.3000","9.4200","0.9700",255,243,12,57096,56893,203,46,17,29,,,2441,3885,"0.2814","0.0027","0.0287","0.0826","0.7117","0.9529","0.9964","0.3696","0.9986","0.3859","""2026-04-07T14:49:48.000Z"""
"财经葛先生","7624462915755723546","节后黄金、A股咋走？咋办？","""2026-04-03T09:30:35.000Z""","""2026-04-03T10:22:17.000Z""",51,1534,1226,467,460,7,20,203,198,5,15,"23.00",47124,10194,5303,4891,69,4,10,"5.3700","6.7800","1.0200",219,191,28,80885,79842,1043,43,14,29,,,1971,3332,"0.2163","0.0068","0.0215","0.0199","0.5202","0.8721","0.9871","0.3256","0.9754","0.3717","""2026-04-03T10:46:44.000Z"""
"财经葛先生","7624378637479381811","A股缩量千亿，目标3800？怎么了？怎么办？","""2026-04-03T04:03:35.000Z""","""2026-04-03T04:49:02.000Z""",45,1678,1422,641,638,3,9,344,342,2,7,"32.00",47884,10371,5690,4681,30,10,6,"5.4000","7.0700","0.6500",305,280,25,17390,17020,370,43,12,31,,,2108,3581,"0.2166","0.0029","0.0294","0.0332","0.5486","0.9180","0.9787","0.2791","0.9942","0.3705","""2026-04-03T10:47:19.000Z"""
"财经葛先生","7624091956565527322","财经葛先生正在直播","""2026-04-02T09:31:03.000Z""","""2026-04-02T10:29:20.000Z""",58,2726,2257,1882,1866,16,40,820,812,8,33,"94.00",79023,17797,7896,9901,208,8,17,"6.5000","9.4500","1.2000",766,692,74,129942,123234,6708,73,39,34,,,2714,5182,"0.2252","0.0117","0.0430","0.0461","0.4437","0.9034","0.9484","0.5342","0.9902","0.3437","""2026-04-02T14:49:21.000Z"""
"财经葛先生","7621866131535514414","黄金、A股上涨！下周会回落吗？","""2026-03-27T09:33:43.000Z""","""2026-03-27T10:34:26.000Z""",60,3462,2752,799,756,43,119,400,374,26,64,"39.00",108346,24624,8126,16498,483,9,47,"5.9000","10.3700","1.4700",545,421,124,153460,139931,13529,59,21,38,,,2532,5579,"0.2273","0.0196","0.0221","0.0162","0.3300","0.7725","0.9118","0.3559","0.9350","0.3116","""2026-03-27T10:43:29.000Z"""
"财经葛先生","7621780395316103963","黄金、有色、A股翻红！机会还是风险？","""2026-03-27T04:00:55.000Z""","""2026-03-27T04:53:28.000Z""",52,2962,2341,926,917,9,28,533,527,6,21,"46.00",68850,14551,7788,6763,112,13,13,"7.7000","9.9000","1.0800",903,848,55,137013,135809,1204,96,36,60,,,2818,4970,"0.2113","0.0077","0.0621","0.0366","0.5352","0.9391","0.9912","0.3750","0.9887","0.3618","""2026-03-27T10:44:05.000Z"""
"财经葛先生","7621494509842647817","黄金、白银、A股跳水！到底咋办啊？","""2026-03-26T09:31:37.000Z""","""2026-03-26T10:23:26.000Z""",51,4026,3176,546,514,32,95,370,348,22,55,"27.00",139263,25440,8705,16735,623,12,36,"5.6500","9.2300","1.6300",1357,1059,298,164797,152674,12123,78,30,48,,,2673,6032,"0.1827","0.0245","0.0533","0.0145","0.3422","0.7804","0.9264","0.3846","0.9405","0.3071","""2026-03-26T14:50:23.000Z"""
"财经葛先生","7621411474912594714","A股、黄金反弹结束！后市如何操作？","""2026-03-26T04:09:24.000Z""","""2026-03-26T04:55:46.000Z""",46,3201,2358,938,927,11,41,499,492,7,30,"46.00",80892,14272,7535,6737,131,7,17,"6.9200","8.8700","1.1200",768,705,63,123669,120730,2939,72,36,36,,,2588,4947,"0.1764","0.0092","0.0538","0.0350","0.5280","0.9180","0.9762","0.5000","0.9860","0.3435","""2026-03-26T14:51:02.000Z"""
"财经葛先生","7621123069392014106","A股、黄金终于反弹！如何去布局呢?","""2026-03-25T09:30:11.000Z""","""2026-03-25T10:23:36.000Z""",53,4027,3026,701,696,5,84,244,241,3,42,"35.00",150878,30175,9390,20785,472,16,30,"4.4700","8.6500","0.9300",1030,890,140,122674,118938,3736,32,27,5,,,2686,6704,"0.2000","0.0156","0.0341","0.0081","0.3112","0.8641","0.9695","0.8438","0.9877","0.2860","""2026-03-26T02:29:47.000Z"""
"财经葛先生","7621038194691230514","A股、黄金终于反弹！如何去布局呢?","""2026-03-25T04:00:46.000Z""","""2026-03-25T04:52:10.000Z""",51,4875,3750,1136,1124,12,132,647,639,8,83,"56.00",207807,28819,10535,18284,648,18,56,"5.8700","10.0800","1.1000",1381,1173,208,188176,183877,4299,85,63,22,,,3233,7302,"0.1387","0.0225","0.0479","0.0225","0.3656","0.8494","0.9772","0.7412","0.9876","0.3069","""2026-03-26T02:30:27.000Z"""
"财经葛先生","7620752105975843593","黄金、A股反弹！能抄底了吗？","""2026-03-24T09:30:48.000Z""","""2026-03-24T10:26:08.000Z""",55,3763,2941,937,934,3,92,403,401,2,52,"46.00",199890,26577,9885,16692,438,17,36,"5.4200","9.2000","1.0500",1180,1036,144,138769,137459,1310,59,49,10,,,3020,6865,"0.1330","0.0165","0.0444","0.0152","0.3719","0.8780","0.9906","0.8305","0.9950","0.3055","""2026-03-26T02:31:04.000Z"""
"财经葛先生","7620667034346736411","黄金、A股反弹！能抄底了吗？","""2026-03-24T04:00:22.000Z""","""2026-03-24T04:47:58.000Z""",47,5281,3802,1561,1558,3,163,645,642,3,50,"78.00",192124,26898,10359,16539,554,12,30,"5.9200","10.3200","1.0000",1301,1164,137,186767,182930,3837,83,68,15,,,3241,7118,"0.1400","0.0206","0.0484","0.0240","0.3851","0.8947","0.9795","0.8193","0.9953","0.3129","""2026-03-26T02:31:41.000Z"""
"财经葛先生","7620380987691780915","黄金、A股暴跌！ 明天要跑吗？","""2026-03-23T09:30:29.000Z""","""2026-03-23T10:23:36.000Z""",53,8282,6125,1832,1808,24,284,789,776,13,164,"91.00",631222,65450,14949,50501,2652,18,110,"4.1500","9.9500","1.2000",2278,1706,572,232066,220629,11437,204,128,76,,,3853,11096,"0.1037","0.0405","0.0348","0.0121","0.2284","0.7489","0.9507","0.6275","0.9835","0.2577","""2026-03-26T02:32:18.000Z"""
"财经葛先生","7620293488164244234","黄金、A股暴跌，要跑呢？","""2026-03-23T03:51:02.000Z""","""2026-03-23T04:43:37.000Z""",52,6907,5223,2460,2454,6,208,1156,1153,3,134,"122.00",388599,46406,13474,32932,1649,23,99,"5.0500","11.0300","1.0800",1323,1132,191,241715,234796,6919,220,176,44,,,3892,9582,"0.1194","0.0355","0.0285","0.0249","0.2904","0.8556","0.9714","0.8000","0.9974","0.2889","""2026-03-26T02:32:57.000Z"""
"财经葛先生","7619267758798686986","A股失守4000 黄金跌宕；速来！抓下周策略！","""2026-03-20T09:30:36.000Z""","""2026-03-20T10:26:43.000Z""",56,3858,2930,1329,1329,0,46,323,323,0,40,"66.00",146920,32429,8982,23447,390,14,32,"4.2500","9.2200","0.7700",1106,953,153,171690,166652,5038,51,45,6,,,2918,6064,"0.2207","0.0120","0.0341","0.0100","0.2770","0.8617","0.9707","0.8824","1.0000","0.3249","""2026-03-26T02:33:39.000Z"""
"财经葛先生","7619182520983014190","终于止跌！风险解除了吗","""2026-03-20T03:59:52.000Z""","""2026-03-20T04:48:46.000Z""",48,3925,3193,1703,1692,11,119,688,682,6,74,"85.00",135314,27391,9545,17846,314,11,57,"4.9500","9.2500","0.7800",1361,1227,134,192349,189924,2425,53,45,8,,,3198,6347,"0.2024","0.0115","0.0497","0.0251","0.3485","0.9015","0.9874","0.8491","0.9913","0.3350","""2026-03-26T02:34:17.000Z"""
"财经葛先生","7618896864083168046","黄金狂泻！A股跌破4000！牛没了吗？","""2026-03-19T09:31:19.000Z""","""2026-03-19T10:29:32.000Z""",58,5726,4507,2213,2196,17,182,572,561,11,100,"110.00",297523,49493,12469,37024,1150,15,64,"4.4300","10.3200","1.0500",1859,1498,361,61976,60147,1829,129,85,44,,,3771,8698,"0.1664","0.0232","0.0376","0.0116","0.2519","0.8058","0.9705","0.6589","0.9808","0.3024","""2026-03-26T02:34:57.000Z"""
"财经葛先生","7618811302768642866","黄金 A 股齐崩，抄底还是止损？","""2026-03-19T03:59:21.000Z""","""2026-03-19T04:58:05.000Z""",58,3720,3027,1679,1674,5,90,570,568,2,40,"83.00",125103,23912,9990,13922,318,8,26,"6.5800","10.5000","1.0200",1438,1308,130,116964,113455,3509,66,58,8,,,3444,6546,"0.1911","0.0133","0.0601","0.0238","0.4178","0.9096","0.9700","0.8788","0.9965","0.3447","""2026-03-26T02:35:36.000Z"""
"财经葛先生","7618576251854605091","美联储会议召开 黄金暴跌如何？","""2026-03-18T12:47:08.000Z""","""2026-03-18T13:50:49.000Z""",63,6818,5069,3662,3646,16,384,515,505,10,119,"183.00",333337,49538,15218,34320,1716,22,79,"5.5500","9.2700","1.4000",2038,1571,467,437474,426607,10867,223,171,52,,,0,,"0.1486","0.0346","0.0411","0.0104","0.3072","0.7709","0.9752","0.7668","0.9806","0.0000","""2026-03-26T02:36:13.000Z"""
"财经葛先生","7618527294381968179","A股科技领涨！黄金微跌！","""2026-03-18T09:37:24.000Z""","""2026-03-18T10:23:00.000Z""",45,2351,1811,511,440,71,136,229,224,5,24,"25.00",69756,12274,6324,5950,106,7,12,"5.9000","7.9000","0.9000",713,667,46,24768,23896,872,23,21,2,,,0,,"0.1760","0.0086","0.0581","0.0187","0.5152","0.9355","0.9648","0.9130","0.9782","0.0000","""2026-03-26T02:36:50.000Z"""
"财经葛先生","7618441906955062042","A股、黄金大跌！牛没了？","""2026-03-18T04:06:02.000Z""","""2026-03-18T05:05:14.000Z""",59,2736,2258,1403,1400,3,67,601,599,2,29,"70.00",82429,15437,8085,7352,137,9,17,"7.7300","9.6500","1.1300",1081,1002,79,37410,36788,622,33,30,3,,,0,,"0.1873","0.0089","0.0700","0.0389","0.5237","0.9269","0.9834","0.9091","0.9967","0.0000","""2026-03-26T02:37:27.000Z"""
"财经葛先生","7618154774584019762","注意!!! A股暴跌！加仓？逃跑？","""2026-03-17T09:31:53.000Z""","""2026-03-17T10:23:32.000Z""",51,2072,1683,1194,1191,3,26,242,240,2,15,"59.00",102628,12493,6412,6081,84,6,9,"6.1800","7.8200","1.2800",853,765,88,20607,20372,235,21,20,1,,,0,,"0.1217","0.0067","0.0683","0.0194","0.5132","0.8968","0.9886","0.9524","0.9917","0.0000","""2026-03-26T02:38:03.000Z"""
"财经葛先生","7618069773691259675","A股、黄金反弹！终于要涨了吗？","""2026-03-17T04:01:56.000Z""","""2026-03-17T05:00:32.000Z""",58,2583,2144,2103,2102,1,107,557,556,1,21,"105.00",71819,14000,7637,6363,105,5,14,"8.2000","9.9300","1.0300",908,854,54,62237,61945,292,41,40,1,,,0,,"0.1949","0.0075","0.0649","0.0398","0.5455","0.9405","0.9953","0.9756","0.9982","0.0000","""2026-03-26T02:38:39.000Z"""
"财经葛先生","7617783330771110702","黄金走弱，有色暴跌，A 股如何布局？","""2026-03-16T09:30:18.000Z""","""2026-03-16T10:25:53.000Z""",55,3912,2886,1110,1101,9,80,442,436,6,56,"55.00",147458,24524,8904,15620,625,11,38,"5.6700","9.5200","1.2500",1870,1611,259,80856,79123,1733,53,46,7,,,0,,"0.1663","0.0255","0.0763","0.0180","0.3631","0.8615","0.9786","0.8679","0.9864","0.0000","""2026-03-26T02:39:17.000Z"""
"财经葛先生","7617698096193030958","黄金、A股暴跌！到底咋了？","""2026-03-16T03:59:30.000Z""","""2026-03-16T04:59:54.000Z""",60,3257,2556,2072,2068,4,49,879,876,3,27,"103.00",100130,16101,8513,7588,181,7,15,"8.7200","11.3800","1.1800",689,636,53,51783,51521,262,67,64,3,,,0,,"0.1608","0.0112","0.0428","0.0546","0.5287","0.9231","0.9949","0.9552","0.9966","0.0000","""2026-03-26T02:39:53.000Z"""
"财经葛先生","7616671041875708718","黄金、A股断崖下跌！到底咋了？","""2026-03-13T09:34:07.000Z""","""2026-03-13T10:24:21.000Z""",50,3241,2591,958,953,5,59,329,326,3,44,"47.00",137339,19152,7639,11513,379,9,24,"5.9500","9.2800","1.3000",1290,1113,177,36109,35817,292,49,42,7,,,0,,"0.1395","0.0198","0.0674","0.0172","0.3989","0.8628","0.9919","0.8571","0.9909","0.0000","""2026-03-26T02:40:31.000Z"""
"财经葛先生","7616586440104889126","黄金 A股 关键节点 短线如何","""2026-03-13T04:05:50.000Z""","""2026-03-13T05:03:16.000Z""",57,2287,1841,2364,2364,0,30,537,537,0,22,"118.00",49656,10161,6844,3317,48,6,10,"9.5800","9.7000","1.0500",447,422,25,45836,44676,1160,23,23,0,,,0,,"0.2046","0.0047","0.0440","0.0528","0.6736","0.9441","0.9747","1.0000","1.0000","0.0000","""2026-03-26T02:41:09.000Z"""
"财经葛先生","7616349782214298383","黄金 A股 关键节点 短线如何","""2026-03-12T12:47:22.000Z""","""2026-03-12T13:52:03.000Z""",64,2032,1662,2239,2237,2,246,440,439,1,38,"111.00",96839,18892,7916,10976,128,10,25,"4.7700","7.3000","0.4000",582,556,26,241323,238928,2395,31,31,0,,,0,,"0.1951","0.0068","0.0308","0.0233","0.4190","0.9553","0.9901","1.0000","0.9977","0.0000","""2026-03-26T02:41:44.000Z"""
"财经葛先生","7616202916785392419","黄金 A股 关键节点 短线如何","""2026-03-12T03:17:48.000Z""","""2026-03-12T04:17:34.000Z""",59,2806,2273,2184,2181,3,75,681,679,2,44,"109.00",126298,19784,7889,11895,209,10,30,"6.1000","9.6500","0.8200",958,874,84,218867,214925,3942,33,28,5,,,0,,"0.1566","0.0106","0.0484","0.0344","0.3988","0.9123","0.9820","0.8485","0.9971","0.0000","""2026-03-26T02:42:56.000Z"""
"财经葛先生","7615967490429946639","今夜CPI 公布 黄金 A股？","""2026-03-11T12:03:48.000Z""","""2026-03-11T13:15:23.000Z""",71,4159,2570,2193,2187,6,198,499,495,4,49,"109.00",146915,26975,11285,15690,294,22,31,"5.8300","7.6800","0.6800",923,796,127,572440,559319,13121,101,91,10,,,0,,"0.1836","0.0109","0.0342","0.0185","0.4184","0.8624","0.9771","0.9010","0.9920","0.0000","""2026-03-26T02:43:31.000Z"""
"财经葛先生","7615831541628832538","黄金、白银、原油、A股，反攻真的要来了吗？","""2026-03-11T03:16:27.000Z""","""2026-03-11T04:04:29.000Z""",48,2700,2152,1829,1826,3,43,544,542,2,27,"91.00",93488,14342,6395,7947,154,9,16,"6.4800","9.1800","0.7800",318,282,36,52177,51927,250,33,30,3,,,0,,"0.1534","0.0107","0.0222","0.0379","0.4459","0.8868","0.9952","0.9091","0.9963","0.0000","""2026-03-26T02:44:07.000Z"""
"财经葛先生","7615557057640024882","冲突基本结束！A股、黄金要起飞?","""2026-03-10T09:31:24.000Z""","""2026-03-10T10:22:10.000Z""",50,2467,2065,918,918,0,50,350,350,0,36,"45.00",122440,16874,6750,10124,170,12,23,"5.4200","8.7000","0.9200",389,347,42,42686,42253,433,39,34,5,,,0,,"0.1378","0.0101","0.0231","0.0207","0.4000","0.8920","0.9899","0.8718","1.0000","0.0000","""2026-03-26T02:44:44.000Z"""
"财经葛先生","7615461163698588442","A股黄金暴力拉升！能上车？","""2026-03-10T03:19:19.000Z""","""2026-03-10T04:07:26.000Z""",48,2686,2285,1736,1730,6,51,636,633,3,33,"86.00",104418,16087,6754,9333,135,8,20,"6.0200","9.0500","0.7300",365,333,32,38454,37644,810,37,32,5,,,0,,"0.1541","0.0084","0.0227","0.0395","0.4198","0.9123","0.9789","0.8649","0.9953","0.0000","""2026-03-26T02:45:21.000Z"""
"财经葛先生","7615186481795124006","A股黄金暴跌！该咋办啊？","""2026-03-09T09:33:17.000Z""","""2026-03-09T10:23:41.000Z""",50,3002,2335,1141,1136,5,24,374,370,4,17,"57.00",156759,23565,7356,16209,181,9,11,"4.1300","8.1500","0.7200",313,275,38,50419,48873,1546,33,28,5,,,0,,"0.1503","0.0077","0.0133","0.0159","0.3122","0.8786","0.9693","0.8485","0.9893","0.0000","""2026-03-26T02:45:57.000Z"""
"财经葛先生","7615089151255366409","A股黄金暴跌！该咋办啊？","""2026-03-09T03:15:48.000Z""","""2026-03-09T04:10:23.000Z""",54,4920,3501,4349,4340,9,223,1038,1033,5,66,"217.00",275251,45392,8695,36697,385,11,34,"3.4000","10.6300","0.6200",843,731,112,428712,409047,19665,91,68,23,,,0,,"0.1649","0.0085","0.0186","0.0229","0.1916","0.8671","0.9541","0.7473","0.9952","0.0000","""2026-03-26T02:46:34.000Z"""
"财经葛先生","7614124052862012194","今夜非农公布 黄金 白银 如何","""2026-03-06T12:50:18.000Z""","""2026-03-06T14:35:59.000Z""",105,8545,5232,5995,5762,233,580,890,762,128,226,"299.00",685377,111001,16647,94354,2901,57,133,"4.0200","10.1200","1.1800",3147,1840,1307,2036152,1634262,401890,352,177,175,,,4937,11710,"0.1620","0.0261","0.0284","0.0080","0.1500","0.5847","0.8026","0.5028","0.8562","0.2966","""2026-03-06T14:50:27.000Z"""
"财经葛先生","7613972269643139878","行情大反攻！黄金今夜暗藏惊人变数？","""2026-03-06T03:01:25.000Z""","""2026-03-06T03:53:19.000Z""",51,2617,2184,1424,1419,5,54,584,580,4,31,"71.00",160670,18552,7188,11364,240,12,20,"5.3500","8.2500","0.9300",971,829,142,124179,118632,5547,38,29,9,,,2951,4237,"0.1155","0.0129","0.0523","0.0315","0.3875","0.8538","0.9553","0.7632","0.9932","0.4105","""2026-03-06T07:27:52.000Z"""
"财经葛先生","7613701609989622579","黄金、白银、原油、A股，反攻真的要来了吗","""2026-03-05T09:31:13.000Z""","""2026-03-05T10:24:53.000Z""",53,2926,2276,728,722,6,59,311,307,4,32,"36.00",174410,23272,7657,15615,383,17,20,"4.3800","8.1300","0.9200",1109,933,176,170036,164431,5605,59,36,23,,,2875,4782,"0.1334","0.0165","0.0477","0.0134","0.3290","0.8413","0.9670","0.6102","0.9871","0.3755","""2026-03-06T07:28:26.000Z"""
"财经葛先生","7613601610702326537","黄金、白银、A股大反攻！该上车了吗？","""2026-03-05T03:03:09.000Z""","""2026-03-05T04:03:42.000Z""",60,2522,2025,2226,2221,5,182,709,707,2,57,"111.00",123501,17810,7493,10317,166,13,40,"6.0200","9.1500","0.7500",1024,942,82,48849,48524,325,66,59,7,,,2936,4557,"0.1442","0.0093","0.0575","0.0398","0.4207","0.9199","0.9933","0.8939","0.9972","0.3918","""2026-03-06T07:29:01.000Z"""
"财经葛先生","7613330636102798130","黄金、A股大幅波动！到底咋办？","""2026-03-04T09:31:36.000Z""","""2026-03-04T10:25:28.000Z""",53,2627,2202,891,889,2,33,268,267,1,22,"44.00",148234,21124,7579,13545,226,10,15,"4.8200","8.4200","0.7700",871,775,96,166442,163101,3341,39,31,8,,,2835,4744,"0.1425","0.0107","0.0412","0.0127","0.3588","0.8898","0.9799","0.7949","0.9963","0.3741","""2026-03-06T07:29:36.000Z"""
"财经葛先生","7613234586814090011","黄金、A股大幅波动！到底咋办？","""2026-03-04T03:19:04.000Z""","""2026-03-04T04:02:02.000Z""",42,2860,2458,1813,1810,3,33,556,554,2,26,"90.00",204125,20758,7386,13372,200,19,12,"4.3800","7.6700","0.5800",1015,918,97,106649,100358,6291,48,40,8,,,2985,4401,"0.1017","0.0096","0.0489","0.0268","0.3558","0.9044","0.9410","0.8333","0.9964","0.4041","""2026-03-06T07:30:11.000Z"""
"财经葛先生","7613021508792814370","黄金、白银、暴跌怎么办？","""2026-03-03T13:32:01.000Z""","""2026-03-03T15:28:44.000Z""",116,10264,7214,8716,8645,71,1259,1140,1108,32,384,"435.00",1388616,224164,23620,200544,5771,59,262,"2.8200","11.7700","0.6700",4157,2987,1170,3171538,3019326,152212,518,371,147,,,5537,18083,"0.1614","0.0257","0.0185","0.0051","0.1054","0.7185","0.9520","0.7162","0.9719","0.2344","""2026-03-06T07:30:46.000Z"""
"财经葛先生","7612960447645469449","黄金、白银、A股怎么了？想听！","""2026-03-03T09:35:07.000Z""","""2026-03-03T10:31:54.000Z""",56,5810,4286,1184,1162,22,321,359,347,12,82,"59.00",605534,69396,10266,59130,1246,14,51,"2.6300","8.7800","0.6800",1489,1093,396,368011,352047,15964,123,72,51,,,3430,6836,"0.1146","0.0180","0.0215","0.0052","0.1479","0.7340","0.9566","0.5854","0.9666","0.3341","""2026-03-06T07:31:20.000Z"""
"财经葛先生","7612861232449686282","黄金震荡！A股大跌！","""2026-03-03T03:10:13.000Z""","""2026-03-03T04:15:25.000Z""",65,2842,2202,3668,3665,3,88,701,698,3,43,"183.00",179702,19935,7759,12176,213,21,26,"6.3300","10.3000","0.6700",1070,975,95,424356,414615,9741,42,34,8,,,3436,4323,"0.1109","0.0107","0.0537","0.0352","0.3892","0.9112","0.9770","0.8095","0.9957","0.4428","""2026-03-06T07:31:55.000Z"""
"财经葛先生","7612589955080244006","地缘冲突！黄金、白银、a股怎么办？","""2026-03-02T09:37:24.000Z""","""2026-03-02T10:32:34.000Z""",55,3521,2742,1686,1671,15,95,408,398,10,52,"84.00",254735,32875,8132,24743,401,16,28,"3.7500","9.3200","0.5700",1042,919,123,427904,416028,11876,56,43,13,,,3386,4746,"0.1291","0.0122","0.0317","0.0124","0.2474","0.8820","0.9722","0.7679","0.9755","0.4164","""2026-03-06T07:32:29.000Z"""
"财经葛先生","7612488762118998811","地缘冲突！黄金、白银、a股怎么办？","""2026-03-02T03:04:52.000Z""","""2026-03-02T04:08:54.000Z""",64,3220,2531,2888,2867,21,62,852,847,5,36,"144.00",183525,18710,8793,9917,256,11,13,"7.8700","9.9700","0.9700",1268,1179,89,730757,715612,15145,103,87,16,,,3818,4975,"0.1019","0.0137","0.0678","0.0455","0.4700","0.9298","0.9793","0.8447","0.9941","0.4342","""2026-03-06T07:33:03.000Z"""
"财经葛先生","7612257302585985826","大美突袭 黄金 A股 原油","""2026-03-01T12:06:21.000Z""","""2026-03-01T13:17:38.000Z""",71,3376,2744,4225,4220,5,291,1080,1077,3,90,"211.00",157388,25376,10241,15135,375,24,51,"6.8000","11.6500","0.8500",981,880,101,647440,630840,16600,139,133,6,,,3971,6270,"0.1612","0.0148","0.0387","0.0426","0.4036","0.8970","0.9744","0.9568","0.9972","0.3878","""2026-03-06T07:33:38.000Z"""
"财经葛先生","7611913805508922127","财经葛先生正在直播","""2026-02-28T13:53:32.000Z""","""2026-02-28T15:28:24.000Z""",94,4504,3310,7656,7092,564,563,1553,1544,9,184,"382.00",196743,48216,13021,35195,721,42,129,"5.5800","13.0700","0.7500",1474,1325,149,1032148,1015410,16738,180,162,18,,,4802,8219,"0.2451","0.0150","0.0306","0.0322","0.2701","0.8989","0.9838","0.9000","0.9942","0.3688","""2026-03-06T07:34:12.000Z"""
"财经葛先生","7611029632099928884","黄金反弹 A股后市如何","""2026-02-26T04:42:46.000Z""","""2026-02-26T06:09:06.000Z""",86,2002,1564,2768,2765,3,96,952,950,2,61,"138.00",117765,13907,7813,6094,252,15,39,"8.8000","9.3200","1.0500",962,910,52,74620,73685,935,25,24,1,,,0,,"0.1181","0.0181","0.0692","0.0685","0.5618","0.9459","0.9875","0.9600","0.9979","0.0000","""2026-03-06T07:34:50.000Z"""
"财经葛先生","7610042022677826344","黄金反弹 恒生高开A股后市如何","""2026-02-23T12:50:04.000Z""","""2026-02-23T13:49:19.000Z""",59,2261,1765,6541,6105,436,470,1077,1072,5,45,"327.00",84567,15497,7705,7792,109,12,23,"5.8200","8.5000","0.6500",657,629,28,60838,60406,432,76,73,3,,,0,,"0.1833","0.0070","0.0424","0.0695","0.4972","0.9574","0.9929","0.9605","0.9954","0.0000","""2026-03-06T07:36:00.000Z"""
"财经葛先生","7608181935181024035","黄金剧烈调整 A股年后舞力全开","""2026-02-18T12:31:58.000Z""","""2026-02-18T14:13:23.000Z""",101,2700,1390,4897,4894,3,191,939,937,2,47,"244.00",179853,26151,7807,18344,224,7,20,"4.4700","9.7800","0.6300",642,585,57,74346,73933,413,45,39,6,,,0,,"0.1454","0.0086","0.0245","0.0359","0.2985","0.9112","0.9944","0.8667","0.9979","0.0000","""2026-03-06T07:36:34.000Z"""
"财经葛先生","7606337562029951744","CPI今夜来袭黄金是涨是跌？","""2026-02-13T13:14:53.000Z""","""2026-02-13T14:32:47.000Z""",77,5015,3307,7115,7108,7,153,670,668,2,82,"355.00",236665,34600,12401,22199,748,25,53,"6.5200","9.9000","1.0300",1511,1266,245,427309,411844,15465,107,85,22,,,0,,"0.1462","0.0216","0.0437","0.0194","0.3584","0.8379","0.9638","0.7944","0.9970","0.0000","""2026-03-06T07:37:09.000Z"""
"财经葛先生","7606177405870312219","黄金、A股暴跌！机会还是陷阱？","""2026-02-13T02:53:31.000Z""","""2026-02-13T03:49:05.000Z""",55,2985,2471,2502,2487,15,179,654,644,10,60,"125.00",229448,24097,7462,16635,372,8,35,"4.9700","9.4200","0.9800",1134,987,147,539214,520332,18882,49,39,10,,,0,,"0.1050","0.0154","0.0471","0.0271","0.3097","0.8704","0.9650","0.7959","0.9847","0.0000","""2026-03-06T07:37:44.000Z"""
"财经葛先生","7605912103723043610","黄金、A股横盘震荡！横久必暴跌？","""2026-02-12T09:44:18.000Z""","""2026-02-12T10:33:00.000Z""",48,2333,1931,1624,1605,19,50,342,327,15,36,"81.00",121264,18338,5675,12663,195,10,25,"4.3800","9.0500","0.9800",773,665,108,115163,110563,4600,30,23,7,,,2539,3136,"0.1512","0.0106","0.0422","0.0186","0.3095","0.8603","0.9601","0.7667","0.9561","0.4474","""2026-02-12T14:50:38.000Z"""
"财经葛先生","7605807922546854682","黄金、A股横盘震荡！横久必暴跌？","""2026-02-12T02:59:49.000Z""","""2026-02-12T03:50:17.000Z""",50,2744,2181,1668,1551,117,47,567,552,15,32,"83.00",148852,18518,6253,12265,161,6,26,"5.1800","9.2300","0.9000",944,813,131,324697,314197,10500,35,24,11,,,3113,3140,"0.1244","0.0087","0.0510","0.0306","0.3377","0.8612","0.9677","0.6857","0.9735","0.4978","""2026-02-12T14:51:16.000Z"""
"财经葛先生","7605594081380584207","黄金、A股回升！要不要持仓过节？","""2026-02-11T13:09:43.000Z""",,99,11230,7156,13089,9836,3253,4478,1756,1286,470,741,"0.00",651216,113462,14772,98690,5655,61,621,"5.2800","8.8800","1.5200",3778,1970,1808,3201997,2707399,494598,424,196,228,,,5374,9366,"0.1742","0.0498","0.0333","0.0155","0.1302","0.5214","0.8455","0.4623","0.7323","0.3638","""2026-02-11T14:51:27.000Z"""
"财经葛先生","7605437097306016539","黄金、A股回升！要不要持仓过节？","""2026-02-11T03:00:33.000Z""","""2026-02-11T03:53:49.000Z""",53,2709,2261,3337,3265,72,171,778,738,40,97,"166.00",119709,16763,5748,11015,272,7,78,"6.4000","11.3000","1.2200",1013,873,140,214173,201954,12219,31,23,8,,,2898,2850,"0.1400","0.0162","0.0604","0.0464","0.3429","0.8618","0.9429","0.7419","0.9486","0.5042","""2026-02-11T14:52:42.000Z"""
"财经葛先生","7605167124713065226","黄金价格重返5000！是陷阱？还是冲锋号","""2026-02-10T09:33:08.000Z""","""2026-02-10T10:28:51.000Z""",55,2289,1835,3063,3048,15,76,436,425,11,39,"153.00",145577,14619,5669,8950,146,6,24,"6.2200","10.4500","1.1300",993,887,106,315538,306324,9214,51,32,19,,,2837,2832,"0.1004","0.0100","0.0679","0.0298","0.3878","0.8933","0.9708","0.6275","0.9748","0.5004","""2026-02-10T14:51:10.000Z"""
"财经葛先生","7605066313299512102","黄金价格重返5000！是陷阱？还是冲锋号","""2026-02-10T03:01:54.000Z""","""2026-02-10T03:51:41.000Z""",49,3382,2492,2914,2845,69,181,767,731,36,95,"145.00",192062,20144,6100,14044,401,8,68,"5.4200","10.0300","1.2000",1282,1063,219,191849,178559,13290,51,36,15,,,3042,3056,"0.1049","0.0199","0.0636","0.0381","0.3028","0.8292","0.9307","0.7059","0.9531","0.4987","""2026-02-10T07:20:48.000Z"""
"财经葛先生","7604796745125825326","黄金价格重返5000！是陷阱？还是冲锋号","""2026-02-09T09:35:53.000Z""","""2026-02-09T10:24:23.000Z""",48,5071,3832,3905,3875,30,391,645,638,7,102,"195.00",456784,47397,8129,39268,1160,13,72,"3.1200","10.3300","0.6800",1667,1380,287,423166,407665,15501,69,44,25,,,3267,4862,"0.1038","0.0245","0.0352","0.0136","0.1715","0.8278","0.9634","0.6377","0.9891","0.4019","""2026-02-10T07:21:25.000Z"""
"财经葛先生","7604694959245331250","过年前，黄金还能涨吗","""2026-02-09T03:00:42.000Z""","""2026-02-09T03:51:57.000Z""",51,4226,3354,4691,4670,21,279,1122,1110,12,116,"234.00",346269,39511,8024,31487,939,11,74,"3.5200","9.7500","0.6200",1217,1021,196,89548,87655,1893,79,56,23,,,3493,4531,"0.1141","0.0238","0.0308","0.0284","0.2031","0.8389","0.9789","0.7089","0.9893","0.4353","""2026-02-10T07:22:00.000Z"""
"财经葛先生","7603685973809056563","过年前，黄金还能涨吗","""2026-02-06T09:45:26.000Z""","""2026-02-06T10:38:23.000Z""",52,6104,4496,2763,2732,31,353,754,744,10,205,"138.00",519034,65002,9749,55253,1654,11,168,"2.8200","10.4000","0.7200",2021,1637,384,457611,442828,14783,128,89,39,,,3825,5924,"0.1252","0.0254","0.0311","0.0116","0.1500","0.8100","0.9677","0.6953","0.9867","0.3923","""2026-02-10T07:22:37.000Z"""
"财经葛先生","7603581596985576192","过年前，黄金还能涨吗","""2026-02-06T03:00:13.000Z""","""2026-02-06T03:45:17.000Z""",45,5109,4004,3861,3854,7,260,754,750,4,97,"193.00",432323,48296,8103,40193,1046,7,76,"2.9000","9.2200","0.6300",1583,1292,291,64304,62151,2153,86,55,31,,,3374,4729,"0.1117","0.0217","0.0328","0.0156","0.1678","0.8162","0.9665","0.6395","0.9947","0.4164","""2026-02-10T07:25:04.000Z"""
"财经葛先生","7603311209446066990","黄金、A股暴跌！节前还有机会吗？","""2026-02-05T09:31:08.000Z""","""2026-02-05T10:16:14.000Z""",45,5307,4393,2321,2302,19,255,580,572,8,158,"116.00",438828,53053,8428,44625,1544,14,131,"2.9000","10.7800","0.6300",1797,1492,305,78558,76465,2093,95,72,23,,,3388,5040,"0.1209","0.0291","0.0339","0.0109","0.1589","0.8303","0.9734","0.7579","0.9862","0.4020","""2026-02-10T07:25:40.000Z"""
"财经葛先生","7603210650680167177","黄金、A股暴跌！节前还有机会吗？","""2026-02-05T03:00:51.000Z""","""2026-02-05T03:48:29.000Z""",47,5302,3737,3083,3079,4,403,932,928,4,193,"154.00",299401,35122,7826,27296,1186,12,162,"4.4000","10.5300","0.8300",1508,1289,219,192944,189112,3832,81,73,8,,,3389,4437,"0.1173","0.0338","0.0429","0.0265","0.2228","0.8548","0.9801","0.9012","0.9957","0.4330","""2026-02-10T07:26:18.000Z"""
"财经葛先生","7602940224053889802","黄金A股见底，应该怎么操作？","""2026-02-04T09:31:26.000Z""","""2026-02-04T10:27:11.000Z""",55,4154,3355,2561,2554,7,376,471,465,6,128,"128.00",340716,46761,7465,39296,796,11,100,"3.1700","12.2500","0.5800",1070,900,170,75071,72729,2342,98,71,27,,,3308,4157,"0.1372","0.0170","0.0229","0.0101","0.1596","0.8411","0.9688","0.7245","0.9873","0.4431","""2026-02-10T07:26:59.000Z"""
"财经葛先生","7602837922236205862","黄金白银 A股反弹！机会来临？","""2026-02-04T02:54:44.000Z""","""2026-02-04T04:00:35.000Z""",65,4086,3096,3390,3381,9,180,816,810,6,97,"169.00",343130,37891,8226,29665,738,7,76,"4.5300","11.3200","0.8500",1142,920,222,80865,79169,1696,98,64,34,,,3813,4413,"0.1104","0.0195","0.0301","0.0215","0.2171","0.8056","0.9790","0.6531","0.9926","0.4635","""2026-02-10T07:27:37.000Z"""
"财经葛先生","7602568720113290034","黄金白银 A股反弹！机会来临？","""2026-02-03T09:29:52.000Z""","""2026-02-03T10:34:40.000Z""",64,6210,4264,4853,4824,29,597,1101,1085,16,357,"242.00",647810,63355,9740,53615,1871,21,294,"3.5200","12.7700","0.8300",1616,1259,357,162553,158870,3683,130,92,38,,,4072,5668,"0.0978","0.0295","0.0255","0.0174","0.1537","0.7791","0.9773","0.7077","0.9855","0.4181","""2026-02-10T07:28:52.000Z"""
"财经葛先生","7602468504347904814","黄金白银 A股反弹！机会来临？","""2026-02-03T03:00:57.000Z""","""2026-02-03T03:57:26.000Z""",56,5154,3479,5504,5485,19,181,924,912,12,110,"275.00",517388,46399,7826,38573,1056,9,80,"3.4300","11.1200","0.6800",839,673,166,88365,87264,1101,91,60,31,,,3637,4189,"0.0897","0.0228","0.0181","0.0199","0.1687","0.8021","0.9875","0.6593","0.9870","0.4647","""2026-02-10T07:29:28.000Z"""
"财经葛先生","7602198205677243145","黄金、A股暴跌！今天咋办？","""2026-02-02T09:32:06.000Z""","""2026-02-02T10:29:17.000Z""",57,2462,2044,4568,4568,0,31,415,415,0,30,"228.00",14542,5853,5781,72,19,1,11,"18.9700","13.0000","9.0500",1235,1229,6,84419,84415,4,62,62,0,,,0,,"0.4025","0.0032","0.2110","0.0709","0.9877","0.9951","1.0000","1.0000","1.0000","0.0000","""2026-02-10T07:30:04.000Z"""
"财经葛先生","7602098008892934958","黄金、有色暴跌！今天咋办？","""2026-02-02T03:03:20.000Z""","""2026-02-02T04:09:20.000Z""",66,2509,2173,6103,6103,0,126,901,901,0,69,"305.00",15106,6433,6288,145,18,7,38,"21.3300","13.8800","5.4700",1320,1315,5,159016,159016,0,77,77,0,,,0,,"0.4259","0.0028","0.2052","0.1401","0.9775","0.9962","1.0000","1.0000","1.0000","0.0000","""2026-02-10T07:30:40.000Z"""
"财经葛先生","7602043791982791458","黄金A股出现剧烈回调 如何操作","""2026-02-01T23:33:26.000Z""","""2026-02-02T00:36:02.000Z""",62,1975,1597,7665,7662,3,160,1021,1019,2,87,"383.00",13308,4808,4743,65,20,3,64,"19.8000","14.8000","6.0800",744,742,2,119937,119644,293,46,46,0,,,0,,"0.3613","0.0042","0.1547","0.2124","0.9865","0.9973","0.9976","1.0000","0.9980","0.0000","""2026-02-10T07:31:31.000Z"""
"财经葛先生","7601312236216290083","黄金A股出现剧烈回调","""2026-01-31T00:14:20.000Z""","""2026-01-31T00:45:24.000Z""",31,2024,1545,4015,4005,10,74,444,439,5,54,"200.00",8617,3548,3445,103,31,0,34,"13.0500","11.2700","6.4800",581,577,4,59664,59664,0,54,54,0,,,0,,"0.4117","0.0087","0.1638","0.1251","0.9710","0.9931","1.0000","1.0000","0.9887","0.0000","""2026-02-10T07:32:27.000Z"""
"财经葛先生","7601148213110164239","黄金A股出现剧烈回调","""2026-01-30T13:37:32.000Z""","""2026-01-30T15:29:28.000Z""",111,3672,2997,27464,27461,3,316,954,951,3,171,"1373.00",21483,8442,8240,202,90,17,115,"39.0800","23.6300","13.5800",1904,1887,17,409246,404563,4683,241,237,4,,,0,,"0.3930","0.0107","0.2255","0.1130","0.9761","0.9911","0.9886","0.9834","0.9969","0.0000","""2026-02-10T07:33:09.000Z"""
"财经葛先生","7601083209430174515","黄金A股出现剧烈回调","""2026-01-30T09:25:18.000Z""","""2026-01-30T10:26:15.000Z""",60,2343,1833,9876,9874,2,77,620,619,1,46,"493.00",13289,5080,5003,77,39,6,27,"21.0700","14.9200","9.0700",868,861,7,136648,135898,750,98,98,0,,,0,,"0.3823","0.0077","0.1709","0.1220","0.9848","0.9919","0.9945","1.0000","0.9984","0.0000","""2026-02-10T07:33:48.000Z"""
"财经葛先生","7600984090720193331","黄金A股出现剧烈回调","""2026-01-30T03:00:31.000Z""","""2026-01-30T04:02:59.000Z""",62,1994,1720,4610,4610,0,70,905,905,0,47,"230.00",14154,5355,5259,96,45,13,32,"19.5500","13.0000","7.6000",869,866,3,92303,92301,2,83,83,0,,,0,,"0.3783","0.0084","0.1623","0.1690","0.9821","0.9965","1.0000","1.0000","1.0000","0.0000","""2026-02-10T07:34:23.000Z"""
"财经葛先生","7600715333619436314","黄金暴涨！有色下跌！今天咋办？","""2026-01-29T09:37:51.000Z""","""2026-01-29T10:29:26.000Z""",51,1823,1539,7266,7266,0,24,552,552,0,19,"363.00",13008,4622,4519,103,12,5,9,"16.5200","12.1800","3.7800",1022,1016,6,90078,90078,0,66,66,0,,,0,,"0.3553","0.0026","0.2211","0.1194","0.9777","0.9941","1.0000","1.0000","1.0000","0.0000","""2026-02-10T07:35:00.000Z"""
"财经葛先生","7600615378712447790","黄金暴涨！有色下跌！今天咋办？","""2026-01-29T03:10:07.000Z""","""2026-01-29T04:00:21.000Z""",50,1877,1559,5819,5819,0,51,851,851,0,35,"290.00",14727,4571,4407,164,27,0,16,"16.3300","11.3800","4.1200",1016,1007,9,83283,83234,49,51,51,0,,,0,,"0.3104","0.0059","0.2223","0.1862","0.9641","0.9911","0.9994","1.0000","1.0000","0.0000","""2026-02-10T07:35:37.000Z"""
"财经葛先生","7600242048603720499","黄金破5200、A股反弹！还能买吗？","""2026-01-28T03:01:12.000Z""","""2026-01-28T03:54:37.000Z""",53,1729,1433,7908,7908,0,70,593,593,0,22,"395.00",10175,4110,4036,74,17,5,12,"17.7000","11.6000","5.1700",844,842,2,108411,108389,22,44,43,1,,,0,,"0.4039","0.0041","0.2054","0.1443","0.9820","0.9976","0.9998","0.9773","1.0000","0.0000","""2026-02-10T07:36:14.000Z"""
"财经葛先生","7600192727988374312","黄金破5000！A股震荡！咋办","""2026-01-27T23:50:16.000Z""","""2026-01-28T00:43:23.000Z""",53,2055,1469,6336,6332,4,157,530,526,4,58,"316.00",65540,6355,3628,2727,243,4,51,"11.3500","13.1800","2.3800",517,477,40,79394,79275,119,72,62,10,,,0,,"0.0970","0.0382","0.0814","0.0834","0.5709","0.9226","0.9985","0.8611","0.9925","0.0000","""2026-02-10T07:36:50.000Z"""
"财经葛先生","7599971783411845898","黄金破5000！A股震荡！咋办","""2026-01-27T09:32:32.000Z""","""2026-01-27T10:28:20.000Z""",55,1453,1237,4041,3980,61,52,477,476,1,11,"202.00",10933,3854,3773,81,15,7,4,"17.0300","12.3300","5.6300",824,819,5,119474,118823,651,21,21,0,,,0,,"0.3525","0.0039","0.2138","0.1238","0.9790","0.9939","0.9946","1.0000","0.9979","0.0000","""2026-02-10T07:37:27.000Z"""
"财经葛先生","7599870405253499686","黄金破5000！A股震荡！咋办","""2026-01-27T02:59:04.000Z""","""2026-01-27T03:41:05.000Z""",42,1650,1335,5005,5005,0,16,600,600,0,13,"250.00",8842,3514,3479,35,6,0,2,"15.0500","10.3500","5.9500",861,859,2,60535,60533,2,26,25,1,,,0,,"0.3974","0.0017","0.2450","0.1707","0.9900","0.9977","1.0000","0.9615","1.0000","0.0000","""2026-02-10T07:38:10.000Z"""
"财经葛先生","7599603408802237193","黄金破5000！A股震荡！咋办","""2026-01-26T09:43:02.000Z""","""2026-01-26T10:31:46.000Z""",48,1558,1371,7581,7581,0,27,485,485,0,19,"379.00",10644,3781,3724,57,11,6,10,"16.7200","12.4700","3.5300",888,883,5,114058,114058,0,42,42,0,,,0,,"0.3552","0.0029","0.2349","0.1283","0.9849","0.9944","1.0000","1.0000","1.0000","0.0000","""2026-02-10T07:39:04.000Z"""
"财经葛先生","7599499707786054446","黄金破5000！A股震荡！咋办","""2026-01-26T03:00:22.000Z""","""2026-01-26T03:56:51.000Z""",56,4165,3176,10150,10137,13,563,1596,1588,8,327,"507.00",559043,48350,7813,40537,1506,19,282,"2.8500","10.4500","0.4800",1949,1695,254,509616,502643,6973,209,140,69,,,0,,"0.0865","0.0311","0.0403","0.0330","0.1616","0.8697","0.9863","0.6699","0.9950","0.0000","""2026-02-10T07:40:35.000Z"""
"财经葛先生","7598546655796316928","黄金逼近5000！A股震荡！咋办","""2026-01-23T13:22:07.000Z""","""2026-01-23T15:16:03.000Z""",113,1518,1302,7784,7784,0,80,726,726,0,46,"389.00",17746,5354,5266,88,15,12,17,"26.8300","16.9800","7.3200",959,951,8,198182,195113,3069,60,60,0,,,0,,"0.3017","0.0028","0.1791","0.1356","0.9836","0.9917","0.9845","1.0000","1.0000","0.0000","""2026-02-10T07:41:13.000Z"""
"财经葛先生","7598387492013902630","黄金逼近5000！A股震荡！咋办","""2026-01-23T03:04:35.000Z""","""2026-01-23T03:58:48.000Z""",54,1613,1335,5151,5145,6,37,774,772,2,21,"257.00",10222,3934,3890,44,7,4,9,"17.6800","11.8300","5.6800",815,812,3,70758,70636,122,39,38,1,,,0,,"0.3849","0.0018","0.2072","0.1967","0.9888","0.9963","0.9983","0.9744","0.9974","0.0000","""2026-02-10T07:41:49.000Z"""
"财经葛先生","7598174666789128960","黄金、A股回调！咋办？","""2026-01-22T13:18:33.000Z""","""2026-01-22T14:33:41.000Z""",75,1776,1455,4974,4974,0,27,501,501,0,20,"248.00",15378,4679,4608,71,11,14,15,"22.3800","13.4700","6.4200",597,588,9,124778,122426,2352,47,45,2,,,0,,"0.3043","0.0024","0.1276","0.1071","0.9848","0.9849","0.9812","0.9574","1.0000","0.0000","""2026-02-10T07:42:26.000Z"""
"财经葛先生","7598016101009214258","黄金、A股回调！咋办？","""2026-01-22T03:03:29.000Z""","""2026-01-22T03:56:12.000Z""",52,1747,1438,4267,4262,5,13,713,709,4,10,"213.00",11266,4249,4171,78,3,3,3,"17.0300","11.7300","5.7000",738,736,2,74794,74793,1,26,26,0,,,0,,"0.3772","0.0007","0.1737","0.1678","0.9816","0.9973","1.0000","1.0000","0.9944","0.0000","""2026-02-10T07:43:04.000Z"""
"财经葛先生","7597802624015977268","黄金破4800，A股回调！能追吗？","""2026-01-21T13:14:57.000Z""","""2026-01-21T14:32:29.000Z""",77,2047,1622,6963,6963,0,165,535,535,0,40,"348.00",16889,5280,5186,94,21,11,25,"22.9800","13.0000","5.6700",797,797,0,197091,197058,33,65,63,2,,,0,,"0.3126","0.0040","0.1509","0.1013","0.9822","1.0000","0.9998","0.9692","1.0000","0.0000","""2026-02-10T07:43:39.000Z"""
"财经葛先生","7597644969813281546","黄金破4800，A股回调！能追吗？","""2026-01-21T03:03:18.000Z""","""2026-01-21T03:50:00.000Z""",46,1688,1423,6419,6415,4,28,680,677,3,14,"320.00",10392,4394,4286,108,10,4,7,"14.6300","9.8300","8.3000",945,939,6,90282,90247,35,40,40,0,,,0,,"0.4228","0.0023","0.2151","0.1548","0.9754","0.9937","0.9996","1.0000","0.9956","0.0000","""2026-02-10T07:44:15.000Z"""
"财经葛先生","7597434074910706484","黄金新高、A股回调！后市如何操作？","""2026-01-20T13:24:42.000Z""","""2026-01-20T14:44:34.000Z""",79,3630,2918,13025,13011,14,1079,1178,1173,5,299,"651.00",299385,42848,10163,32685,1159,20,248,"4.5300","11.0500","0.5200",1491,1328,163,269256,267595,1661,125,111,14,,,0,,"0.1431","0.0270","0.0348","0.0275","0.2372","0.8907","0.9938","0.8880","0.9958","0.0000","""2026-02-10T07:44:51.000Z"""
"财经葛先生","7597272410903169842","黄金新高、A股回调！后市如何操作？","""2026-01-20T02:57:31.000Z""","""2026-01-20T03:50:08.000Z""",52,1566,1261,6074,5813,261,46,828,824,4,22,"303.00",9958,3830,3736,94,8,2,9,"16.8500","11.2500","12.9300",861,858,3,91230,91225,5,17,17,0,,,0,,"0.3846","0.0021","0.2248","0.2162","0.9755","0.9965","0.9999","1.0000","0.9952","0.0000","""2026-02-10T07:45:26.000Z"""
"财经葛先生","7596903303666223898","黄金新高、A股回调！后市如何操作？","""2026-01-19T03:05:13.000Z""","""2026-01-19T03:59:26.000Z""",54,1509,1275,4332,4332,0,20,733,733,0,16,"216.00",10491,4219,4142,77,10,3,6,"15.3500","10.5500","6.1500",926,924,2,99218,99216,2,65,64,1,,,0,,"0.4022","0.0024","0.2195","0.1737","0.9817","0.9978","1.0000","0.9846","1.0000","0.0000","""2026-02-10T07:46:02.000Z"""
"财经葛先生","7596854615849716495","黄金、白银、A股回调！后市如何操作？","""2026-01-18T23:56:48.000Z""","""2026-01-19T00:56:05.000Z""",59,1331,1145,8099,8097,2,27,870,868,2,17,"404.00",10371,3840,3688,152,10,2,7,"16.8200","12.6700","13.8500",474,468,6,129099,129028,71,57,57,0,,,0,,"0.3703","0.0026","0.1234","0.2266","0.9604","0.9873","0.9995","1.0000","0.9977","0.0000","""2026-02-10T07:46:38.000Z"""
"财经葛先生","7595950089233582848","黄金、白银、A股回调！后市如何操作？","""2026-01-16T13:26:07.000Z""","""2026-01-16T14:38:11.000Z""",72,1939,1670,9094,9094,0,133,629,629,0,31,"454.00",15372,5256,5167,89,22,10,15,"21.9700","14.4200","10.9800",833,830,3,222364,221892,472,79,79,0,,,0,,"0.3419","0.0042","0.1585","0.1197","0.9831","0.9964","0.9979","1.0000","1.0000","0.0000","""2026-02-10T07:47:15.000Z"""
"财经葛先生","7595867740393491209","黄金、白银、A股回调！后市如何操作？","""2026-01-16T08:06:37.000Z""","""2026-01-16T08:37:43.000Z""",31,196,131,239,239,0,5,95,95,0,4,"11.00",5986,1595,1565,30,1,4,1,"2.3300","1.7500","1.0500",73,71,2,5386,5386,0,5,5,0,,,0,,"0.2665","0.0006","0.0458","0.0596","0.9812","0.9726","1.0000","1.0000","1.0000","0.0000","""2026-02-10T07:47:52.000Z"""
"财经葛先生","7595790527904172838","黄金、白银、A股回调！后市如何操作？","""2026-01-16T03:07:01.000Z""","""2026-01-16T03:57:13.000Z""",50,1608,1268,6347,6347,0,33,742,742,0,19,"317.00",10165,3983,3919,64,8,3,10,"15.1800","10.5000","6.0700",899,898,1,101367,101330,37,35,35,0,,,0,,"0.3918","0.0020","0.2257","0.1863","0.9839","0.9989","0.9996","1.0000","1.0000","0.0000","""2026-02-10T07:48:28.000Z"""
"财经葛先生","7595578578843028258","黄金、A股回调！后市如何操作？","""2026-01-15T13:24:26.000Z""","""2026-01-15T14:38:20.000Z""",73,2058,1747,8239,8228,11,108,797,795,2,38,"411.00",16057,5318,5226,92,30,6,29,"23.3500","13.9800","9.4500",836,832,4,287776,287668,108,113,113,0,,,0,,"0.3312","0.0056","0.1572","0.1499","0.9827","0.9952","0.9996","1.0000","0.9975","0.0000","""2026-02-10T07:49:08.000Z"""
"财经葛先生","7595417705529297674","黄金、A股回调！后市如何操作？","""2026-01-15T03:00:12.000Z""","""2026-01-15T03:46:09.000Z""",45,1895,1535,5441,5441,0,44,747,747,0,32,"272.00",10465,4482,4400,82,5,3,15,"14.8700","9.6300","5.7500",1077,1072,5,56984,56913,71,36,36,0,,,0,,"0.4283","0.0011","0.2403","0.1667","0.9817","0.9954","0.9988","1.0000","1.0000","0.0000","""2026-02-10T07:49:48.000Z"""
"财经葛先生","7595208076202953487","黄金历史新高！应该如何操作？","""2026-01-14T13:26:43.000Z""","""2026-01-14T14:35:27.000Z""",68,2110,1740,11027,11026,1,2242,682,681,1,44,"551.00",16578,5667,5556,111,18,10,22,"20.3200","13.4000","7.5800",873,868,5,154946,151291,3655,64,63,1,,,0,,"0.3418","0.0032","0.1540","0.1203","0.9804","0.9943","0.9764","0.9844","0.9985","0.0000","""2026-02-10T07:50:27.000Z"""
"财经葛先生","7595046608233188123","黄金、A股反弹！要追吗？","""2026-01-14T03:00:10.000Z""","""2026-01-14T03:50:48.000Z""",50,1763,1402,5782,5781,1,63,787,786,1,36,"289.00",10225,4296,4209,87,13,5,17,"15.6700","11.0300","4.8300",1089,1087,2,88614,87127,1487,45,45,0,,,0,,"0.4201","0.0030","0.2535","0.1832","0.9797","0.9982","0.9832","1.0000","0.9987","0.0000","""2026-02-10T07:51:17.000Z"""
"财经葛先生","7594834347534863156","CPI数据公布黄金是涨？是跌？","""2026-01-13T13:16:27.000Z""","""2026-01-13T14:23:29.000Z""",67,1969,1641,14225,14225,0,289,867,867,0,102,"711.00",16570,5583,5485,98,24,12,70,"18.7500","11.2500","8.5700",926,922,4,214115,212283,1832,77,77,0,,,0,,"0.3369","0.0043","0.1659","0.1553","0.9824","0.9957","0.9914","1.0000","1.0000","0.0000","""2026-02-10T07:51:55.000Z"""
"财经葛先生","7594674999437364018","卫星暴跌!黄金调整！","""2026-01-13T02:58:17.000Z""","""2026-01-13T03:45:46.000Z""",47,1734,1274,6404,6404,0,60,872,872,0,38,"320.00",10373,4456,4373,83,11,4,22,"12.6800","9.0500","3.8700",1244,1243,1,81391,81162,229,45,45,0,,,0,,"0.4296","0.0025","0.2792","0.1957","0.9814","0.9992","0.9972","1.0000","1.0000","0.0000","""2026-02-10T07:52:31.000Z"""
"财经葛先生","7594465712060631848","黄金又破历史新高，能追吗？","""2026-01-12T13:26:02.000Z""","""2026-01-12T14:38:03.000Z""",72,2341,1910,9984,9828,156,177,974,972,2,84,"499.00",16664,6174,6092,82,26,5,45,"21.2700","12.9800","12.5500",970,967,3,97629,97232,397,101,100,1,,,0,,"0.3705","0.0042","0.1571","0.1578","0.9867","0.9969","0.9959","0.9901","0.9979","0.0000","""2026-02-10T07:53:06.000Z"""
"财经葛先生","7594303888962046754","黄金又破历史新高，能追吗？","""2026-01-12T02:58:17.000Z""","""2026-01-12T03:48:48.000Z""",50,1576,1142,6345,6345,0,48,1019,1019,0,28,"317.00",10427,3836,3776,60,4,5,12,"14.2200","9.8300","7.1500",439,438,1,64836,64835,1,35,35,0,,,0,,"0.3679","0.0010","0.1144","0.2656","0.9844","0.9977","1.0000","1.0000","1.0000","0.0000","""2026-02-10T07:53:52.000Z"""
"财经葛先生","7593348792671963919","黄金第3次提高保证金！后市是涨？是跌？","""2026-01-09T13:11:43.000Z""","""2026-01-09T14:46:14.000Z""",94,2729,2002,21537,21532,5,298,903,901,2,116,"1076.00",21188,7572,7348,224,36,13,84,"23.5800","14.1500","10.2000",1239,1227,12,281811,280740,1071,98,96,2,,,0,,"0.3574","0.0048","0.1636","0.1193","0.9704","0.9903","0.9962","0.9796","0.9978","0.0000","""2026-02-10T07:54:27.000Z"""
"财经葛先生","7593190156794940210","黄金第3次提高保证金！后市是涨？是跌？","""2026-01-09T02:56:24.000Z""","""2026-01-09T03:46:37.000Z""",50,1615,1324,4151,4149,2,35,688,686,2,22,"207.00",10738,3974,3917,57,4,3,6,"15.8800","11.1500","7.5700",363,362,1,205552,204318,1234,26,26,0,,,0,,"0.3701","0.0010","0.0913","0.1731","0.9857","0.9972","0.9940","1.0000","0.9971","0.0000","""2026-02-10T07:55:02.000Z"""
"财经葛先生","7592983656782318351","彭博商品指数调整，后市是涨？是","""2026-01-08T13:34:55.000Z""","""2026-01-08T14:43:54.000Z""",68,1903,1641,8074,8072,2,74,593,592,1,44,"403.00",15826,5391,5261,130,10,11,21,"20.1800","13.7300","9.5700",781,777,4,109125,108966,159,53,53,0,,,0,,"0.3406","0.0019","0.1449","0.1100","0.9759","0.9949","0.9985","1.0000","0.9983","0.0000","""2026-02-10T07:55:37.000Z"""
"财经葛先生","7592825140465781542","黄金接近历史新高，后市是涨？是跌？","""2026-01-08T03:19:54.000Z""","""2026-01-08T04:05:41.000Z""",45,1661,1352,2411,2411,0,41,481,481,0,24,"120.00",10354,3873,3815,58,10,6,9,"15.4000","11.3800","8.1700",443,439,4,97471,97467,4,23,23,0,,,0,,"0.3741","0.0026","0.1144","0.1242","0.9850","0.9910","1.0000","1.0000","1.0000","0.0000","""2026-02-10T07:56:12.000Z"""
"财经葛先生","7592773979673660175","黄金接近历史新高，后市是涨？是跌？","""2026-01-08T00:01:22.000Z""","""2026-01-08T00:46:29.000Z""",45,1303,1074,3420,3419,1,106,513,512,1,24,"171.00",9790,3140,3106,34,6,2,10,"14.7000","11.2700","7.2000",328,327,1,62203,62185,18,22,21,1,,,0,,"0.3207","0.0019","0.1045","0.1634","0.9892","0.9970","0.9997","0.9545","0.9981","0.0000","""2026-02-10T07:57:27.000Z"""
"财经葛先生","7592611575731637027","黄金接近历史新高，后市是涨？是跌？","""2026-01-07T13:30:59.000Z""","""2026-01-07T14:48:28.000Z""",77,2335,1979,15906,15903,3,1144,1011,1010,1,98,"795.00",18390,6464,6327,137,30,12,48,"22.7800","15.2800","11.3000",966,958,8,176841,176169,672,80,79,1,,,0,,"0.3515","0.0046","0.1494","0.1564","0.9788","0.9917","0.9962","0.9875","0.9990","0.0000","""2026-02-10T07:58:11.000Z"""
"财经葛先生","7592452351055776538","黄金接近历史新高，后市是涨？是跌？","""2026-01-07T03:13:17.000Z""","""2026-01-07T03:56:16.000Z""",42,1848,1546,5380,5375,5,84,779,775,4,36,"269.00",10356,4082,4011,71,7,6,10,"15.5800","11.6800","9.6000",396,393,3,109290,109215,75,40,40,0,,,0,,"0.3942","0.0017","0.0970","0.1908","0.9826","0.9924","0.9993","1.0000","0.9949","0.0000","""2026-02-10T07:58:47.000Z"""
"财经葛先生","7592240157324479284","地缘事件频，黄金后市涨跌如何？","""2026-01-06T13:29:40.000Z""","""2026-01-06T14:56:42.000Z""",87,1938,1688,15418,15417,1,299,925,924,1,124,"770.00",16986,6026,5859,167,25,8,82,"23.3200","14.8800","8.5300",954,947,7,136645,136516,129,94,92,2,,,0,,"0.3548","0.0041","0.1583","0.1535","0.9723","0.9927","0.9991","0.9787","0.9989","0.0000","""2026-02-10T07:59:57.000Z"""
"财经葛先生","7592079631966702374","地缘事件频，黄金后市涨跌如何？","""2026-01-06T03:06:53.000Z""","""2026-01-06T03:53:57.000Z""",47,1901,1541,10964,10961,3,152,912,910,2,59,"548.00",12452,4477,4337,140,9,7,26,"15.7500","11.4000","9.8200",644,641,3,112534,111983,551,50,49,1,,,0,,"0.3595","0.0020","0.1438","0.2037","0.9687","0.9953","0.9951","0.9800","0.9978","0.0000","""2026-02-10T08:00:32.000Z"""
"财经葛先生","7591870514369432372","地缘事件频，黄金后市涨跌如何？","""2026-01-05T13:35:17.000Z""","""2026-01-05T15:09:10.000Z""",93,2357,2064,11641,11638,3,234,865,863,2,125,"582.00",20125,7014,6856,158,33,10,72,"26.3500","16.6700","9.5800",1182,1165,17,175827,175186,641,88,87,1,,,0,,"0.3485","0.0047","0.1685","0.1233","0.9775","0.9856","0.9964","0.9886","0.9977","0.0000","""2026-02-10T08:01:09.000Z"""
"财经葛先生","7591706574096206643","地缘事件频，黄金后市涨跌如何？","""2026-01-05T02:59:11.000Z""","""2026-01-05T03:51:58.000Z""",52,1941,1623,5737,5735,2,141,1052,1051,1,84,"286.00",12910,5004,4884,120,19,5,35,"16.3300","11.7800","5.3200",553,549,4,125412,125006,406,47,47,0,,,0,,"0.3876","0.0038","0.1105","0.2102","0.9760","0.9928","0.9968","1.0000","0.9990","0.0000","""2026-02-10T08:04:45.000Z"""
"财经葛先生","7591435910996036402","地缘事件频，黄金后市涨跌如何？","""2026-01-04T09:28:55.000Z""","""2026-01-04T10:29:18.000Z""",60,1560,1262,4072,4072,0,77,786,786,0,59,"203.00",14178,4698,4561,137,13,4,27,"15.6700","13.2000","5.1300",361,358,3,81473,81471,2,44,44,0,,,0,,"0.3314","0.0028","0.0768","0.1673","0.9708","0.9917","1.0000","1.0000","1.0000","0.0000","""2026-02-10T08:05:23.000Z"""
"财经葛先生","7591336151781231370","黄金白银剧烈波动，当下该怎么办？","""2026-01-04T03:01:45.000Z""","""2026-01-04T03:55:16.000Z""",53,1642,1389,5336,5336,0,132,1168,1168,0,77,"266.00",12272,4426,4289,137,14,2,25,"16.2200","13.9200","6.8000",369,365,4,85255,85255,0,38,37,1,,,0,,"0.3607","0.0032","0.0834","0.2639","0.9690","0.9892","1.0000","0.9737","1.0000","0.0000","""2026-02-10T08:06:00.000Z"""
"财经葛先生","7590031856293415732","黄金白银剧烈波动，当下该怎么办？","""2025-12-31T14:40:26.000Z""","""2025-12-31T16:01:55.000Z""",81,7485,5601,13245,13211,34,832,983,963,20,396,"662.00",583190,102232,14152,88080,3083,25,308,"3.5500","13.9200","0.8200",2494,1935,559,141928,139279,2649,224,174,50,,,0,,"0.1753","0.0302","0.0244","0.0096","0.1384","0.7759","0.9813","0.7768","0.9797","0.0000","""2026-02-10T08:06:41.000Z"""
"财经葛先生","7589950881609550643","黄金白银剧烈波动，当下该怎么办？","""2025-12-31T09:26:18.000Z""","""2025-12-31T10:13:30.000Z""",47,1909,1628,3393,3393,0,167,545,545,0,88,"169.00",13978,4810,4617,193,16,2,69,"15.1000","11.9200","5.4000",614,603,11,74286,74263,23,31,31,0,,,0,,"0.3441","0.0033","0.1277","0.1133","0.9599","0.9821","0.9997","1.0000","1.0000","0.0000","""2026-02-10T08:07:21.000Z"""
"财经葛先生","7589849230676609838","黄金白银剧烈波动，当下该怎么办？","""2025-12-31T02:51:45.000Z""","""2025-12-31T03:43:48.000Z""",52,2208,1748,6217,6217,0,103,778,778,0,60,"310.00",13070,4981,4810,171,19,2,45,"17.5500","12.3300","7.4200",603,597,6,62344,62271,73,59,59,0,,,0,,"0.3811","0.0038","0.1211","0.1562","0.9657","0.9900","0.9988","1.0000","1.0000","0.0000","""2026-02-10T08:08:02.000Z"""
"财经葛先生","7589657523565775668","黄金白银剧烈波动，当下该怎么办？","""2025-12-30T14:27:51.000Z""","""2025-12-30T15:35:39.000Z""",67,2916,2200,5499,5499,0,315,446,446,0,63,"274.00",16234,6285,6045,240,36,10,54,"23.0300","14.7800","8.6000",1006,993,13,93916,92876,1040,89,88,1,,,0,,"0.3872","0.0057","0.1601","0.0710","0.9618","0.9871","0.9889","0.9888","1.0000","0.0000","""2026-02-10T15:45:48.000Z"""
"财经葛先生","7589583542263270154","黄金白银剧烈波动，当下该怎么办？","""2025-12-30T09:40:47.000Z""","""2025-12-30T10:13:40.000Z""",32,1722,1357,2015,2014,1,83,390,389,1,58,"100.00",10317,3878,3773,105,14,4,43,"10.9800","9.0200","4.8300",339,331,8,64124,64122,2,15,15,0,,,0,,"0.3759","0.0036","0.0874","0.1006","0.9729","0.9764","1.0000","1.0000","0.9974","0.0000","""2026-02-10T08:10:00.000Z"""
"财经葛先生","7589480169040169779","黄金白银剧烈波动，当下该怎么办？","""2025-12-30T02:59:39.000Z""","""2025-12-30T03:47:01.000Z""",47,2053,1745,3953,3910,43,56,523,511,12,32,"197.00",12870,5335,4903,432,16,3,20,"14.7000","10.8700","7.0800",583,543,40,35709,34687,1022,63,58,5,,,2833,2070,"0.4145","0.0030","0.1093","0.0980","0.9190","0.9314","0.9714","0.9206","0.9771","0.5778","""2025-12-30T07:17:30.000Z"""
"财经葛先生","7589287334995659520","黄金白银剧烈波动，当下该怎么","""2025-12-29T14:31:21.000Z""","""2025-12-29T17:07:04.000Z""",155,10813,7841,17625,12261,5364,6228,3604,1534,2070,2522,"881.00",874877,106719,12065,94654,10907,55,2265,"10.2800","21.4300","4.9300",6967,2343,4624,380403,267633,112770,1022,280,742,,,4740,7325,"0.1220","0.1022","0.0653","0.0338","0.1131","0.3363","0.7036","0.2740","0.4256","0.3929","""2025-12-30T02:08:38.000Z"""
"财经葛先生","7589210204483373851","黄金白银剧烈波动，当下该怎么操作？","""2025-12-29T09:31:58.000Z""","""2025-12-29T10:20:49.000Z""",48,1833,1416,6660,6647,13,48,754,753,1,29,"333.00",10175,3996,3913,83,15,3,10,"16.6300","12.7300","6.8000",431,427,4,88158,87571,587,29,29,0,,,2603,1310,"0.3927","0.0038","0.1079","0.1887","0.9792","0.9907","0.9933","1.0000","0.9987","0.6652","""2025-12-30T02:09:52.000Z"""
"财经葛先生","7589109545159428890","黄金白银剧烈波动，当下该怎么操作？","""2025-12-29T03:01:26.000Z""","""2025-12-29T03:48:46.000Z""",47,1377,1121,7375,7375,0,31,995,995,0,23,"368.00",8326,3163,3110,53,13,1,7,"16.0300","11.1700","9.8000",314,312,2,74702,74118,584,24,24,0,,,2083,1027,"0.3799","0.0041","0.0993","0.3146","0.9832","0.9936","0.9922","1.0000","1.0000","0.6698","""2025-12-30T02:10:32.000Z"""
"财经葛先生","7587995752866057006","黄金突破历史新高，还能追吗？","""2025-12-26T02:59:20.000Z""","""2025-12-26T03:40:57.000Z""",41,1391,1108,5808,5806,2,46,751,749,2,21,"290.00",8270,3234,3125,109,5,4,7,"13.5800","9.6300","7.7200",291,290,1,102619,102618,1,17,17,0,,,2081,1044,"0.3911","0.0015","0.0900","0.2322","0.9663","0.9966","1.0000","1.0000","0.9973","0.6659","""2025-12-30T02:11:11.000Z"""
"财经葛先生","7587727678423943999","黄金大A还能涨吗，关键看这几点！","""2025-12-25T09:39:03.000Z""","""2025-12-25T10:33:41.000Z""",54,1579,1246,5520,5520,0,42,575,575,0,25,"276.00",10219,3532,3418,114,10,4,11,"18.3000","15.7200","8.2300",459,455,4,108630,108630,0,29,29,0,,,2283,1135,"0.3456","0.0028","0.1300","0.1628","0.9677","0.9913","1.0000","1.0000","1.0000","0.6679","""2025-12-30T02:11:48.000Z"""
"财经葛先生","7587625414932515594","黄金大A还能涨吗，关键看这几点！","""2025-12-25T03:02:24.000Z""","""2025-12-25T03:49:58.000Z""",47,1356,1149,7386,7384,2,43,720,718,2,16,"369.00",8778,3381,3279,102,14,3,9,"15.4300","11.4300","6.8300",468,464,4,104902,104666,236,26,26,0,,,2113,1166,"0.3852","0.0041","0.1384","0.2130","0.9698","0.9915","0.9978","1.0000","0.9972","0.6444","""2025-12-30T02:12:27.000Z"""
"财经葛先生","7587354665593522994","人民币汇率走强，对黄金影响巨大？","""2025-12-24T09:31:38.000Z""","""2025-12-24T10:21:17.000Z""",49,1759,1472,5055,5055,0,43,484,484,0,31,"252.00",10904,3974,3839,135,19,9,20,"17.7000","13.8200","7.9500",523,518,5,157929,157261,668,31,31,0,,,2491,1348,"0.3645","0.0048","0.1316","0.1218","0.9660","0.9904","0.9958","1.0000","1.0000","0.6489","""2025-12-30T02:13:05.000Z"""
"财经葛先生","7587254208533924646","黄金突破历史新高！还能追吗？","""2025-12-24T03:01:41.000Z""","""2025-12-24T03:48:00.000Z""",46,1733,1377,11254,11254,0,60,799,799,0,31,"562.00",8976,3570,3482,88,11,4,23,"17.6800","12.9500","6.9500",419,418,1,121516,121484,32,22,22,0,,,2297,1185,"0.3977","0.0031","0.1174","0.2238","0.9754","0.9976","0.9997","1.0000","1.0000","0.6597","""2025-12-30T02:13:41.000Z"""
"财经葛先生","7586985488351775534","黄金突破历史新高！还能追吗？","""2025-12-23T09:39:00.000Z""","""2025-12-23T10:19:20.000Z""",40,4380,3619,4494,4469,25,435,614,597,17,247,"224.00",520238,35929,7454,28475,1338,12,214,"3.2200","9.3300","0.9000",923,674,249,162573,160137,2436,157,78,79,,,2956,4498,"0.0691","0.0372","0.0257","0.0171","0.2075","0.7302","0.9850","0.4968","0.9723","0.3966","""2025-12-30T02:14:18.000Z"""
"财经葛先生","7586898409565145907","黄金突破历史新高！还能追吗？","""2025-12-23T04:00:59.000Z""","""2025-12-23T04:47:35.000Z""",46,5013,3602,10980,10931,49,594,912,890,22,344,"549.00",545982,38279,8014,30265,1647,19,299,"3.6300","9.9700","1.1700",977,685,292,161960,157213,4747,168,94,74,,,3190,4824,"0.0701","0.0430","0.0255","0.0238","0.2094","0.7011","0.9707","0.5595","0.9759","0.3981","""2025-12-30T02:14:55.000Z"""
"财经葛先生","7586861242698386202","黄金突破历史新高！还能追吗？","""2025-12-23T01:37:01.000Z""","""2025-12-23T02:16:20.000Z""",39,1596,1285,24930,24925,5,171,848,844,4,56,"1246.00",9518,3582,3362,220,32,6,37,"13.3200","9.3500","7.3500",487,477,10,104050,103808,242,40,39,1,,,2265,1097,"0.3763","0.0089","0.1360","0.2367","0.9386","0.9795","0.9977","0.9750","0.9953","0.6737","""2025-12-30T02:15:33.000Z"""
"财经葛先生","7586612327633668910","黄金突破历史新高！还能追吗？","""2025-12-22T09:31:02.000Z""","""2025-12-22T10:21:33.000Z""",50,4003,3191,7350,7334,16,657,1038,1028,10,360,"367.00",379467,27462,8173,19289,1487,18,294,"5.0300","10.9300","1.2000",1065,862,203,222908,219669,3239,133,99,34,,,0,,"0.0724","0.0541","0.0388","0.0378","0.2976","0.8094","0.9855","0.7444","0.9904","0.0000","""2025-12-30T02:16:12.000Z"""
"财经葛先生","7586527091991448358","黄金突破历史新高！还能追吗？","""2025-12-22T04:00:04.000Z""","""2025-12-22T04:50:04.000Z""",50,1552,1332,11211,11194,17,186,741,738,3,39,"560.00",9430,3918,3794,124,12,5,18,"16.1700","11.9700","9.0200",506,498,8,110946,110936,10,39,39,0,,,0,,"0.4155","0.0031","0.1291","0.1891","0.9684","0.9842","0.9999","1.0000","0.9960","0.0000","""2025-12-30T02:16:50.000Z"""
"财经葛先生","7586493254011669257","黄金突破历史新高！还能追吗？","""2025-12-22T01:48:58.000Z""","""2025-12-22T02:34:06.000Z""",45,1316,1099,23470,23462,8,89,1016,1013,3,33,"1173.00",7955,3296,3203,93,9,2,11,"14.5000","9.6700","9.3300",322,321,1,82315,82311,4,25,25,0,,,0,,"0.4143","0.0027","0.0977","0.3083","0.9718","0.9969","1.0000","1.0000","0.9970","0.0000","""2025-12-30T02:17:24.000Z"""
"财经葛先生","7585499569523231514","黄金新高一步之遥，当下应该怎么操作呢","""2025-12-19T09:32:46.000Z""","""2025-12-19T10:18:40.000Z""",45,2619,2008,3669,3664,5,144,622,618,4,71,"183.00",136206,14666,5427,9239,429,9,48,"5.4700","9.6800","1.0200",628,554,74,109482,108042,1440,37,31,6,,,0,,"0.1077","0.0293","0.0428","0.0424","0.3700","0.8822","0.9868","0.8378","0.9936","0.0000","""2025-12-30T02:18:00.000Z"""
"财经葛先生","7585398607126219571","黄金新高一步之遥，当下应该怎么操作呢","""2025-12-19T03:01:00.000Z""","""2025-12-19T03:44:33.000Z""",43,1438,1186,3624,3621,3,30,702,700,2,19,"181.00",8333,3317,3234,83,5,6,10,"14.7200","10.2300","4.5800",495,491,4,59887,59839,48,23,22,1,,,0,,"0.3981","0.0015","0.1492","0.2116","0.9750","0.9919","0.9992","0.9565","0.9972","0.0000","""2025-12-30T02:18:38.000Z"""
"财经葛先生","7585128519575931686","今夜重磅数据公布！会如何影响黄金呢？","""2025-12-18T09:33:13.000Z""","""2025-12-18T10:20:50.000Z""",47,1513,1272,8913,8913,0,54,649,649,0,29,"445.00",9027,3401,3321,80,9,8,9,"17.0500","13.1200","8.3800",752,747,5,104593,104590,3,34,34,0,,,0,,"0.3768","0.0026","0.2211","0.1908","0.9765","0.9934","1.0000","1.0000","1.0000","0.0000","""2025-12-30T02:19:12.000Z"""
"财经葛先生","7585027592213383963","黄金冲破4320，短期怎么走？","""2025-12-18T03:01:19.000Z""","""2025-12-18T03:44:22.000Z""",43,2300,1901,6600,6596,4,1116,938,935,3,88,"330.00",117360,11255,4946,6309,378,4,51,"6.5000","9.8200","1.3700",945,847,98,107214,104995,2219,29,23,6,,,0,,"0.0959","0.0336","0.0840","0.0833","0.4394","0.8963","0.9793","0.7931","0.9968","0.0000","""2025-12-30T02:19:48.000Z"""
"财经葛先生","7584756986638600986","黄金冲破4320，短期怎么走？","""2025-12-17T09:31:13.000Z""","""2025-12-17T10:17:06.000Z""",45,1405,1155,6264,6263,1,477,606,605,1,34,"313.00",9043,3235,3154,81,4,3,15,"15.5000","12.2500","5.0700",648,641,7,106125,106107,18,17,17,0,,,0,,"0.3577","0.0012","0.2003","0.1873","0.9750","0.9892","0.9998","1.0000","0.9983","0.0000","""2025-12-30T02:20:23.000Z"""
"财经葛先生","7584656069167811374","黄金冲破4320，短期怎么走？","""2025-12-17T02:59:37.000Z""","""2025-12-17T03:43:11.000Z""",43,1306,1040,5146,5146,0,344,679,679,0,24,"257.00",11250,3210,2951,259,17,5,15,"13.5200","10.9700","2.3300",412,407,5,64595,64578,17,15,14,1,,,0,,"0.2853","0.0053","0.1283","0.2115","0.9193","0.9879","0.9997","0.9333","1.0000","0.0000","""2025-12-30T02:20:58.000Z"""
"财经葛先生","7584388775183158062","黄金跌破4300，短期怎么走？","""2025-12-16T09:42:19.000Z""","""2025-12-16T10:29:49.000Z""",47,3076,2481,12856,12851,5,1000,1357,1355,2,206,"642.00",151077,14374,6471,7903,588,10,151,"7.3300","11.2300","1.5200",1222,1107,115,139735,139063,672,65,53,12,,,0,,"0.0951","0.0409","0.0850","0.0944","0.4502","0.9059","0.9952","0.8154","0.9985","0.0000","""2025-12-30T02:21:32.000Z"""
"财经葛先生","7584014219830610714","黄金冲上4300，短期怎么走？","""2025-12-15T09:29:02.000Z""","""2025-12-15T10:27:47.000Z""",58,1665,1274,9164,9164,0,105,829,829,0,55,"458.00",10871,3932,3815,117,16,3,24,"17.9300","14.1800","6.2700",772,767,5,155113,154669,444,21,20,1,,,0,,"0.3617","0.0041","0.1963","0.2108","0.9702","0.9935","0.9971","0.9524","1.0000","0.0000","""2025-12-30T02:22:06.000Z"""
"财经葛先生","7583928785603808027","黄金冲上4300，短期怎么走？","""2025-12-15T03:57:28.000Z""","""2025-12-15T04:50:32.000Z""",53,1457,1155,16306,16292,14,280,1254,1252,2,98,"815.00",9646,3441,3350,91,15,8,28,"16.8700","13.8500","6.1500",826,823,3,154969,151286,3683,31,30,1,,,0,,"0.3567","0.0044","0.2400","0.3644","0.9736","0.9964","0.9762","0.9677","0.9984","0.0000","""2025-12-30T02:22:41.000Z"""
"财经葛先生","7582901986786429705","黄金冲上4300，短期怎么走？","""2025-12-12T09:32:57.000Z""","""2025-12-12T10:21:10.000Z""",48,5235,3911,20578,20525,53,2222,1504,1490,14,471,"1028.00",262060,39360,8917,30443,2151,24,348,"4.1200","11.1000","0.9000",2035,1679,356,430671,423468,7203,143,122,21,,,0,,"0.1502","0.0546","0.0517","0.0382","0.2265","0.8251","0.9833","0.8531","0.9907","0.0000","""2025-12-30T02:23:22.000Z"""
"财经葛先生","7582800713844001588","美联储降息，黄金短期怎么走？","""2025-12-12T02:59:44.000Z""","""2025-12-12T03:47:47.000Z""",48,1335,1046,9552,9543,9,255,959,958,1,55,"477.00",7929,2988,2933,55,13,5,10,"16.0000","11.9300","7.5800",630,626,4,91054,88282,2772,27,27,0,,,0,,"0.3768","0.0044","0.2108","0.3210","0.9816","0.9937","0.9696","1.0000","0.9990","0.0000","""2025-12-30T02:23:58.000Z"""
"财经葛先生","7582430301226470195","美联储降息，黄金短期怎么走？","""2025-12-11T03:02:31.000Z""","""2025-12-11T03:47:00.000Z""",44,1097,911,4480,4478,2,151,719,717,2,53,"224.00",7524,2882,2824,58,4,6,11,"13.3300","9.2500","7.9500",455,450,5,76891,75954,937,10,10,0,,,0,,"0.3830","0.0014","0.1579","0.2495","0.9799","0.9890","0.9878","1.0000","0.9972","0.0000","""2025-12-30T02:24:32.000Z"""
"财经葛先生","7582160804116515630","黄金关键点位4220，未来怎么走？","""2025-12-10T09:36:49.000Z""","""2025-12-10T10:22:42.000Z""",45,1176,954,4199,4199,0,72,509,509,0,52,"209.00",8413,3001,2931,70,7,5,16,"13.8300","11.1300","6.2000",510,505,5,77023,77008,15,14,14,0,,,0,,"0.3567","0.0023","0.1699","0.1696","0.9767","0.9902","0.9998","1.0000","1.0000","0.0000","""2025-12-30T02:25:13.000Z"""
"财经葛先生","7582058464957254426","黄金关键点位4200，未来怎么走？","""2025-12-10T02:59:33.000Z""","""2025-12-10T03:47:30.000Z""",47,968,799,3780,3780,0,213,570,570,0,37,"189.00",7829,2692,2636,56,7,3,8,"13.5300","10.2700","7.9800",435,430,5,74024,73967,57,6,6,0,,,0,,"0.3438","0.0026","0.1616","0.2117","0.9792","0.9885","0.9992","1.0000","1.0000","0.0000","""2025-12-30T02:25:48.000Z"""
"财经葛先生","7581787554309557001","黄金跌破关键点位4200，未来怎么走？","""2025-12-09T09:28:16.000Z""","""2025-12-09T10:16:59.000Z""",48,1204,1016,3643,3642,1,84,534,533,1,28,"182.00",9447,3289,3168,121,10,2,15,"14.0800","11.1300","6.0200",571,565,6,76197,75888,309,18,18,0,,,0,,"0.3482","0.0030","0.1736","0.1624","0.9632","0.9895","0.9959","1.0000","0.9981","0.0000","""2025-12-30T02:26:23.000Z"""
"财经葛先生","7581690671384382258","黄金跌破关键点位4200，未来怎么走？","""2025-12-09T03:12:25.000Z""","""2025-12-09T03:54:41.000Z""",42,949,753,1813,1813,0,20,538,538,0,14,"90.00",7625,2564,2482,82,4,4,6,"11.5500","8.9700","5.2700",358,356,2,44628,44523,105,11,11,0,,,0,,"0.3363","0.0016","0.1396","0.2098","0.9680","0.9944","0.9976","1.0000","1.0000","0.0000","""2025-12-30T02:28:06.000Z"""
"财经葛先生","7581421285935811354","黄金跌破关键点位4200，未来怎么走？","""2025-12-08T09:47:02.000Z""","""2025-12-08T10:32:36.000Z""",45,1002,814,3645,3645,0,34,464,464,0,27,"182.00",8474,2987,2888,99,5,4,8,"11.5000","9.5700","6.3700",240,237,3,74925,74843,82,10,10,0,,,0,,"0.3525","0.0017","0.0803","0.1553","0.9669","0.9875","0.9989","1.0000","1.0000","0.0000","""2025-12-30T02:28:41.000Z"""
"财经葛先生","7581331570879990537","黄金跌破关键点位4224，未来怎么走？","""2025-12-08T03:59:08.000Z""","""2025-12-08T04:38:44.000Z""",39,1254,956,3286,3286,0,101,817,817,0,36,"164.00",7884,3293,3202,91,6,2,9,"10.6200","8.8000","4.8000",506,504,2,64839,64752,87,15,15,0,,,0,,"0.4177","0.0018","0.1537","0.2481","0.9724","0.9960","0.9987","1.0000","1.0000","0.0000","""2025-12-30T02:29:16.000Z"""
"财经葛先生","7580305377611238154","黄金跌破关键点位4224，未来怎么走？","""2025-12-05T09:36:48.000Z""","""2025-12-05T10:20:03.000Z""",43,3164,2238,3685,3678,7,326,882,878,4,129,"184.00",130624,22747,5641,17106,387,5,108,"3.5500","9.5500","0.6300",1136,997,139,101702,100305,1397,46,34,12,,,0,,"0.1741","0.0170","0.0499","0.0388","0.2480","0.8776","0.9863","0.7391","0.9955","0.0000","""2025-12-30T02:29:52.000Z"""
"财经葛先生","7579932321034373914","黄金跌破关键点位4224，未来怎么走？","""2025-12-04T09:29:12.000Z""","""2025-12-04T10:14:24.000Z""",45,2913,2284,3724,3722,2,393,664,662,2,213,"186.00",126030,18578,5967,12611,425,20,189,"4.6800","9.1700","0.8800",1019,901,118,143863,140344,3519,40,33,7,,,0,,"0.1474","0.0229","0.0548","0.0357","0.3212","0.8842","0.9755","0.8250","0.9970","0.0000","""2025-12-30T02:30:28.000Z"""
"财经葛先生","7579832554883189542","黄金关键点位4224，未来怎么走？","""2025-12-04T03:01:55.000Z""","""2025-12-04T03:46:48.000Z""",44,2660,2058,3146,3139,7,325,881,877,4,204,"157.00",97298,14176,5656,8520,388,10,169,"5.7300","8.5800","1.2000",1049,942,107,92877,91796,1081,32,24,8,,,0,,"0.1457","0.0274","0.0740","0.0621","0.3990","0.8980","0.9884","0.7500","0.9955","0.0000","""2025-12-30T02:31:06.000Z"""
"财经葛先生","7579562244042771210","黄金关键点位4224，未来怎么走？","""2025-12-03T09:32:59.000Z""","""2025-12-03T10:10:47.000Z""",37,3127,2469,5772,5322,450,246,589,582,7,149,"288.00",149657,18866,5859,13007,440,9,111,"4.2200","8.7800","0.8500",823,728,95,123645,119965,3680,41,37,4,,,0,,"0.1261","0.0233","0.0436","0.0312","0.3106","0.8846","0.9702","0.9024","0.9881","0.0000","""2025-12-30T02:31:41.000Z"""
"财经葛先生","7579462510882048778","黄金关键点位4224，未来怎么走？","""2025-12-03T03:06:05.000Z""","""2025-12-03T03:48:54.000Z""",42,3173,2534,6991,6971,20,521,1261,1255,6,318,"349.00",111558,16813,6108,10705,570,10,250,"5.5800","9.9300","1.0800",1270,1171,99,134049,131867,2182,47,41,6,,,0,,"0.1507","0.0339","0.0755","0.0750","0.3633","0.9220","0.9837","0.8723","0.9952","0.0000","""2025-12-30T02:33:28.000Z"""
"财经葛先生","7579196556327357235","黄金关键点位4224，未来怎么走？","""2025-12-02T09:54:07.000Z""","""2025-12-02T10:38:54.000Z""",44,4183,3472,3683,3672,11,1131,871,863,8,367,"184.00",156780,21642,7424,14218,856,9,297,"6.2200","10.5200","1.4000",1686,1444,242,125113,123829,1284,75,67,8,,,0,,"0.1380","0.0396","0.0779","0.0402","0.3430","0.8565","0.9897","0.8933","0.9908","0.0000","""2025-12-30T02:34:05.000Z"""
"财经葛先生","7579091923383044902","黄金关键点位4224，未来怎么走？","""2025-12-02T03:08:03.000Z""","""2025-12-02T03:48:58.000Z""",40,3078,2249,9247,9236,11,401,1116,1108,8,207,"462.00",97138,19877,5423,14454,372,12,151,"3.8500","9.4300","0.6200",1076,1000,76,166163,165057,1106,37,36,1,,,0,,"0.2046","0.0187","0.0541","0.0561","0.2728","0.9294","0.9933","0.9730","0.9928","0.0000","""2025-12-30T02:34:41.000Z"""
"财经葛先生","7578819738676005682","黄金重回940！接下来怎么操作？","""2025-12-01T09:31:44.000Z""","""2025-12-01T10:12:52.000Z""",41,3951,2978,11179,11172,7,3225,941,937,4,232,"558.00",164517,24095,6450,17645,654,7,173,"4.3500","10.4300","0.8300",1176,1032,144,245661,241552,4109,54,47,7,,,0,,"0.1465","0.0271","0.0488","0.0391","0.2677","0.8776","0.9833","0.8704","0.9957","0.0000","""2025-12-30T02:35:17.000Z"""
"财经葛先生","7578703628270062345","黄金重回940！接下来怎么操作？","""2025-12-01T02:01:00.000Z""","""2025-12-01T02:37:26.000Z""",36,2903,2292,17205,16293,912,1683,1278,1267,11,390,"860.00",130352,15209,5110,10099,657,8,288,"4.6700","8.3500","0.8700",1217,1066,151,200528,194711,5817,67,56,11,,,0,,"0.1167","0.0432","0.0800","0.0840","0.3360","0.8759","0.9710","0.8358","0.9914","0.0000","""2025-12-30T02:35:54.000Z"""
"财经葛先生","7577788630769666851","黄金重回940！接下来怎么操作？","""2025-11-28T14:50:25.000Z""","""2025-11-28T15:14:48.000Z""",24,3272,2169,4354,4346,8,369,321,316,5,83,"217.00",131349,17605,4186,13419,479,4,57,"2.3300","5.5800","0.6300",624,516,108,71285,70015,1270,50,39,11,,,0,,"0.1340","0.0272","0.0354","0.0182","0.2378","0.8269","0.9822","0.7800","0.9844","0.0000","""2025-12-30T02:36:30.000Z"""
"财经葛先生","7577698076203191091","黄金重回940！接下来怎么操作？","""2025-11-28T08:59:04.000Z""","""2025-11-28T09:44:57.000Z""",45,3842,2637,4032,4020,12,486,750,740,10,251,"201.00",197415,29741,5709,24032,587,8,198,"3.1800","8.9700","0.7300",1064,848,216,152934,150162,2772,56,40,16,,,0,,"0.1507","0.0197","0.0358","0.0252","0.1920","0.7970","0.9819","0.7143","0.9867","0.0000","""2025-12-30T02:37:05.000Z"""
"财经葛先生","7577605252440492809","黄金重回940！接下来怎么操作？","""2025-11-28T02:58:53.000Z""","""2025-11-28T03:42:32.000Z""",43,2972,2018,10065,10050,15,489,1053,1048,5,298,"503.00",152847,21429,5056,16373,461,10,261,"3.3200","8.6200","0.6700",956,841,115,174876,172251,2625,36,28,8,,,0,,"0.1402","0.0215","0.0446","0.0491","0.2359","0.8797","0.9850","0.7778","0.9953","0.0000","""2025-12-30T02:37:40.000Z"""
"财经葛先生","7577334782481271562","黄金重回940！接下来怎么操作？","""2025-11-27T09:29:22.000Z""","""2025-11-27T10:12:10.000Z""",42,2974,1902,4100,4097,3,147,430,428,2,91,"205.00",166099,30573,4470,26103,233,6,76,"1.8300","7.9700","0.3500",791,691,100,108624,104827,3797,58,55,3,,,0,,"0.1841","0.0076","0.0259","0.0141","0.1462","0.8736","0.9650","0.9483","0.9953","0.0000","""2025-12-30T02:38:17.000Z"""
"财经葛先生","7577235445688421130","黄金重回940！接下来怎么操作？","""2025-11-27T03:03:54.000Z""","""2025-11-27T03:50:16.000Z""",46,2642,1884,4318,4309,9,270,707,702,5,117,"215.00",139080,21011,4848,16163,341,6,86,"3.3300","8.8800","0.7300",1004,858,146,52560,51197,1363,83,78,5,,,0,,"0.1511","0.0162","0.0478","0.0336","0.2307","0.8546","0.9741","0.9398","0.9929","0.0000","""2025-12-30T02:38:52.000Z"""
"财经葛先生","7576965400257186569","黄金震荡，A股破位，请管住手？","""2025-11-26T09:35:51.000Z""","""2025-11-26T10:20:14.000Z""",44,3391,2390,3045,3033,12,472,618,613,5,227,"152.00",201149,26863,5645,21218,452,11,189,"3.1300","9.4000","0.6800",1103,946,157,63118,62140,978,94,75,19,,,0,,"0.1335","0.0168","0.0411","0.0230","0.2101","0.8577","0.9845","0.7979","0.9919","0.0000","""2025-12-30T02:39:28.000Z"""
"财经葛先生","7576864332785781530","黄金震荡，A股破位，请管住手？","""2025-11-26T03:03:48.000Z""","""2025-11-26T03:47:13.000Z""",43,3193,2226,8593,8576,17,529,1136,1130,6,296,"429.00",138819,17809,5458,12351,498,6,222,"4.6300","9.5000","1.0200",1141,986,155,66520,65586,934,112,103,9,,,0,,"0.1283","0.0280","0.0641","0.0638","0.3065","0.8642","0.9860","0.9196","0.9947","0.0000","""2025-12-30T02:40:04.000Z"""
"财经葛先生","7576599703513500467","黄金震荡，A股破位，请管住手？","""2025-11-25T09:56:47.000Z""","""2025-11-25T10:41:24.000Z""",44,3289,2517,5154,5139,15,482,805,799,6,311,"257.00",153337,19894,5916,13978,506,10,259,"4.7800","10.1800","0.9800",1302,1142,160,82693,81356,1337,91,76,15,,,0,,"0.1297","0.0254","0.0654","0.0405","0.2974","0.8771","0.9838","0.8352","0.9925","0.0000","""2025-12-30T02:40:41.000Z"""
"财经葛先生","7576491569264462638","黄金震荡，A股破位，请管住手？","""2025-11-25T02:57:12.000Z""","""2025-11-25T03:44:37.000Z""",47,3165,2188,13881,13854,27,2131,1300,1291,9,447,"694.00",139345,15175,5734,9441,617,7,317,"5.9000","9.3500","1.3300",1473,1297,176,80197,79506,691,127,116,11,,,0,,"0.1089","0.0407","0.0971","0.0857","0.3779","0.8805","0.9914","0.9134","0.9931","0.0000","""2025-12-30T02:41:18.000Z"""
"财经葛先生","7576221447371164443","黄金震荡，A股破位，请管住手？","""2025-11-24T09:29:06.000Z""","""2025-11-24T10:16:56.000Z""",47,2245,1689,5290,5186,104,503,721,719,2,180,"264.00",149533,13030,4743,8287,278,9,118,"5.2300","9.5500","0.9800",1095,968,127,64405,63792,613,55,50,5,,,0,,"0.0871","0.0213","0.0840","0.0553","0.3640","0.8840","0.9905","0.9091","0.9972","0.0000","""2025-12-30T02:41:54.000Z"""
"财经葛先生","7576122565450533659","黄金震荡，A股破位，请管住手？","""2025-11-24T03:05:15.000Z""","""2025-11-24T03:47:59.000Z""",42,2453,1728,3601,3595,6,564,798,793,5,193,"180.00",159268,15499,4703,10796,360,10,142,"3.9300","8.0200","1.0000",735,622,113,40307,37091,3216,49,44,5,,,0,,"0.0973","0.0232","0.0474","0.0515","0.3034","0.8463","0.9202","0.8980","0.9937","0.0000","""2025-12-30T02:42:30.000Z"""
"财经葛先生","7575108656333638438","黄金震荡，A股破位，请管住手？","""2025-11-21T09:30:59.000Z""","""2025-11-21T10:18:20.000Z""",47,3065,2125,4171,4159,12,397,700,690,10,230,"208.00",335213,23717,5414,18303,521,10,184,"3.4700","9.3500","0.8200",950,804,146,52580,50582,1998,70,56,14,,,0,,"0.0708","0.0220","0.0401","0.0295","0.2283","0.8463","0.9620","0.8000","0.9857","0.0000","""2025-12-30T02:43:07.000Z"""
"财经葛先生","7575009125877238578","黄金震荡，A股破位，请管住手？","""2025-11-21T03:04:44.000Z""","""2025-11-21T03:46:19.000Z""",41,2879,1913,2029,2008,21,364,652,645,7,169,"101.00",300406,23625,4624,19001,511,6,132,"2.5800","7.4700","0.6300",785,662,123,31780,30331,1449,67,54,13,,,0,,"0.0786","0.0216","0.0332","0.0276","0.1957","0.8433","0.9544","0.8060","0.9893","0.0000","""2025-12-30T02:43:45.000Z"""
"财经葛先生","7574739848716684059","黄金重回930，要跑吗？","""2025-11-20T09:39:42.000Z""","""2025-11-20T10:29:34.000Z""",49,3992,2751,5961,5955,6,2819,899,894,5,481,"298.00",421438,36567,6586,29981,1007,20,414,"2.9000","9.8500","0.7500",1267,1019,248,59870,56804,3066,143,109,34,,,0,,"0.0868","0.0275","0.0346","0.0246","0.1801","0.8043","0.9488","0.7622","0.9944","0.0000","""2025-12-30T02:44:22.000Z"""
"财经葛先生","7574637730036599579","黄金重回930，要跑吗？","""2025-11-20T03:03:22.000Z""","""2025-11-20T03:44:59.000Z""",41,2572,2027,5814,5799,15,423,942,938,4,258,"290.00",141357,17866,5033,12833,403,11,215,"4.0200","9.4300","0.7800",739,661,78,60760,60262,498,44,34,10,,,0,,"0.1264","0.0226","0.0414","0.0527","0.2817","0.8945","0.9918","0.7727","0.9958","0.0000","""2025-12-30T02:45:33.000Z"""
"财经葛先生","7574366193751280394","黄金重回930，要跑吗？","""2025-11-19T09:29:35.000Z""","""2025-11-19T10:08:03.000Z""",38,4049,2867,6275,6253,22,1683,738,731,7,409,"313.00",230527,25688,5847,19841,1011,13,345,"3.6500","9.3700","0.9200",1459,1185,274,44519,42407,2112,56,45,11,,,0,,"0.1114","0.0394","0.0568","0.0287","0.2276","0.8122","0.9526","0.8036","0.9905","0.0000","""2025-12-30T02:46:18.000Z"""
"财经葛先生","7574266247131433737","黄金重回930，要跑吗？","""2025-11-19T03:01:46.000Z""","""2025-11-19T03:44:11.000Z""",42,2701,2073,8473,8363,110,550,825,822,3,232,"423.00",132924,21131,4779,16352,465,6,170,"3.3800","9.3700","0.8300",933,809,124,47732,46164,1568,42,29,13,,,0,,"0.1590","0.0220","0.0442","0.0390","0.2262","0.8671","0.9671","0.6905","0.9964","0.0000","""2025-12-30T02:46:54.000Z"""
"财经葛先生","7573995084599364361","黄金击穿关键点位914！","""2025-11-18T09:29:39.000Z""","""2025-11-18T10:09:23.000Z""",39,6064,4009,7779,7756,23,1419,913,898,15,496,"388.00",449718,59086,6500,52586,1599,17,442,"1.9000","9.7700","0.5800",1530,1205,325,69659,65580,4079,80,43,37,,,0,,"0.1314","0.0271","0.0259","0.0155","0.1100","0.7876","0.9414","0.5375","0.9836","0.0000","""2025-12-30T02:47:29.000Z"""
"财经葛先生","7573896451491629875","黄金击穿关键点位914！","""2025-11-18T03:06:53.000Z""","""2025-11-18T03:44:41.000Z""",37,5340,3731,10630,10612,18,1998,1366,1354,12,783,"531.00",296915,34384,6616,27768,2388,16,650,"3.3500","9.7300","1.0800",1878,1486,392,77583,74255,3328,123,82,41,,,0,,"0.1158","0.0695","0.0546","0.0397","0.1924","0.7913","0.9571","0.6667","0.9912","0.0000","""2025-12-30T02:48:05.000Z"""
"财经葛先生","7573628185519147822","黄金击穿关键点位933！","""2025-11-17T09:45:51.000Z""","""2025-11-17T10:29:02.000Z""",43,3041,2433,5483,5464,19,1212,795,786,9,413,"274.00",273654,29108,5141,23967,1009,13,321,"2.8000","9.5200","0.7500",1064,863,201,55734,52404,3330,66,45,21,,,0,,"0.1064","0.0347","0.0366","0.0273","0.1766","0.8111","0.9403","0.6818","0.9887","0.0000","""2025-12-30T02:48:41.000Z"""
"财经葛先生","7573544273522592550","黄金高位震荡，下周怎么做？","""2025-11-17T04:20:23.000Z""","""2025-11-17T05:01:42.000Z""",41,4254,3028,9298,9282,16,2797,970,959,11,505,"464.00",378720,46985,5228,41757,1298,12,414,"1.8200","9.7000","0.5700",1053,832,221,46373,44063,2310,53,35,18,,,0,,"0.1241","0.0276","0.0224","0.0206","0.1113","0.7901","0.9502","0.6604","0.9887","0.0000","""2025-12-30T02:49:16.000Z"""
"财经葛先生","7572511495724092187","黄金高位震荡，下周怎么做？","""2025-11-14T09:32:22.000Z""","""2025-11-14T10:23:50.000Z""",51,3290,2320,3862,3849,13,672,729,721,8,418,"193.00",201136,27880,5266,22614,1087,12,360,"3.4200","10.5300","0.9800",1380,1096,284,67160,64883,2277,54,47,7,,,0,,"0.1386","0.0390","0.0495","0.0261","0.1889","0.7942","0.9661","0.8704","0.9890","0.0000","""2025-12-30T02:49:51.000Z"""
"财经葛先生","7572448631758424841","黄金再次冲上960，该解套了吧","""2025-11-14T05:28:31.000Z""","""2025-11-14T06:13:31.000Z""",45,2731,2044,3437,3416,21,821,632,623,9,271,"171.00",192634,29670,4061,25609,673,8,229,"2.2300","8.7800","0.7000",934,761,173,40700,39021,1679,41,29,12,,,0,,"0.1540","0.0227","0.0315","0.0213","0.1369","0.8148","0.9587","0.7073","0.9858","0.0000","""2025-12-30T02:50:27.000Z"""
"财经葛先生","7572144483341519642","黄金再次冲上960，该解套了吧","""2025-11-13T09:48:27.000Z""","""2025-11-13T10:28:22.000Z""",39,3793,2918,2993,2981,12,707,623,615,8,382,"149.00",296708,34940,4998,29942,1500,13,327,"2.5500","9.4200","0.8800",1559,1151,408,62891,60087,2804,68,39,29,,,0,,"0.1178","0.0429","0.0446","0.0178","0.1430","0.7383","0.9554","0.5735","0.9872","0.0000","""2025-12-30T02:51:03.000Z"""
"财经葛先生","7572109047587932979","黄金再次冲上960，该解套了吧","""2025-11-13T07:30:38.000Z""","""2025-11-13T08:13:39.000Z""",43,2259,1731,1603,1597,6,446,444,439,5,242,"80.00",135418,22134,3674,18460,907,8,204,"2.5800","8.7300","0.7700",1019,802,217,32975,29769,3206,49,41,8,,,0,,"0.1634","0.0410","0.0460","0.0201","0.1660","0.7870","0.9028","0.8367","0.9887","0.0000","""2025-12-30T02:51:40.000Z"""
"财经葛先生","7572041151004363570","黄金再次冲上960，该解套了吧","""2025-11-13T03:07:20.000Z""","""2025-11-13T03:48:55.000Z""",41,2962,2209,5906,5635,271,739,589,580,9,228,"295.00",184197,26868,3983,22885,926,10,166,"2.6200","9.3700","0.8800",963,743,220,38993,37676,1317,60,41,19,,,0,,"0.1459","0.0345","0.0358","0.0219","0.1482","0.7715","0.9662","0.6833","0.9847","0.0000","""2025-12-30T02:52:16.000Z"""
"财经葛先生","7571772069168302886","黄金再次直线飙升，怎么操","""2025-11-12T09:43:13.000Z""","""2025-11-12T10:28:35.000Z""",45,2075,1638,1855,1828,27,777,545,537,8,299,"92.00",103394,16761,3595,13166,677,3,247,"3.6000","10.5000","0.9700",889,743,146,40252,38853,1399,30,22,8,,,0,,"0.1621","0.0404","0.0530","0.0325","0.2145","0.8358","0.9652","0.7333","0.9853","0.0000","""2025-12-30T02:52:54.000Z"""
"财经葛先生","7571708260661283611","黄金再次直线飙升，怎么操","""2025-11-12T05:35:30.000Z""","""2025-11-12T06:13:38.000Z""",38,2069,1447,1814,1781,33,387,413,405,8,197,"90.00",80999,15534,2854,12680,548,6,138,"2.7500","8.2800","0.8800",749,607,142,26411,25462,949,27,20,7,,,0,,"0.1918","0.0353","0.0482","0.0266","0.1837","0.8104","0.9641","0.7407","0.9806","0.0000","""2025-12-30T02:53:30.000Z"""
"财经葛先生","7571655941725162250","黄金再次直线飙升，怎么操","""2025-11-12T02:12:34.000Z""","""2025-11-12T02:53:56.000Z""",41,1301,918,326,320,6,141,193,188,5,94,"16.00",70818,12602,2307,10295,308,12,79,"2.2500","6.9500","0.6800",538,441,97,20167,19564,603,36,12,24,,,0,,"0.1779","0.0244","0.0427","0.0153","0.1831","0.8197","0.9701","0.3333","0.9741","0.0000","""2025-12-30T02:54:05.000Z"""
"财经葛先生","7571407393607797514","黄金再次直线飙升，怎么操","""2025-11-11T10:08:01.000Z""","""2025-11-11T10:54:03.000Z""",46,2370,1834,766,752,14,439,385,376,9,278,"38.00",137521,25884,3706,22178,783,7,247,"2.3800","9.7000","0.7300",864,669,195,28411,27104,1307,42,35,7,,,0,,"0.1882","0.0303","0.0334","0.0149","0.1432","0.7743","0.9540","0.8333","0.9766","0.0000","""2025-12-30T02:54:42.000Z"""
"财经葛先生","7571334615017720586","黄金再次直线飙升，怎么操","""2025-11-11T05:25:37.000Z""","""2025-11-11T05:57:29.000Z""",31,3301,2342,996,988,8,682,526,520,6,376,"49.00",180518,38412,3102,35310,866,7,334,"1.1500","7.3800","0.4000",749,578,171,19940,18736,1204,48,35,13,,,0,,"0.2128","0.0225","0.0195","0.0137","0.0808","0.7717","0.9396","0.7292","0.9886","0.0000","""2025-12-30T02:55:54.000Z"""
"财经葛先生","7571026884734044974","黄金跌破900，重点后续怎么走","""2025-11-10T09:31:22.000Z""","""2025-11-10T10:14:37.000Z""",43,4263,2733,1932,1893,39,1322,878,863,15,763,"96.00",337833,40001,4765,35236,2212,17,659,"2.1500","9.5500","0.8000",1479,1039,440,43795,40282,3513,75,49,26,,,0,,"0.1184","0.0553","0.0370","0.0219","0.1191","0.7025","0.9198","0.6533","0.9829","0.0000","""2025-12-30T02:56:30.000Z"""
"财经葛先生","7570940887023274762","黄金跌破900，重点后续怎么走","""2025-11-10T03:57:51.000Z""","""2025-11-10T04:44:59.000Z""",47,2686,1708,861,848,13,697,521,512,9,421,"43.00",188256,29579,3375,26204,1174,10,343,"1.9000","8.7700","0.6700",892,655,237,19411,18476,935,41,29,12,,,0,,"0.1571","0.0397","0.0302","0.0176","0.1141","0.7343","0.9518","0.7073","0.9827","0.0000","""2025-12-30T02:57:05.000Z"""
"财经葛先生","7569917400658135834","黄金跌破900，重点后续怎么走","""2025-11-07T09:46:07.000Z""","""2025-11-07T10:30:39.000Z""",44,1295,912,800,797,3,748,193,191,2,150,"40.00",101246,13636,2089,11547,363,5,115,"2.1300","7.2700","0.8200",459,334,125,10894,10278,616,15,14,1,,,0,,"0.1347","0.0266","0.0337","0.0142","0.1532","0.7277","0.9435","0.9333","0.9896","0.0000","""2025-12-30T02:57:41.000Z"""
"财经葛先生","7569539863188441906","黄金跌破900，重点后续怎么走","""2025-11-06T09:21:08.000Z""","""2025-11-06T10:06:31.000Z""",45,1227,907,299,292,7,227,186,180,6,152,"14.00",85361,12349,2154,10195,355,8,131,"2.4800","7.8000","0.9800",477,368,109,15636,15027,609,15,8,7,,,0,,"0.1447","0.0287","0.0386","0.0151","0.1744","0.7715","0.9611","0.5333","0.9677","0.0000","""2025-12-30T02:58:18.000Z"""
"财经葛先生","7569459058191272730","黄金跌破900，重点后续怎么走","""2025-11-06T04:07:36.000Z""","""2025-11-06T04:54:11.000Z""",46,1422,1015,371,357,14,314,244,234,10,206,"18.00",105232,16419,2079,14340,496,4,185,"2.0300","7.8000","0.9200",553,385,168,10970,9132,1838,16,6,10,,,0,,"0.1560","0.0302","0.0337","0.0149","0.1266","0.6962","0.8325","0.3750","0.9590","0.0000","""2025-12-30T02:58:53.000Z"""
"财经葛先生","7569173277944613641","黄金跌破900，重点后续怎么走","""2025-11-05T09:38:31.000Z""","""2025-11-05T10:26:09.000Z""",47,1900,1285,344,340,4,267,219,215,4,183,"17.00",182955,19752,2376,17376,659,9,159,"2.2500","8.4700","1.0700",775,485,290,9928,8929,999,43,32,11,,,0,,"0.1080","0.0334","0.0392","0.0111","0.1203","0.6258","0.8994","0.7442","0.9817","0.0000","""2025-12-30T02:59:29.000Z"""
"财经葛先生","7569088865785350938","黄金跌破900，重点后续怎么走","""2025-11-05T04:10:56.000Z""","""2025-11-05T05:00:38.000Z""",49,2013,1365,452,449,3,381,301,298,3,259,"22.00",145987,22163,2620,19543,1019,2,237,"2.2300","8.6000","1.0300",733,467,266,12561,11386,1175,29,21,8,,,0,,"0.1518","0.0460","0.0331","0.0136","0.1182","0.6371","0.9065","0.7241","0.9900","0.0000","""2025-12-30T03:00:06.000Z"""
"财经葛先生","7568800943656291082","黄金跌破900，重点后续怎么走","""2025-11-04T09:33:35.000Z""","""2025-11-04T10:15:53.000Z""",42,1523,1005,407,396,11,297,205,198,7,182,"20.00",95463,13803,1882,11921,539,8,159,"2.2700","7.4800","1.0800",534,343,191,12414,11433,981,19,7,12,,,0,,"0.1446","0.0390","0.0387","0.0149","0.1363","0.6423","0.9210","0.3684","0.9659","0.0000","""2025-12-30T03:00:45.000Z"""
"财经葛先生","7568745702857706250","黄金跌破900，重点后续怎么走","""2025-11-04T05:59:10.000Z""","""2025-11-04T06:39:26.000Z""",40,1351,970,438,430,8,336,265,259,6,234,"21.00",85569,14293,1742,12551,462,6,193,"1.8800","6.6800","0.7800",533,343,190,13242,12804,438,12,3,9,,,0,,"0.1670","0.0323","0.0373","0.0185","0.1219","0.6435","0.9669","0.2500","0.9774","0.0000","""2025-12-30T03:01:48.000Z"""
"财经葛先生","7568432854212873010","黄金跌破900，重点后续怎么走","""2025-11-03T09:45:19.000Z""","""2025-11-03T10:30:40.000Z""",45,1903,1404,414,395,19,309,245,232,13,213,"20.00",131121,23622,2027,21595,572,3,164,"1.8500","8.4700","0.9300",642,363,279,23019,21888,1131,25,12,13,,,0,,"0.1802","0.0242","0.0272","0.0104","0.0858","0.5654","0.9509","0.4800","0.9469","0.0000","""2025-12-30T03:02:36.000Z"""
"财经葛先生","7568366592271141682","黄金跌破900，重点后续怎么走","""2025-11-03T05:28:13.000Z""","""2025-11-03T06:10:12.000Z""",41,1860,1366,329,318,11,265,195,186,9,163,"16.00",156249,24575,1875,22700,611,5,129,"1.5000","7.4500","0.7500",511,302,209,14258,12769,1489,34,18,16,,,0,,"0.1573","0.0249","0.0208","0.0079","0.0763","0.5910","0.8956","0.5294","0.9538","0.0000","""2025-12-30T03:03:40.000Z"""
"财经葛先生","7567320111095663406","黄金跌破900，重点后续怎么走","""2025-10-31T09:47:18.000Z""","""2025-10-31T10:29:48.000Z""",42,2212,1670,743,732,11,708,448,440,8,430,"37.00",144797,21165,2733,18432,1499,10,410,"2.4700","9.8500","1.0000",980,668,312,27003,26067,936,42,28,14,,,0,,"0.1462","0.0708","0.0463","0.0212","0.1291","0.6816","0.9653","0.6667","0.9821","0.0000","""2025-12-30T03:05:06.000Z"""
"财经葛先生","7567215480340171558","黄金跌破900，重点后续怎么走","""2025-10-31T03:01:10.000Z""","""2025-10-31T03:43:36.000Z""",42,2220,1422,811,803,8,782,511,505,6,494,"40.00",113142,16190,2608,13582,1706,8,476,"2.8700","9.1300","1.1700",804,586,218,30424,27795,2629,30,16,14,,,0,,"0.1431","0.1054","0.0497","0.0316","0.1611","0.7289","0.9136","0.5333","0.9883","0.0000","""2025-12-30T03:06:03.000Z"""
"财经葛先生","7566944523796974346","黄金跌破900，重点后续怎么走","""2025-10-30T09:29:54.000Z""","""2025-10-30T10:17:08.000Z""",47,1396,981,575,570,5,467,283,278,5,277,"28.00",89251,14848,1657,13191,840,5,268,"2.3000","8.6500","1.1500",599,355,244,14035,12290,1745,21,13,8,,,0,,"0.1664","0.0566","0.0403","0.0191","0.1116","0.5927","0.8757","0.6190","0.9823","0.0000","""2025-12-30T03:07:13.000Z"""
"财经葛先生","7566845547728554803","黄金跌破900，重点后续怎么走","""2025-10-30T03:05:49.000Z""","""2025-10-30T03:50:23.000Z""",44,1315,822,454,449,5,453,254,250,4,253,"22.00",76182,13027,1466,11561,871,9,243,"2.0500","8.3000","1.0300",441,287,154,4631,4249,382,17,13,4,,,0,,"0.1710","0.0669","0.0339","0.0195","0.1125","0.6508","0.9175","0.7647","0.9843","0.0000","""2025-12-30T03:08:49.000Z"""
"财经葛先生","7566572842110290698","黄金跌破900，重点后续怎么走","""2025-10-29T09:27:32.000Z""","""2025-10-29T10:12:22.000Z""",44,1700,1028,130,120,10,124,55,50,5,53,"6.00",110670,19784,1213,18571,732,3,45,"1.5200","7.9200","0.9000",479,229,250,7477,6893,584,21,11,10,,,0,,"0.1788","0.0370","0.0242","0.0028","0.0613","0.4781","0.9219","0.5238","0.9091","0.0000","""2025-12-30T03:10:12.000Z"""
"财经葛先生","7566508125004516123","黄金跌破900，重点后续怎么走","""2025-10-29T05:16:20.000Z""","""2025-10-29T06:05:18.000Z""",48,1091,687,52,49,3,41,31,28,3,30,"2.00",63308,12567,867,11700,481,2,24,"1.8700","9.0300","1.1300",300,146,154,4465,4182,283,7,3,4,,,0,,"0.1985","0.0383","0.0239","0.0025","0.0690","0.4867","0.9366","0.4286","0.9032","0.0000","""2025-12-30T03:11:36.000Z"""
"财经葛先生","7566190820509190938","黄金跌破900，重点后续怎么走","""2025-10-28T08:45:07.000Z""","""2025-10-28T09:34:44.000Z""",49,1235,775,59,54,5,52,44,40,4,41,"2.00",91049,14537,1201,13336,920,3,32,"1.8500","7.7500","1.0700",560,236,324,5661,4074,1587,33,22,11,,,0,,"0.1597","0.0633","0.0385","0.0030","0.0826","0.4214","0.7197","0.6667","0.9091","0.0000","""2025-12-30T03:14:00.000Z"""
"财经葛先生","7566103790605077257","A股4000点，重点后续怎么走","""2025-10-28T03:07:23.000Z""","""2025-10-28T03:38:18.000Z""",30,39,25,1,1,0,0,1,1,0,0,"0.00",3932,985,92,893,3,1,0,"0.6300","2.0000","0.4000",4,2,2,1,0,1,0,0,0,,,0,,"0.2505","0.0030","0.0041","0.0010","0.0934","0.5000","0.0000","0.0000","1.0000","0.0000","""2025-12-30T03:14:41.000Z"""
"财经葛先生","7566096761018682150","","""2025-10-28T02:40:12.000Z""","""2025-10-28T03:01:21.000Z""",21,48,25,0,0,0,0,0,0,0,0,"0.00",3575,899,73,826,3,1,0,"0.4200","1.3200","0.3000",6,1,5,765,761,4,0,0,0,,,0,,"0.2515","0.0033","0.0067","0.0000","0.0812","0.1667","0.9948","0.0000","0.0000","0.0000","""2025-12-30T03:15:22.000Z"""
"财经葛先生","7565838075428129587","黄金止跌，A股回涨，短期怎么操作","""2025-10-27T09:56:12.000Z""","""2025-10-27T10:41:19.000Z""",45,502,261,23,22,1,4,6,5,1,4,"1.00",31360,6493,326,6167,89,1,3,"1.2700","5.9000","0.9000",149,50,99,1112,941,171,6,0,6,,,0,,"0.2070","0.0137","0.0229","0.0009","0.0502","0.3356","0.8462","0.0000","0.8333","0.0000","""2025-12-30T03:15:59.000Z"""
"财经葛先生","7565772119393553162","黄金止跌，A股回涨，短期怎么操作","""2025-10-27T05:40:20.000Z""","""2025-10-27T06:25:45.000Z""",45,87,63,9,8,1,6,6,5,1,4,"0.00",14249,3269,190,3079,28,0,2,"0.7500","3.5300","0.4800",45,22,23,666,399,267,4,1,3,,,0,,"0.2294","0.0086","0.0138","0.0018","0.0581","0.4889","0.5991","0.2500","0.8333","0.0000","""2025-12-30T03:16:35.000Z"""
"财经葛先生","7564719063692266250","黄金止跌，A股回涨，短期怎么操作","""2025-10-24T09:34:01.000Z""","""2025-10-24T10:28:03.000Z""",54,701,481,42,36,6,42,32,28,4,32,"2.00",56511,10514,552,9962,327,5,26,"1.6800","8.5500","1.0700",308,120,188,2439,1937,502,16,11,5,,,0,,"0.1861","0.0311","0.0293","0.0030","0.0525","0.3896","0.7942","0.6875","0.8750","0.0000","""2025-12-30T03:17:13.000Z"""
"财经葛先生","7564613157826693898","黄金止跌，A股回涨，短期怎么操作","""2025-10-24T02:42:59.000Z""","""2025-10-24T03:41:59.000Z""",59,607,260,32,29,3,22,18,16,2,17,"1.00",29816,8443,390,8053,184,2,15,"1.3800","8.3200","0.8800",152,67,85,3782,2359,1423,10,6,4,,,0,,"0.2832","0.0218","0.0180","0.0021","0.0462","0.4408","0.6237","0.6000","0.8889","0.0000","""2025-12-30T03:17:51.000Z"""
"财经葛先生","7564298167181675291","黄金大跌，被套的怎么办","""2025-10-23T06:20:28.000Z""","""2025-10-23T07:11:04.000Z""",50,951,597,62,57,5,62,15,11,4,15,"3.00",77747,14438,512,13926,396,1,11,"1.3500","7.8800","0.9200",272,94,178,8291,5270,3021,20,11,9,,,0,,"0.1857","0.0274","0.0188","0.0010","0.0355","0.3456","0.6356","0.5500","0.7333","0.0000","""2025-12-30T03:18:30.000Z"""
"财经葛先生","7563975597136153353","黄金大跌，被套的怎么办","""2025-10-22T09:29:01.000Z""","""2025-10-22T10:17:38.000Z""",48,1419,669,16,14,2,13,11,9,2,9,"0.00",92961,12974,634,12340,565,3,4,"1.7300","7.3300","1.2300",445,136,309,5490,4306,1184,14,5,9,,,0,,"0.1396","0.0435","0.0343","0.0008","0.0489","0.3056","0.7843","0.3571","0.8182","0.0000","""2025-12-30T03:19:08.000Z"""
"财经葛先生","7563930443058268955","黄金大跌，被套的怎么办","""2025-10-22T06:33:36.000Z""","""2025-10-22T07:25:31.000Z""",51,61,36,3,3,0,2,2,2,0,1,"0.00",18565,1224,85,1139,24,1,1,"1.2800","3.2500","0.9800",46,16,30,1787,798,989,3,3,0,,,0,,"0.0659","0.0196","0.0376","0.0016","0.0694","0.3478","0.4466","1.0000","1.0000","0.0000","""2025-12-30T03:19:45.000Z"""
"财经葛先生","7563859189496335114","行情反弹，明天大盘怎么走","""2025-10-22T01:57:13.000Z""","""2025-10-22T02:46:55.000Z""",49,26,9,5,5,0,3,3,3,0,2,"0.00",1486,320,31,289,3,1,0,"1.0300","4.5000","0.5700",6,4,2,353,51,302,0,0,0,,,0,,"0.2153","0.0094","0.0188","0.0094","0.0969","0.6667","0.1445","0.0000","1.0000","0.0000","""2025-12-30T03:20:24.000Z"""
"财经葛先生","7563600416953453362","行情反弹，明天大盘怎么走","""2025-10-21T09:13:06.000Z""","""2025-10-21T09:56:22.000Z""",43,22,12,4,4,0,4,1,1,0,1,"0.00",1765,1247,53,1194,4,0,0,"0.2500","1.9800","0.1800",6,2,4,1179,1177,2,2,2,0,,,0,,"0.7065","0.0032","0.0048","0.0008","0.0425","0.3333","0.9983","1.0000","1.0000","0.0000","""2025-12-30T03:21:04.000Z"""
"财经葛先生","7563242880010029833","行情反弹，明天大盘怎么走","""2025-10-20T10:05:35.000Z""","""2025-10-20T11:04:14.000Z""",58,12,5,1,1,0,0,1,1,0,0,"0.00",1085,380,48,332,0,0,0,"0.4500","2.1500","0.2700",5,3,2,283,281,2,0,0,0,,,0,,"0.3502","0.0000","0.0132","0.0026","0.1263","0.6000","0.9929","0.0000","1.0000","0.0000","""2025-12-30T03:21:45.000Z"""
"财经葛先生","7562012633335876402","大盘好，个股不给力？","""2025-10-17T02:31:25.000Z""","""2025-10-17T03:10:34.000Z""",39,8,4,6,6,0,6,1,1,0,1,"0.00",462,130,38,92,2,0,1,"0.9000","1.9300","0.4200",2,1,1,0,0,0,0,0,0,,,0,,"0.2814","0.0154","0.0154","0.0077","0.2923","0.5000","0.0000","0.0000","1.0000","0.0000","""2025-12-30T03:22:23.000Z"""
"财经葛先生","7561748558915980082","大盘好，个股不给力？","""2025-10-16T09:26:58.000Z""","""2025-10-16T09:57:15.000Z""",30,7,4,1,1,0,0,1,1,0,0,"0.00",565,166,21,145,0,1,0,"0.4800","2.6300","0.2500",2,1,1,0,0,0,0,0,0,,,0,,"0.2938","0.0000","0.0120","0.0060","0.1265","0.5000","0.0000","0.0000","1.0000","0.0000","""2025-12-30T03:23:02.000Z"""
"财经葛先生","7561382061320194866","今天A股大盘涨的太好了","""2025-10-15T09:44:35.000Z""","""2025-10-15T10:45:11.000Z""",60,15,10,6,6,0,6,2,2,0,2,"0.00",1482,430,32,398,1,1,2,"0.7800","8.3200","0.1500",7,3,4,1742,1742,0,0,0,0,,,0,,"0.2901","0.0023","0.0163","0.0047","0.0744","0.4286","1.0000","0.0000","1.0000","0.0000","""2025-12-30T03:24:19.000Z"""
"财经葛先生","7561290220033805094","今天A股为什么没有大跌？！","""2025-10-15T03:48:17.000Z""","""2025-10-15T04:54:02.000Z""",65,13,7,11,11,0,11,2,2,0,2,"0.00",1853,670,43,627,2,0,1,"0.4300","3.8800","0.2000",3,2,1,373,372,1,0,0,0,,,0,,"0.3616","0.0030","0.0045","0.0030","0.0642","0.6667","0.9973","0.0000","1.0000","0.0000","""2025-12-30T03:24:58.000Z"""
"财经葛先生","7560987838796401459","今天A股为什么没有大跌？！","""2025-10-14T08:14:59.000Z""","""2025-10-14T08:58:37.000Z""",43,53,15,1,1,0,1,1,1,0,1,"0.00",8373,1996,39,1957,1,0,1,"0.2200","4.5300","0.1200",9,3,6,789,788,1,0,0,0,,,0,,"0.2384","0.0005","0.0045","0.0005","0.0195","0.3333","0.9987","0.0000","1.0000","0.0000","""2025-12-30T03:25:36.000Z"""
"财经葛先生","7560643258989202186","","""2025-10-13T09:57:45.000Z""","""2025-10-13T10:58:51.000Z""",61,10,5,0,0,0,0,0,0,0,0,"0.00",1464,284,53,231,1,1,0,"0.8800","3.3800","0.2700",4,3,1,570,537,33,2,2,0,,,0,,"0.1940","0.0035","0.0141","0.0000","0.1866","0.7500","0.9421","1.0000","0.0000","0.0000","""2025-12-30T03:28:41.000Z"""
"财经葛先生","7560627436254251827","今天A股为什么没有大跌？！","""2025-10-13T08:56:22.000Z""","""2025-10-13T09:33:06.000Z""",36,15,7,2,2,0,2,1,1,0,1,"0.00",1113,263,33,230,2,0,0,"0.8800","4.9000","0.1700",5,2,3,2001,2001,0,0,0,0,,,0,,"0.2363","0.0076","0.0190","0.0038","0.1255","0.4000","1.0000","0.0000","1.0000","0.0000","""2025-12-30T03:29:20.000Z"""
