账号名称,直播id,直播标题,开播时间,关播时间,直播时长,峰值人数,平均人数,收获音浪,粉丝音浪,非粉音浪,首次送礼用户音浪,送礼人数,送礼粉丝人数,送礼非粉人数,首次送礼人数,预计收入,曝光人数,观看人数,观看粉丝人数,观看非粉人数,涨粉人数,掉粉人数,加团人数,人均停留时长,粉丝人均停留时长,非粉人均停留时长,评论人数,评论粉丝人数,评论非粉人数,点赞次数,点赞粉丝次数,点赞非粉次数,分享次数,分享粉丝次数,分享非粉次数,曝光分布,观看分布,群内粉丝,群外粉丝,观看率,涨粉率,评论率,送礼率,粉丝观看率,粉丝评论率,粉丝点赞率,粉丝分享率,粉丝送礼率,群内粉丝率,创建时间
老桑财知道,7637793843236113161,"5月有大事重要关注~",2026-05-09 15:41:21,2026-05-09 16:22:11,40,352,254,336,333,3,19,93,91,2,9,16.00,12081,2284,1316,968,22,2,6,4.0000,4.8800,1.2200,141,130,11,15099,14544,555,10,10,0,,,383,933,0.1891,0.0096,0.0617,0.0407,0.5762,0.9220,0.9632,1.0000,0.9785,0.2910,2026-05-09 19:07:53
大手财经,7637768570054707983,"",2026-05-09 14:03:09,2026-05-09 14:36:27,33,23,9,0,0,0,0,0,0,0,0,0.00,2832,384,8,376,3,0,0,0.6200,4.8300,0.5500,1,0,0,96,0,0,0,0,0,,,0,0,0.1356,0.0078,0.0026,0.0000,0.0208,0.0000,0.0000,0.0000,0.0000,0.0000,2026-05-09 18:20:36
财经葛先生,7637753840718367497,"外盘半导体大涨！周一A股何去何从？",2026-05-09 13:06:06,2026-05-09 13:26:30,20,946,720,83,82,1,11,75,74,1,7,4.00,16440,3434,1695,1739,31,4,4,3.6800,5.3300,1.1500,111,96,15,25867,22770,3097,3,1,2,,,733,961,0.2089,0.0090,0.0323,0.0218,0.4936,0.8649,0.8803,0.3333,0.9867,0.4324,2026-05-09 19:13:06
老渔财经,7637746330172934950,"",2026-05-09 12:36:56,2026-05-09 13:47:14,70,1,0,0,0,0,0,0,0,0,0,0.00,1,1,1,0,0,0,0,68.6700,69.8800,0.0000,0,0,0,0,0,0,0,0,0,,,0,0,1.0000,0.0000,0.0000,0.0000,1.0000,0.0000,0.0000,0.0000,0.0000,0.0000,2026-05-09 18:18:59
财经葛先生,7637739884966431539,"外盘半导体大涨！周一A股何去何从？",2026-05-09 12:12:09,2026-05-09 13:05:20,53,1221,933,3770,3758,12,44,353,347,6,19,188.00,31462,7153,3609,3544,69,2,13,6.1300,8.1800,1.7800,261,237,24,160454,154142,6312,33,32,1,,,1537,2072,0.2274,0.0096,0.0365,0.0493,0.5045,0.9080,0.9607,0.9697,0.9830,0.4259,2026-05-09 19:13:43
财经葛先生,7637489416340343586,"今晚非农公布 A股 黄金如何？",2026-05-08 19:59:48,2026-05-08 21:05:50,66,1455,972,523,521,2,10,182,181,1,7,26.00,25392,7435,4822,2613,34,7,3,7.6800,7.4700,0.8300,423,404,19,153981,151364,2617,12,12,0,,,1803,3019,0.2928,0.0046,0.0569,0.0245,0.6486,0.9551,0.9830,1.0000,0.9945,0.3739,2026-05-09 19:14:55
鹏哥说市,7637420863150672650,"明天怎么应对",2026-05-08 15:33:57,2026-05-08 16:30:19,56,203,140,35,28,7,13,22,17,5,8,1.00,9105,2966,342,2624,13,2,3,2.5000,14.0200,0.5800,114,75,39,16535,15880,655,1,1,0,,,0,0,0.3258,0.0044,0.0384,0.0074,0.1153,0.6579,0.9604,1.0000,0.7727,0.0000,2026-05-08 18:20:06
老渔财经,7637377209241897743,"",2026-05-08 12:44:45,2026-05-08 13:35:56,51,1,0,0,0,0,0,0,0,0,0,0.00,2,1,0,0,0,0,0,49.0500,0.0000,0.0000,0,0,0,0,0,0,0,0,0,,,0,0,0.5000,0.0000,0.0000,0.0000,0.0000,0.0000,0.0000,0.0000,0.0000,0.0000,2026-05-08 18:21:01
财经葛先生,7637366039680322342,"震荡行情！怎么应对？",2026-05-08 12:01:06,2026-05-08 13:02:07,61,1332,1089,545,543,2,26,350,348,2,11,27.00,20219,5587,4391,1196,17,4,4,10.9300,9.6700,1.4000,236,229,7,192728,191258,1470,10,9,1,,,1873,2518,0.2763,0.0030,0.0422,0.0626,0.7859,0.9703,0.9924,0.9000,0.9943,0.4266,2026-05-08 18:52:43
财经葛先生,7637118577040050996,"A股、黄金大涨！买吗？",2026-05-07 20:00:49,2026-05-07 21:10:30,69,1069,908,655,655,0,20,210,210,0,13,32.00,23227,6444,4652,1792,23,8,6,8.8700,8.0700,0.7300,355,348,7,122982,121554,1428,3,3,0,,,1715,2937,0.2774,0.0036,0.0551,0.0326,0.7219,0.9803,0.9884,1.0000,1.0000,0.3687,2026-05-08 18:53:19
老渔财经,7637072969957002018,"",2026-05-07 17:04:03,2026-05-07 17:55:00,50,1,0,0,0,0,0,0,0,0,0,0.00,2,1,0,0,0,0,0,49.7300,0.0000,0.0000,0,0,0,0,0,0,0,0,0,,,0,0,0.5000,0.0000,0.0000,0.0000,0.0000,0.0000,0.0000,0.0000,0.0000,0.0000,2026-05-07 18:47:36
老桑财知道,7637061856485739290,"聊聊美联储换帅这点事~",2026-05-07 16:20:49,2026-05-07 17:04:01,43,294,201,322,322,0,9,128,128,0,5,16.00,10853,1924,1321,603,6,6,5,4.1500,4.2200,0.8200,145,137,8,16520,15885,635,3,3,0,,,386,935,0.1773,0.0031,0.0754,0.0665,0.6866,0.9448,0.9616,1.0000,1.0000,0.2922,2026-05-07 18:45:14
鹏哥说市,7637048763520977700,"再不上车就晚了？",2026-05-07 15:29:57,2026-05-07 16:25:08,55,242,140,67,63,4,13,31,28,3,9,3.00,10455,3570,354,3216,26,2,6,2.0200,12.9200,0.4700,99,65,34,15453,13356,2097,4,3,1,,,0,0,0.3415,0.0073,0.0277,0.0087,0.0992,0.6566,0.8643,0.7500,0.9032,0.0000,2026-05-07 15:52:21
大手财经,7637024591054965513,"再不上车就晚了？",2026-05-07 13:56:14,2026-05-07 14:27:31,31,179,37,2,2,0,2,1,1,0,1,0.00,3187,609,10,599,3,0,1,1.6200,5.1300,0.3700,10,1,9,26,0,0,1,0,0,,,0,0,0.1911,0.0049,0.0164,0.0016,0.0164,0.1000,0.0000,0.0000,1.0000,0.0000,2026-05-07 18:48:40
财经葛先生,7636994903658023730,"A股、黄金大涨！买吗？",2026-05-07 12:00:57,2026-05-07 12:56:27,55,1254,1058,524,523,1,13,358,357,1,9,26.00,20489,5722,4418,1304,16,7,5,9.4000,8.4200,1.3200,227,218,9,142723,140846,1877,9,8,1,,,1811,2606,0.2793,0.0028,0.0397,0.0626,0.7721,0.9604,0.9868,0.8889,0.9972,0.4099,2026-05-07 15:53:33
财经葛先生,7636747319593388815,"A股、黄金大涨！5月主线来啦！",2026-05-06 20:00:08,2026-05-06 21:00:39,60,1062,854,339,339,0,14,174,174,0,11,16.00,20497,5328,4171,1157,8,5,8,8.6800,7.1000,1.0700,261,253,8,84210,83768,442,38,36,2,,,1671,2500,0.2599,0.0015,0.0490,0.0327,0.7828,0.9693,0.9948,0.9474,1.0000,0.4006,2026-05-07 15:54:54
老桑财知道,7636693528130652954,"聊聊美联储换帅这点事~",2026-05-06 16:31:35,2026-05-06 17:02:59,31,352,215,280,280,0,24,102,102,0,6,14.00,13986,2254,1256,998,18,3,4,2.4800,3.2800,0.4700,107,99,8,13838,13835,3,1,0,1,,,363,893,0.1612,0.0080,0.0475,0.0453,0.5572,0.9252,0.9998,0.0000,1.0000,0.2890,2026-05-07 15:52:18
鹏哥说市,7636678241129909034,"加速上涨，你恐慌吗？",2026-05-06 15:32:19,2026-05-06 16:36:08,63,151,101,60,59,1,9,27,26,1,6,3.00,5349,1802,323,1479,19,1,3,3.3200,13.2700,0.6300,81,68,13,11908,10533,1375,2,2,0,,,0,0,0.3369,0.0105,0.0450,0.0150,0.1792,0.8395,0.8845,1.0000,0.9630,0.0000,2026-05-07 15:52:59
财经葛先生,7636623672781933322,"A股、黄金大涨！5月主线来啦！",2026-05-06 12:00:19,2026-05-06 13:05:09,64,1420,1164,858,855,3,27,478,477,1,14,42.00,27212,7347,4966,2381,28,5,6,9.3000,9.2000,0.9300,360,350,10,173880,172161,1719,14,14,0,,,2021,2945,0.2700,0.0038,0.0490,0.0651,0.6759,0.9722,0.9901,1.0000,0.9979,0.4070,2026-05-07 15:55:49
财经葛先生,7636375750781815586,"5月咋提前布局？",2026-05-05 19:58:18,2026-05-05 21:02:00,63,977,782,545,542,3,3,277,275,2,2,27.00,24811,6628,4377,2251,30,10,0,6.6500,6.9700,0.9800,184,175,9,54979,54780,199,34,34,0,,,1542,2835,0.2671,0.0045,0.0278,0.0418,0.6604,0.9511,0.9964,1.0000,0.9928,0.3523,2026-05-07 15:56:26
财经葛先生,7636004712357284642,"5月咋提前布局？",2026-05-04 19:58:30,2026-05-04 21:07:12,68,1055,869,677,674,3,19,392,390,2,15,33.00,30026,7785,4501,3284,58,7,8,6.7300,8.2800,1.2300,422,400,22,118085,116735,1350,47,45,2,,,1574,2927,0.2593,0.0075,0.0542,0.0504,0.5782,0.9479,0.9886,0.9574,0.9949,0.3497,2026-05-07 15:57:03
财经葛先生,7634892164518005556,"5月咋提前布局？",2026-05-01 20:01:13,2026-05-01 21:32:24,91,907,737,588,584,4,30,374,373,1,21,29.00,28279,8001,4928,3073,64,6,12,7.3500,8.1300,1.4500,452,428,24,82034,80870,1164,43,40,3,,,1735,3193,0.2829,0.0080,0.0565,0.0467,0.6159,0.9469,0.9858,0.9302,0.9973,0.3521,2026-05-07 15:57:44
鹏哥说市,7634457325591415593,"5月怎么看？",2026-04-30 15:54:03,2026-04-30 16:50:57,56,93,70,19,19,0,1,10,10,0,1,0.00,5460,1503,242,1261,4,0,0,2.4200,10.8000,0.4800,31,28,3,7082,7074,8,0,0,0,,,0,0,0.2753,0.0027,0.0206,0.0067,0.1610,0.9032,0.9989,0.0000,1.0000,0.0000,2026-05-07 15:53:38
财经葛先生,7634397265251126026,"4月收官！5月咋提前布局？",2026-04-30 12:00:48,2026-04-30 13:01:27,60,1175,974,528,526,2,8,338,336,2,5,26.00,21656,5864,4429,1435,18,6,5,9.1300,8.4800,1.0000,364,355,9,132009,131205,804,8,8,0,,,1820,2609,0.2708,0.0031,0.0621,0.0576,0.7553,0.9753,0.9939,1.0000,0.9941,0.4109,2026-05-07 15:58:20
鹏哥说市,7634386310546918185,"5月怎么看？",2026-04-30 11:18:32,2026-04-30 12:07:25,48,117,77,11,10,1,3,10,9,1,3,0.00,3706,1381,243,1138,6,1,0,2.4800,9.8700,0.4000,54,39,15,7587,7454,133,0,0,0,,,0,0,0.3726,0.0043,0.0391,0.0072,0.1760,0.7222,0.9825,0.0000,0.9000,0.0000,2026-05-07 15:54:56
财经葛先生,7634154347823188787,"美联储议息会议来袭！黄金、A股咋办？",2026-04-29 20:18:09,2026-04-29 21:16:00,57,1214,908,314,312,2,14,204,203,1,13,15.00,23300,6827,4839,1988,15,2,6,6.8500,6.0300,0.8200,471,459,12,96101,95627,474,39,38,1,,,0,0,0.2930,0.0022,0.0690,0.0299,0.7088,0.9745,0.9951,0.9744,0.9951,0.0000,2026-05-07 15:58:57
老桑财知道,7634102289854253874,"聊聊美联储换帅这点事~",2026-04-29 16:56:19,2026-04-29 17:58:15,61,503,366,2363,2363,0,38,187,187,0,18,118.00,24702,4890,2154,2736,41,10,13,3.7800,6.0000,0.7300,236,225,11,29948,29670,278,7,7,0,,,0,0,0.1980,0.0084,0.0483,0.0382,0.4405,0.9534,0.9907,1.0000,1.0000,0.0000,2026-05-07 15:52:57
鹏哥说市,7634080496619834164,"节前大阳，机会还是风险？",2026-04-29 15:31:31,2026-04-29 16:34:53,63,181,105,28,28,0,9,17,17,0,6,1.00,8221,2784,326,2458,17,1,6,2.2000,12.3500,0.4500,74,61,13,22176,22173,3,3,2,1,,,0,0,0.3386,0.0061,0.0266,0.0061,0.1171,0.8243,0.9999,0.6667,1.0000,0.0000,2026-05-07 15:55:35
财经葛先生,7634026183256394523,"黄金、A股反弹！还卖吗？",2026-04-29 12:00:47,2026-04-29 12:59:24,58,1311,1044,785,781,4,13,351,348,3,12,39.00,22918,6268,4609,1659,18,4,3,8.8700,8.1700,1.0300,465,454,11,117206,116016,1190,36,35,1,,,0,0,0.2735,0.0029,0.0742,0.0560,0.7353,0.9763,0.9898,0.9722,0.9915,0.0000,2026-05-07 15:59:33
鹏哥说市,7634014552010918699,"持股？持币？",2026-04-29 11:15:51,2026-04-29 11:59:20,43,174,88,20,20,0,1,9,9,0,1,1.00,4021,1754,215,1539,3,0,0,1.9700,10.5300,0.4200,41,29,12,5386,4825,561,1,0,1,,,0,0,0.4362,0.0017,0.0234,0.0051,0.1226,0.7073,0.8958,0.0000,1.0000,0.0000,2026-05-07 15:56:13
财经葛先生,7633775583278205711,"黄金、A股节前怎么办？卖吗？",2026-04-28 19:48:19,2026-04-28 21:28:44,100,1686,1200,508,508,0,26,292,292,0,22,25.00,49383,14572,8309,6263,83,14,14,7.1200,7.3700,0.8500,728,686,42,103164,102584,580,44,43,1,,,0,0,0.2951,0.0057,0.0500,0.0200,0.5702,0.9423,0.9944,0.9773,1.0000,0.0000,2026-05-07 16:00:09
鹏哥说市,7633709273725291318,"大A节前还能行吗？",2026-04-28 15:31:04,2026-04-28 16:27:27,56,198,125,36,35,1,6,19,18,1,4,1.00,11053,3427,348,3079,24,1,2,1.8500,11.2500,0.5200,64,43,21,11128,10884,244,0,0,0,,,0,0,0.3101,0.0070,0.0187,0.0055,0.1015,0.6719,0.9781,0.0000,0.9474,0.0000,2026-05-07 15:56:49
财经葛先生,7633655402496150282,"黄金、A股节前怎么办？卖吗？",2026-04-28 12:02:03,2026-04-28 13:02:21,60,1254,1045,897,897,0,9,451,451,0,7,44.00,20660,5757,4489,1268,13,6,1,9.9300,9.0500,1.0500,291,285,6,103508,103375,133,36,36,0,,,0,0,0.2787,0.0023,0.0505,0.0783,0.7797,0.9794,0.9987,1.0000,1.0000,0.0000,2026-05-07 16:00:45
鹏哥说市,7633643330483964714,"大A节前还能行吗？",2026-04-28 11:15:22,2026-04-28 12:06:46,51,151,89,48,44,4,25,28,25,3,11,2.00,5691,2204,256,1948,14,2,5,1.8700,10.2000,0.4300,38,30,8,10094,9830,264,1,1,0,,,0,0,0.3873,0.0064,0.0172,0.0127,0.1162,0.7895,0.9738,1.0000,0.8929,0.0000,2026-05-07 15:57:26
鹏哥说市,7633338045839788841,"节前大A怎么看",2026-04-27 15:30:25,2026-04-27 16:30:31,60,169,110,45,43,2,6,23,22,1,4,2.00,6768,2631,325,2306,14,3,2,2.2800,12.1200,0.6500,63,48,15,24554,24262,292,3,2,1,,,0,0,0.3887,0.0053,0.0239,0.0087,0.1235,0.7619,0.9881,0.6667,0.9565,0.0000,2026-05-07 15:58:02
财经葛先生,7633283906858486537,"黄金、A股节前怎么办？卖吗？",2026-04-27 12:00:17,2026-04-27 12:53:29,53,1159,1022,865,865,0,11,513,513,0,7,43.00,19589,5615,4362,1253,11,7,6,8.7500,8.1300,0.8500,442,436,6,73466,73278,188,39,39,0,,,0,0,0.2866,0.0020,0.0787,0.0914,0.7768,0.9864,0.9974,1.0000,1.0000,0.0000,2026-05-07 16:01:21
鹏哥说市,7633272442873531155,"倒车接人还是撞人",2026-04-27 11:16:09,2026-04-27 11:56:32,40,107,73,24,18,6,10,15,12,3,6,1.00,4761,1313,200,1113,13,1,2,2.1200,9.3700,0.5200,30,26,4,8480,8425,55,0,0,0,,,0,0,0.2758,0.0099,0.0228,0.0114,0.1523,0.8667,0.9935,0.0000,0.8000,0.0000,2026-05-07 15:58:39
财经葛先生,7632294428094384896,"倒车接人？还是倒车撞人？",2026-04-24 20:00:33,2026-04-24 20:55:55,55,890,765,332,327,5,7,186,184,2,5,16.00,21950,6247,4161,2086,22,8,3,5.9000,5.6000,0.7700,411,401,10,111336,109435,1901,34,32,2,,,1540,2621,0.2846,0.0035,0.0658,0.0298,0.6661,0.9757,0.9829,0.9412,0.9892,0.3701,2026-04-24 22:18:55
鹏哥说市,7632225072832350982,"倒车接人还是撞人",2026-04-24 15:31:37,2026-04-24 16:28:39,57,154,110,30,25,5,7,19,16,3,5,1.00,13035,2450,304,2146,15,2,3,2.4200,11.9800,0.6500,66,46,20,11358,10908,450,0,0,0,,,0,0,0.1880,0.0061,0.0269,0.0078,0.1241,0.6970,0.9604,0.0000,0.8421,0.0000,2026-04-24 18:17:40
财经葛先生,7632170456398383915,"倒车接人？还是倒车撞人？",2026-04-24 11:59:44,2026-04-24 12:55:44,56,1632,1333,615,614,1,13,389,388,1,12,30.00,25281,7434,5529,1905,29,10,5,9.2000,8.2300,1.5800,715,690,25,147953,145126,2827,40,38,2,,,2157,3369,0.2941,0.0039,0.0962,0.0523,0.7437,0.9650,0.9809,0.9500,0.9974,0.3901,2026-04-24 14:41:31
鹏哥说市,7632157843851889427,"倒车接人还是撞人",2026-04-24 11:10:44,2026-04-24 11:58:34,47,133,94,48,41,7,26,19,16,3,8,2.00,11862,2555,238,2317,25,0,3,1.6200,8.2300,0.5800,57,43,14,17049,16136,913,1,0,0,,,0,0,0.2154,0.0098,0.0223,0.0074,0.0932,0.7544,0.9464,0.0000,0.8421,0.0000,2026-04-24 14:43:54
财经葛先生,7631922890652666664,"倒车接人？还是倒车撞人？",2026-04-23 19:58:52,2026-04-23 21:03:06,64,1278,975,446,445,1,19,216,215,1,14,22.00,28739,7506,5320,2186,26,15,9,7.3800,6.6800,0.8800,535,519,16,192784,189417,3367,45,44,1,,,2020,3300,0.2612,0.0035,0.0713,0.0288,0.7088,0.9701,0.9825,0.9778,0.9954,0.3797,2026-04-24 14:42:51
鹏哥说市,7631854205984131883,"倒车接人还是撞人",2026-04-23 15:32:34,2026-04-23 16:27:50,55,250,158,50,50,0,15,27,27,0,9,2.00,19317,3878,374,3504,40,1,5,2.0700,13.4800,0.7000,98,77,21,20517,18614,1903,7,5,2,,,0,0,0.2008,0.0103,0.0253,0.0070,0.0964,0.7857,0.9072,0.7143,1.0000,0.0000,2026-04-24 14:44:29
财经葛先生,7631799514996312882,"倒车接人？还是倒车撞人？",2026-04-23 12:00:09,2026-04-23 12:56:54,56,1865,1547,815,815,0,20,461,461,0,19,40.00,31917,8217,5818,2399,50,8,12,9.6500,9.1800,1.2500,688,675,13,167162,165432,1730,22,19,3,,,2277,3541,0.2574,0.0061,0.0837,0.0561,0.7080,0.9811,0.9897,0.8636,1.0000,0.3914,2026-04-24 14:43:31
鹏哥说市,7631786041816435490,"下午能翻回去吗？",2026-04-23 11:08:07,2026-04-23 12:01:49,53,138,97,25,23,2,6,15,14,1,3,1.00,10875,2568,316,2252,27,0,1,1.8200,7.9700,0.6800,54,37,17,21343,20614,729,1,0,1,,,0,0,0.2361,0.0105,0.0210,0.0058,0.1231,0.6852,0.9658,0.0000,0.9333,0.0000,2026-04-24 14:45:04
财经葛先生,7631562439158434575,"下午，A股会冲击4100点吗？",2026-04-22 20:40:10,2026-04-22 21:32:33,52,787,633,339,339,0,16,150,150,0,13,16.00,19717,5249,3929,1320,18,9,8,5.4000,5.1500,0.4200,431,427,4,46177,46174,3,30,30,0,,,1415,2514,0.2662,0.0034,0.0821,0.0286,0.7485,0.9907,0.9999,1.0000,1.0000,0.3601,2026-04-24 14:44:08
财经葛先生,7631428971367844634,"下午，A股会冲击4100点吗？",2026-04-22 12:02:32,2026-04-22 12:58:12,55,1304,1094,887,887,0,24,384,384,0,22,44.00,20339,5806,4635,1171,14,5,8,9.5800,8.5200,0.9000,577,575,2,106972,106136,836,11,8,3,,,2069,2566,0.2855,0.0024,0.0994,0.0661,0.7983,0.9965,0.9922,0.7273,1.0000,0.4464,2026-04-24 14:44:45
鹏哥说市,7631416558997015337,"大A会冲上4100吗？",2026-04-22 11:14:26,2026-04-22 11:48:05,33,146,75,27,22,5,8,17,13,4,5,1.00,5333,1714,170,1544,9,1,2,1.3800,7.9500,0.4500,37,27,10,14206,13278,928,0,0,0,,,0,0,0.3214,0.0053,0.0216,0.0099,0.0992,0.7297,0.9347,0.0000,0.7647,0.0000,2026-04-22 18:18:52
财经葛先生,7631181321563147008,"上涨结束？还是倒车接人？",2026-04-21 20:01:12,2026-04-21 21:02:51,61,1257,982,594,589,5,40,250,246,4,20,29.00,27634,7732,5475,2257,31,8,12,6.8000,6.1500,0.8700,637,622,15,92909,91194,1715,69,69,0,,,1941,3471,0.2798,0.0040,0.0824,0.0323,0.7081,0.9765,0.9815,1.0000,0.9840,0.3545,2026-04-21 22:19:16
鹏哥说市,7631111509673855770,"大A上冲力度减弱",2026-04-21 15:30:22,2026-04-21 16:27:44,57,158,111,35,33,2,9,29,27,2,9,1.00,9834,3272,324,2948,19,1,7,1.8300,11.5000,0.5300,70,57,13,28666,27078,1588,0,0,0,,,0,0,0.3327,0.0058,0.0214,0.0089,0.0990,0.8143,0.9446,0.0000,0.9310,0.0000,2026-04-21 18:18:37
财经葛先生,7631057447345064750,"上涨结束？还是倒车接人？",2026-04-21 12:00:33,2026-04-21 12:55:30,54,1360,1174,854,852,2,51,588,586,2,45,42.00,21932,6544,4919,1625,15,10,14,9.0000,8.4500,1.1200,562,553,9,59933,59672,261,7,7,0,,,2024,2893,0.2984,0.0023,0.0859,0.0899,0.7517,0.9840,0.9956,1.0000,0.9966,0.4115,2026-04-21 18:19:24
鹏哥说市,7631043402867444489,"大A上冲要停了？",2026-04-21 11:06:11,2026-04-21 11:58:43,52,149,97,45,39,6,8,28,24,4,6,2.00,10313,3025,250,2775,22,0,5,1.5500,9.8800,0.5700,59,45,14,35129,34124,1005,2,0,0,,,0,0,0.2933,0.0073,0.0195,0.0093,0.0826,0.7627,0.9714,0.0000,0.8571,0.0000,2026-04-21 18:19:13
鹏哥说市,7630746842971540287,"大A突破关键位",2026-04-20 15:55:19,2026-04-20 16:34:02,38,145,106,28,24,4,11,20,17,3,10,1.00,11609,2423,244,2179,13,0,7,1.6000,8.9800,0.5700,43,32,11,4690,3978,712,0,0,0,,,0,0,0.2087,0.0054,0.0177,0.0083,0.1007,0.7442,0.8482,0.0000,0.8500,0.0000,2026-04-20 18:18:51
财经葛先生,7630686139386399514,"A股下午会冲击4100吗？",2026-04-20 11:59:47,2026-04-20 12:58:40,58,1462,1235,1442,1436,6,53,866,861,5,51,72.00,24369,6952,5144,1808,26,11,19,9.5500,8.8500,1.2300,720,703,17,41020,40918,102,13,13,0,,,2217,2927,0.2853,0.0037,0.1036,0.1246,0.7399,0.9764,0.9975,1.0000,0.9942,0.4310,2026-04-20 18:19:25
鹏哥说市,7630673205204011795,"大A突破关键位",2026-04-20 11:09:54,2026-04-20 11:55:53,45,163,92,49,46,3,7,25,23,2,6,2.00,11062,2605,246,2359,40,0,3,1.5200,6.9800,0.5700,38,28,10,8259,7333,926,0,0,0,,,0,0,0.2355,0.0154,0.0146,0.0096,0.0944,0.7368,0.8879,0.0000,0.9200,0.0000,2026-04-20 18:20:07
财经葛先生,7629697647499758388,"行情落幕？还是倒车接人？",2026-04-17 20:03:50,2026-04-17 21:46:31,102,1526,1121,918,914,4,54,354,351,3,35,45.00,31298,9988,7201,2787,38,10,20,10.3800,8.3300,0.9300,1026,992,34,142566,141477,1089,45,44,1,,,2677,4524,0.3191,0.0038,0.1027,0.0354,0.7210,0.9669,0.9924,0.9778,0.9915,0.3718,2026-04-20 18:20:04
财经葛先生,7629573195972004646,"行情落幕？还是倒车接人？",2026-04-17 12:00:54,2026-04-17 12:55:26,54,1439,1180,728,722,6,49,564,558,6,47,36.00,23480,6543,4953,1590,26,3,35,8.9200,8.1500,1.1200,635,620,15,69159,69052,107,12,12,0,,,2169,2784,0.2787,0.0040,0.0971,0.0862,0.7570,0.9764,0.9985,1.0000,0.9894,0.4379,2026-04-17 14:34:02
财经葛先生,7629325800017267502,"今夜重要数据公布！A股、黄金何去何从？",2026-04-16 20:01:06,2026-04-16 20:57:37,56,1815,1184,1070,1043,27,78,521,514,7,69,53.00,26018,7722,5388,2334,31,10,47,7.5700,7.2700,0.8700,765,747,18,101354,99825,1529,22,21,1,,,2296,3092,0.2968,0.0040,0.0991,0.0675,0.6977,0.9765,0.9849,0.9545,0.9866,0.4261,2026-04-17 14:35:19
财经葛先生,7629201972255640347,"黄金、A股持续震荡！散户咋办？",2026-04-16 12:00:19,2026-04-16 13:00:37,60,1539,1225,1053,947,106,65,601,597,4,61,52.00,25841,7213,5432,1781,45,10,46,9.2300,8.4000,1.5200,460,451,9,100138,99483,655,41,41,0,,,2216,3216,0.2791,0.0062,0.0638,0.0833,0.7531,0.9804,0.9935,1.0000,0.9933,0.4080,2026-04-17 14:37:07
财经葛先生,7628954666503572239,"黄金、A股持续震荡！散户咋办？",2026-04-15 20:00:34,2026-04-15 21:00:09,59,1188,921,453,453,0,15,225,225,0,12,22.00,27290,7468,5286,2182,29,10,7,6.4700,5.8300,0.8800,617,586,31,78252,76203,2049,11,11,0,,,1897,3389,0.2737,0.0039,0.0826,0.0301,0.7078,0.9498,0.9738,1.0000,1.0000,0.3589,2026-04-17 14:37:53
财经葛先生,7628831009345211146,"黄金、A股能持续上涨吗？",2026-04-15 12:00:52,2026-04-15 12:54:59,54,1773,1419,1314,1305,9,114,902,894,8,105,65.00,28081,7920,5911,2009,48,16,74,8.7500,8.0800,1.4200,469,447,22,36340,36258,82,11,11,0,,,2479,3432,0.2820,0.0061,0.0592,0.1139,0.7463,0.9531,0.9977,1.0000,0.9911,0.4194,2026-04-17 14:39:39
财经葛先生,7628217532521810722,"黄金、A股持续震荡！散户咋办？",2026-04-13 20:20:13,2026-04-13 21:34:58,74,963,818,1558,1556,2,18,538,536,2,15,77.00,27829,7610,5816,1794,19,8,5,7.0500,6.0800,0.8800,261,250,11,111260,108797,2463,36,35,1,,,2083,3733,0.2735,0.0025,0.0343,0.0707,0.7643,0.9579,0.9779,0.9722,0.9963,0.3581,2026-04-13 22:19:20
财经葛先生,7626976336749267739,"牛归速回！",2026-04-10 12:03:50,2026-04-10 12:56:46,52,1638,1340,1422,1417,5,239,546,542,4,39,71.00,30090,8083,5457,2626,29,4,28,7.9000,8.1300,0.9200,644,631,13,109231,108015,1216,49,21,28,,,2213,3244,0.2686,0.0036,0.0797,0.0675,0.6751,0.9798,0.9889,0.4286,0.9927,0.4055,2026-04-10 18:19:42
财经葛先生,7626728582307416872,"黄金、A股又回落！牛走了吗？",2026-04-09 20:02:15,2026-04-09 21:10:26,68,996,817,10522,10522,0,6,144,144,0,6,526.00,28005,7453,5722,1731,10,10,3,6.4800,5.3800,0.9200,297,287,10,51432,51235,197,11,9,2,,,1837,3885,0.2661,0.0013,0.0398,0.0193,0.7677,0.9663,0.9962,0.8182,1.0000,0.3210,2026-04-09 22:49:44
财经葛先生,7626690553664539407,"黄金、A股又回落！牛走了吗？",2026-04-09 17:34:57,2026-04-09 18:21:19,46,1531,1122,453,445,8,24,151,145,6,15,22.00,41687,8060,4786,3274,47,6,11,5.6700,6.7000,1.3000,197,178,19,64625,60481,4144,5,5,0,,,1555,3231,0.1933,0.0058,0.0244,0.0187,0.5938,0.9036,0.9359,1.0000,0.9603,0.3249,2026-04-09 22:50:21
老桑财知道,7626671504255748891,"桑溪正在直播",2026-04-09 16:20:59,2026-04-09 17:15:17,54,517,385,874,874,0,27,202,202,0,16,43.00,23724,4039,2237,1802,34,14,12,4.4800,5.9800,0.9800,135,130,5,16436,16323,113,6,6,0,,,579,1658,0.1702,0.0084,0.0334,0.0500,0.5538,0.9630,0.9931,1.0000,1.0000,0.2588,2026-04-10 18:18:29
财经葛先生,7626604556220025650,"黄金、A股又回落！牛走了吗？",2026-04-09 12:01:08,2026-04-09 12:55:45,54,2011,1511,1108,1103,5,69,590,586,4,57,55.00,34742,9134,6295,2839,40,8,48,8.1700,8.3700,1.1500,427,412,15,183416,182186,1230,44,14,30,,,2455,3840,0.2629,0.0044,0.0467,0.0646,0.6892,0.9649,0.9933,0.3182,0.9932,0.3900,2026-04-09 22:50:59
财经葛先生,7626358139038124852,"黄金重回5000？A股重回4000点？",2026-04-08 20:04:49,2026-04-08 21:13:15,68,1705,1380,1816,982,834,875,306,295,11,35,90.00,53337,12779,7765,5014,87,18,25,6.4700,6.6300,0.9500,453,411,42,128623,127607,1016,35,35,0,,,2406,5359,0.2396,0.0068,0.0354,0.0239,0.6076,0.9073,0.9921,1.0000,0.9641,0.3099,2026-04-08 22:48:56
财经葛先生,7626318043601177359,"黄金重回5000？A股重回4000点？",2026-04-08 17:29:21,2026-04-08 18:13:45,44,2200,1678,737,734,3,23,260,258,2,15,36.00,59409,11909,6329,5580,108,4,10,5.4500,6.6300,1.2000,338,313,25,138476,135389,3087,23,20,3,,,1996,4333,0.2005,0.0091,0.0284,0.0218,0.5314,0.9260,0.9777,0.8696,0.9923,0.3154,2026-04-08 22:50:09
财经葛先生,7625947669093010222,"4月份黄金、A股咋走？咋办？",2026-04-07 17:32:04,2026-04-07 18:28:25,56,1488,1229,1066,1063,3,23,305,303,2,16,53.00,35166,8627,5359,3268,47,7,12,7.1700,7.6300,1.2200,172,161,11,84297,83545,752,42,10,32,,,2002,3357,0.2453,0.0054,0.0199,0.0354,0.6212,0.9360,0.9911,0.2381,0.9934,0.3736,2026-04-07 22:49:10
财经葛先生,7625861663622810378,"4月份黄金、A股咋走？咋办？",2026-04-07 11:58:26,2026-04-07 12:58:37,60,1890,1507,1571,1569,2,41,734,733,1,25,78.00,31589,8888,6326,2562,24,6,13,9.3000,9.4200,0.9700,255,243,12,57096,56893,203,46,17,29,,,2441,3885,0.2814,0.0027,0.0287,0.0826,0.7117,0.9529,0.9964,0.3696,0.9986,0.3859,2026-04-07 22:49:48
财经葛先生,7624462915755723546,"节后黄金、A股咋走？咋办？",2026-04-03 17:30:35,2026-04-03 18:22:17,51,1534,1226,467,460,7,20,203,198,5,15,23.00,47124,10194,5303,4891,69,4,10,5.3700,6.7800,1.0200,219,191,28,80885,79842,1043,43,14,29,,,1971,3332,0.2163,0.0068,0.0215,0.0199,0.5202,0.8721,0.9871,0.3256,0.9754,0.3717,2026-04-03 18:46:44
财经葛先生,7624378637479381811,"A股缩量千亿，目标3800？怎么了？怎么办？",2026-04-03 12:03:35,2026-04-03 12:49:02,45,1678,1422,641,638,3,9,344,342,2,7,32.00,47884,10371,5690,4681,30,10,6,5.4000,7.0700,0.6500,305,280,25,17390,17020,370,43,12,31,,,2108,3581,0.2166,0.0029,0.0294,0.0332,0.5486,0.9180,0.9787,0.2791,0.9942,0.3705,2026-04-03 18:47:19
财经葛先生,7624091956565527322,"财经葛先生正在直播",2026-04-02 17:31:03,2026-04-02 18:29:20,58,2726,2257,1882,1866,16,40,820,812,8,33,94.00,79023,17797,7896,9901,208,8,17,6.5000,9.4500,1.2000,766,692,74,129942,123234,6708,73,39,34,,,2714,5182,0.2252,0.0117,0.0430,0.0461,0.4437,0.9034,0.9484,0.5342,0.9902,0.3437,2026-04-02 22:49:21
财经吴大拿,7622892983339338505,"指数涨持仓不涨，股民怎么办？",2026-03-30 11:58:34,2026-03-30 12:33:48,35,503,335,37,36,1,7,24,23,1,3,1.00,26912,6473,772,5701,43,2,3,1.2500,4.6500,0.5800,108,64,44,2676,2445,231,5,3,2,,,0,0,0.2405,0.0066,0.0167,0.0037,0.1193,0.5926,0.9137,0.6000,0.9583,0.0000,2026-03-30 22:50:32
财经葛先生,7621866131535514414,"黄金、A股上涨！下周会回落吗？",2026-03-27 17:33:43,2026-03-27 18:34:26,60,3462,2752,799,756,43,119,400,374,26,64,39.00,108346,24624,8126,16498,483,9,47,5.9000,10.3700,1.4700,545,421,124,153460,139931,13529,59,21,38,,,2532,5579,0.2273,0.0196,0.0221,0.0162,0.3300,0.7725,0.9118,0.3559,0.9350,0.3116,2026-03-27 18:43:29
财经吴大拿,7621839772750744358,"低开高走，下周还能涨吗",2026-03-27 15:51:23,2026-03-27 16:34:16,42,894,608,52,32,20,24,39,25,14,17,2.00,56100,8671,945,7726,218,2,15,2.3200,7.0700,1.4500,275,85,190,5977,3494,2483,3,0,0,,,0,0,0.1546,0.0251,0.0317,0.0045,0.1090,0.3091,0.5846,0.0000,0.6410,0.0000,2026-03-27 18:40:57
鹏哥说市,7621834723660237619,"大A情绪回暖，下周怎么看？",2026-03-27 15:31:43,2026-03-27 16:31:53,60,630,395,63,45,18,29,34,25,9,14,3.00,47040,9936,511,9425,126,0,9,1.7300,15.0500,0.8700,108,67,41,14982,14182,800,16,6,10,,,0,0,0.2112,0.0127,0.0109,0.0034,0.0514,0.6204,0.9466,0.3750,0.7353,0.0000,2026-03-27 18:41:47
财经葛先生,7621780395316103963,"黄金、有色、A股翻红！机会还是风险？",2026-03-27 12:00:55,2026-03-27 12:53:28,52,2962,2341,926,917,9,28,533,527,6,21,46.00,68850,14551,7788,6763,112,13,13,7.7000,9.9000,1.0800,903,848,55,137013,135809,1204,96,36,60,,,2818,4970,0.2113,0.0077,0.0621,0.0366,0.5352,0.9391,0.9912,0.3750,0.9887,0.3618,2026-03-27 18:44:05
财经葛先生,7621494509842647817,"黄金、白银、A股跳水！到底咋办啊？",2026-03-26 17:31:37,2026-03-26 18:23:26,51,4026,3176,546,514,32,95,370,348,22,55,27.00,139263,25440,8705,16735,623,12,36,5.6500,9.2300,1.6300,1357,1059,298,164797,152674,12123,78,30,48,,,2673,6032,0.1827,0.0245,0.0533,0.0145,0.3422,0.7804,0.9264,0.3846,0.9405,0.3071,2026-03-26 22:50:23
财经吴大拿,7621470016902613769,"冲高回落，能低吸吗",2026-03-26 15:56:32,2026-03-26 16:37:33,41,925,617,43,33,10,17,35,29,6,12,2.00,54134,9082,974,8108,163,4,10,2.0800,6.9700,1.2000,293,117,176,6104,5423,681,10,4,6,,,0,0,0.1678,0.0179,0.0323,0.0039,0.1072,0.3993,0.8884,0.4000,0.8286,0.0000,2026-03-26 22:49:47
鹏哥说市,7621463567144848128,"大A单边下砸，又发生啥了？",2026-03-26 15:31:27,2026-03-26 16:27:59,56,755,391,30,23,7,15,22,17,5,10,1.00,60214,11343,459,10884,94,1,7,1.2800,14.4000,0.5800,114,60,54,16702,14851,1851,1,0,0,,,0,0,0.1884,0.0083,0.0101,0.0019,0.0405,0.5263,0.8892,0.0000,0.7727,0.0000,2026-03-26 22:48:44
财经葛先生,7621411474912594714,"A股、黄金反弹结束！后市如何操作？",2026-03-26 12:09:24,2026-03-26 12:55:46,46,3201,2358,938,927,11,41,499,492,7,30,46.00,80892,14272,7535,6737,131,7,17,6.9200,8.8700,1.1200,768,705,63,123669,120730,2939,72,36,36,,,2588,4947,0.1764,0.0092,0.0538,0.0350,0.5280,0.9180,0.9762,0.5000,0.9860,0.3435,2026-03-26 22:51:02
财经吴大拿,7621406631863405338,"冲高回落，能低吸吗",2026-03-26 11:50:39,2026-03-26 12:31:37,40,608,412,48,48,0,13,37,37,0,10,2.00,27360,7304,918,6386,80,2,5,1.6500,5.0500,0.8500,158,77,81,928,750,178,0,0,0,,,0,0,0.2670,0.0110,0.0216,0.0051,0.1257,0.4873,0.8082,0.0000,1.0000,0.0000,2026-03-26 22:50:27
财经葛先生,7621123069392014106,"A股、黄金终于反弹！如何去布局呢?",2026-03-25 17:30:11,2026-03-25 18:23:36,53,4027,3026,701,696,5,84,244,241,3,42,35.00,150878,30175,9390,20785,472,16,30,4.4700,8.6500,0.9300,1030,890,140,122674,118938,3736,32,27,5,,,2686,6704,0.2000,0.0156,0.0341,0.0081,0.3112,0.8641,0.9695,0.8438,0.9877,0.2860,2026-03-26 10:29:47
财经吴大拿,7621100558480329482,"市场两条主线，散户如何选择？",2026-03-25 16:02:47,2026-03-25 16:38:50,36,482,327,20,20,0,4,19,19,0,3,1.00,30311,5472,870,4602,41,3,3,1.4700,5.3500,0.4800,99,60,39,2261,2232,29,0,0,0,,,0,0,0.1805,0.0075,0.0181,0.0035,0.1590,0.6061,0.9872,0.0000,1.0000,0.0000,2026-03-26 10:24:40
鹏哥说市,7621092296489978643,"大A反弹两天，能持续吗？",2026-03-25 15:30:41,2026-03-25 16:23:31,52,498,296,39,35,4,11,26,23,3,7,1.00,26953,7678,481,7197,41,1,3,1.3500,13.4500,0.4500,89,76,13,11271,11225,46,1,1,0,,,0,0,0.2849,0.0053,0.0116,0.0034,0.0626,0.8539,0.9959,1.0000,0.8846,0.0000,2026-03-26 10:26:52
财经葛先生,7621038194691230514,"A股、黄金终于反弹！如何去布局呢?",2026-03-25 12:00:46,2026-03-25 12:52:10,51,4875,3750,1136,1124,12,132,647,639,8,83,56.00,207807,28819,10535,18284,648,18,56,5.8700,10.0800,1.1000,1381,1173,208,188176,183877,4299,85,63,22,,,3233,7302,0.1387,0.0225,0.0479,0.0225,0.3656,0.8494,0.9772,0.7412,0.9876,0.3069,2026-03-26 10:30:27
财经葛先生,7620752105975843593,"黄金、A股反弹！能抄底了吗？",2026-03-24 17:30:48,2026-03-24 18:26:08,55,3763,2941,937,934,3,92,403,401,2,52,46.00,199890,26577,9885,16692,438,17,36,5.4200,9.2000,1.0500,1180,1036,144,138769,137459,1310,59,49,10,,,3020,6865,0.1330,0.0165,0.0444,0.0152,0.3719,0.8780,0.9906,0.8305,0.9950,0.3055,2026-03-26 10:31:04
财经吴大拿,7620729181491448602,"3800点企稳了吗？是真反弹还是诱多？",2026-03-24 16:01:38,2026-03-24 16:38:24,36,1154,754,55,55,0,30,37,37,0,17,2.00,73508,12776,1124,11652,259,4,15,1.4200,6.6200,0.7700,282,130,152,2578,2531,47,9,5,4,,,0,0,0.1738,0.0203,0.0221,0.0029,0.0880,0.4610,0.9818,0.5556,1.0000,0.0000,2026-03-26 10:25:20
鹏哥说市,7620721228814338852,"A股终于收红，能持续吗？",2026-03-24 15:30:49,2026-03-24 16:24:53,54,690,382,50,46,4,23,30,28,2,13,2.00,50552,9979,576,9403,98,3,6,1.4000,13.9200,0.4700,116,80,36,14308,14245,63,4,2,2,,,0,0,0.1974,0.0098,0.0116,0.0030,0.0577,0.6897,0.9956,0.5000,0.9333,0.0000,2026-03-26 10:27:54
财经葛先生,7620667034346736411,"黄金、A股反弹！能抄底了吗？",2026-03-24 12:00:22,2026-03-24 12:47:58,47,5281,3802,1561,1558,3,163,645,642,3,50,78.00,192124,26898,10359,16539,554,12,30,5.9200,10.3200,1.0000,1301,1164,137,186767,182930,3837,83,68,15,,,3241,7118,0.1400,0.0206,0.0484,0.0240,0.3851,0.8947,0.9795,0.8193,0.9953,0.3129,2026-03-26 10:31:41
财经葛先生,7620380987691780915,"黄金、A股暴跌！ 明天要跑吗？",2026-03-23 17:30:29,2026-03-23 18:23:36,53,8282,6125,1832,1808,24,284,789,776,13,164,91.00,631222,65450,14949,50501,2652,18,110,4.1500,9.9500,1.2000,2278,1706,572,232066,220629,11437,204,128,76,,,3853,11096,0.1037,0.0405,0.0348,0.0121,0.2284,0.7489,0.9507,0.6275,0.9835,0.2577,2026-03-26 10:32:18
财经吴大拿,7620361671931988746,"止跌了吗？下周抄底机会是什么",2026-03-23 16:15:36,2026-03-23 16:54:22,38,1997,1386,44,36,8,23,30,26,4,13,2.00,168916,21001,1428,19573,269,4,6,1.8000,6.6800,1.2500,580,127,453,2188,1815,373,14,6,8,,,0,0,0.1243,0.0128,0.0276,0.0014,0.0680,0.2190,0.8295,0.4286,0.8667,0.0000,2026-03-26 10:26:04
鹏哥说市,7620350042313870130,"A股暴跌，跑？不跑？",2026-03-23 15:30:21,2026-03-23 16:22:34,52,1244,713,72,37,35,45,44,26,18,24,3.00,132366,19178,488,18690,251,3,12,1.2200,11.2200,0.8500,218,51,167,9034,5845,3189,8,0,0,,,0,0,0.1449,0.0131,0.0114,0.0023,0.0254,0.2339,0.6470,0.0000,0.5909,0.0000,2026-03-23 22:50:13
财经葛先生,7620293488164244234,"黄金、A股暴跌，要跑呢？",2026-03-23 11:51:02,2026-03-23 12:43:37,52,6907,5223,2460,2454,6,208,1156,1153,3,134,122.00,388599,46406,13474,32932,1649,23,99,5.0500,11.0300,1.0800,1323,1132,191,241715,234796,6919,220,176,44,,,3892,9582,0.1194,0.0355,0.0285,0.0249,0.2904,0.8556,0.9714,0.8000,0.9974,0.2889,2026-03-26 10:32:57
财经葛先生,7619267758798686986,"A股失守4000 黄金跌宕；速来！抓下周策略！",2026-03-20 17:30:36,2026-03-20 18:26:43,56,3858,2930,1329,1329,0,46,323,323,0,40,66.00,146920,32429,8982,23447,390,14,32,4.2500,9.2200,0.7700,1106,953,153,171690,166652,5038,51,45,6,,,2918,6064,0.2207,0.0120,0.0341,0.0100,0.2770,0.8617,0.9707,0.8824,1.0000,0.3249,2026-03-26 10:33:39
财经吴大拿,7619244665862179593,"止跌了吗？下周抄底机会是什么",2026-03-20 16:00:55,2026-03-20 16:31:06,30,1055,813,27,25,2,11,22,21,1,8,1.00,78062,11880,1076,10804,130,1,4,1.3700,5.2000,0.8500,357,114,243,2746,2549,197,2,0,2,,,0,0,0.1522,0.0109,0.0301,0.0019,0.0906,0.3193,0.9283,0.0000,0.9545,0.0000,2026-03-26 10:27:54
鹏哥说市,7619237776831023899,"大A持续下跌，到底了吗？",2026-03-20 15:34:19,2026-03-20 16:27:28,53,1588,933,54,36,18,35,35,27,8,19,2.00,155479,22203,793,21410,299,5,9,1.4300,13.2700,0.8700,286,78,208,5470,5244,226,14,6,8,,,0,0,0.1428,0.0135,0.0129,0.0016,0.0357,0.2727,0.9587,0.4286,0.7714,0.0000,2026-03-23 22:51:02
财经葛先生,7619182520983014190,"终于止跌！风险解除了吗",2026-03-20 11:59:52,2026-03-20 12:48:46,48,3925,3193,1703,1692,11,119,688,682,6,74,85.00,135314,27391,9545,17846,314,11,57,4.9500,9.2500,0.7800,1361,1227,134,192349,189924,2425,53,45,8,,,3198,6347,0.2024,0.0115,0.0497,0.0251,0.3485,0.9015,0.9874,0.8491,0.9913,0.3350,2026-03-26 10:34:17
财经葛先生,7618896864083168046,"黄金狂泻！A股跌破4000！牛没了吗？",2026-03-19 17:31:19,2026-03-19 18:29:32,58,5726,4507,2213,2196,17,182,572,561,11,100,110.00,297523,49493,12469,37024,1150,15,64,4.4300,10.3200,1.0500,1859,1498,361,61976,60147,1829,129,85,44,,,3771,8698,0.1664,0.0232,0.0376,0.0116,0.2519,0.8058,0.9705,0.6589,0.9808,0.3024,2026-03-26 10:34:57
财经吴大拿,7618873414191336230,"4000点是不是底？股民如何应对？",2026-03-19 16:00:14,2026-03-19 16:39:34,39,2049,1385,108,101,7,26,34,30,4,14,5.00,144008,22639,1470,21169,290,5,9,1.6000,6.3800,1.0500,567,140,427,1925,1677,248,16,6,10,,,0,0,0.1572,0.0128,0.0250,0.0015,0.0649,0.2469,0.8712,0.3750,0.8824,0.0000,2026-03-26 10:28:38
鹏哥说市,7618866319668153098,"失守4000，大A到底发生了什么？",2026-03-19 15:32:54,2026-03-19 16:30:54,58,1298,702,48,41,7,29,30,26,4,14,2.00,112948,17440,690,16750,219,2,8,1.5500,15.1500,0.8500,250,114,136,3747,3617,130,16,5,11,,,0,0,0.1544,0.0126,0.0143,0.0017,0.0396,0.4560,0.9653,0.3125,0.8667,0.0000,2026-03-23 22:51:45
财经葛先生,7618811302768642866,"黄金 A 股齐崩，抄底还是止损？",2026-03-19 11:59:21,2026-03-19 12:58:05,58,3720,3027,1679,1674,5,90,570,568,2,40,83.00,125103,23912,9990,13922,318,8,26,6.5800,10.5000,1.0200,1438,1308,130,116964,113455,3509,66,58,8,,,3444,6546,0.1911,0.0133,0.0601,0.0238,0.4178,0.9096,0.9700,0.8788,0.9965,0.3447,2026-03-26 10:35:36
财经葛先生,7618576251854605091,"美联储会议召开 黄金暴跌如何？",2026-03-18 20:47:08,2026-03-18 21:50:49,63,6818,5069,3662,3646,16,384,515,505,10,119,183.00,333337,49538,15218,34320,1716,22,79,5.5500,9.2700,1.4000,2038,1571,467,437474,426607,10867,223,171,52,,,0,0,0.1486,0.0346,0.0411,0.0104,0.3072,0.7709,0.9752,0.7668,0.9806,0.0000,2026-03-26 10:36:13
财经葛先生,7618527294381968179,"A股科技领涨！黄金微跌！",2026-03-18 17:37:24,2026-03-18 18:23:00,45,2351,1811,511,440,71,136,229,224,5,24,25.00,69756,12274,6324,5950,106,7,12,5.9000,7.9000,0.9000,713,667,46,24768,23896,872,23,21,2,,,0,0,0.1760,0.0086,0.0581,0.0187,0.5152,0.9355,0.9648,0.9130,0.9782,0.0000,2026-03-26 10:36:50
财经吴大拿,7618502453520108326,"科技大涨！诱多还是反攻?",2026-03-18 16:00:52,2026-03-18 16:40:01,39,573,393,54,52,2,28,35,34,1,13,2.00,32332,6232,932,5300,67,1,7,1.7700,6.6200,0.6200,124,86,38,2818,2803,15,0,0,0,,,0,0,0.1928,0.0108,0.0199,0.0056,0.1496,0.6935,0.9947,0.0000,0.9714,0.0000,2026-03-26 10:29:19
鹏哥说市,7618495057309469476,"大A终于止跌，来看异动信号",2026-03-18 15:32:08,2026-03-18 16:29:55,57,581,333,57,53,4,15,36,33,3,11,2.00,36132,8808,504,8304,81,1,7,1.4800,14.1300,0.5500,112,72,40,11284,11145,139,2,1,1,,,0,0,0.2438,0.0092,0.0127,0.0041,0.0572,0.6429,0.9877,0.5000,0.9167,0.0000,2026-03-23 22:52:25
财经葛先生,7618441906955062042,"A股、黄金大跌！牛没了？",2026-03-18 12:06:02,2026-03-18 13:05:14,59,2736,2258,1403,1400,3,67,601,599,2,29,70.00,82429,15437,8085,7352,137,9,17,7.7300,9.6500,1.1300,1081,1002,79,37410,36788,622,33,30,3,,,0,0,0.1873,0.0089,0.0700,0.0389,0.5237,0.9269,0.9834,0.9091,0.9967,0.0000,2026-03-26 10:37:27
财经葛先生,7618154774584019762,"注意!!! A股暴跌！加仓？逃跑？",2026-03-17 17:31:53,2026-03-17 18:23:32,51,2072,1683,1194,1191,3,26,242,240,2,15,59.00,102628,12493,6412,6081,84,6,9,6.1800,7.8200,1.2800,853,765,88,20607,20372,235,21,20,1,,,0,0,0.1217,0.0067,0.0683,0.0194,0.5132,0.8968,0.9886,0.9524,0.9917,0.0000,2026-03-26 10:38:03
财经吴大拿,7618131798284765998,"科技止跌了吗？能抄底了吗？",2026-03-17 16:02:31,2026-03-17 16:42:51,40,864,582,45,44,1,16,34,33,1,12,2.00,44641,8376,1120,7256,147,3,8,2.0300,7.3000,0.9200,251,117,134,5878,5494,384,6,5,1,,,0,0,0.1876,0.0176,0.0300,0.0041,0.1337,0.4661,0.9347,0.8333,0.9706,0.0000,2026-03-26 10:30:02
鹏哥说市,7618123707071957770,"两市长阴下杀!加仓？逃跑？",2026-03-17 15:31:08,2026-03-17 16:29:41,58,630,385,66,64,2,20,36,35,1,11,3.00,48052,11502,526,10976,73,2,7,1.2500,13.8300,0.4800,180,113,67,13269,12244,1025,7,5,2,,,0,0,0.2394,0.0063,0.0156,0.0031,0.0457,0.6278,0.9228,0.7143,0.9722,0.0000,2026-03-23 22:53:02
财经葛先生,7618069773691259675,"A股、黄金反弹！终于要涨了吗？",2026-03-17 12:01:56,2026-03-17 13:00:32,58,2583,2144,2103,2102,1,107,557,556,1,21,105.00,71819,14000,7637,6363,105,5,14,8.2000,9.9300,1.0300,908,854,54,62237,61945,292,41,40,1,,,0,0,0.1949,0.0075,0.0649,0.0398,0.5455,0.9405,0.9953,0.9756,0.9982,0.0000,2026-03-26 10:38:39
财经葛先生,7617783330771110702,"黄金走弱，有色暴跌，A 股如何布局？",2026-03-16 17:30:18,2026-03-16 18:25:53,55,3912,2886,1110,1101,9,80,442,436,6,56,55.00,147458,24524,8904,15620,625,11,38,5.6700,9.5200,1.2500,1870,1611,259,80856,79123,1733,53,46,7,,,0,0,0.1663,0.0255,0.0763,0.0180,0.3631,0.8615,0.9786,0.8679,0.9864,0.0000,2026-03-26 10:39:17
财经吴大拿,7617759301469637386,"指数大反转，大A稳了吗",2026-03-16 15:57:10,2026-03-16 16:38:00,40,536,378,46,44,2,15,37,36,1,12,2.00,29738,6094,850,5244,51,4,8,1.7500,6.5300,0.7000,108,55,53,1130,1111,19,2,1,1,,,0,0,0.2049,0.0084,0.0177,0.0061,0.1395,0.5093,0.9832,0.5000,0.9730,0.0000,2026-03-26 10:30:44
鹏哥说市,7617752849769827099,"科技股回来了！反弹？反转？",2026-03-16 15:31:59,2026-03-16 16:26:26,54,196,150,54,52,2,14,35,34,1,9,2.00,15250,4596,382,4214,34,0,8,1.6800,13.0200,0.4500,95,85,10,7640,7358,282,0,0,0,,,0,0,0.3014,0.0074,0.0207,0.0076,0.0831,0.8947,0.9631,0.0000,0.9714,0.0000,2026-03-23 22:54:10
财经葛先生,7617698096193030958,"黄金、A股暴跌！到底咋了？",2026-03-16 11:59:30,2026-03-16 12:59:54,60,3257,2556,2072,2068,4,49,879,876,3,27,103.00,100130,16101,8513,7588,181,7,15,8.7200,11.3800,1.1800,689,636,53,51783,51521,262,67,64,3,,,0,0,0.1608,0.0112,0.0428,0.0546,0.5287,0.9231,0.9949,0.9552,0.9966,0.0000,2026-03-26 10:39:53
财经葛先生,7616671041875708718,"黄金、A股断崖下跌！到底咋了？",2026-03-13 17:34:07,2026-03-13 18:24:21,50,3241,2591,958,953,5,59,329,326,3,44,47.00,137339,19152,7639,11513,379,9,24,5.9500,9.2800,1.3000,1290,1113,177,36109,35817,292,49,42,7,,,0,0,0.1395,0.0198,0.0674,0.0172,0.3989,0.8628,0.9919,0.8571,0.9909,0.0000,2026-03-26 10:40:31
财经木子桐,7616662961070852900,"主力砸盘，下周应该怎么办？",2026-03-13 17:02:43,2026-03-13 17:46:12,43,149,104,14,12,2,9,9,8,1,6,0.00,29009,7744,351,7393,28,2,3,0.4700,2.2300,0.3000,28,14,14,166,118,48,0,0,0,,,0,0,0.2670,0.0036,0.0036,0.0012,0.0453,0.5000,0.7108,0.0000,0.8889,0.0000,2026-03-23 22:51:47
财经吴大拿,7616647457044319003,"变盘信号来了！下周如何应对？",2026-03-13 16:02:29,2026-03-13 16:40:39,38,831,586,46,45,1,9,23,22,1,7,2.00,66765,8700,1034,7666,108,4,5,1.8000,5.8500,1.0200,236,108,128,4438,4214,224,2,0,2,,,0,0,0.1303,0.0124,0.0271,0.0026,0.1189,0.4576,0.9495,0.0000,0.9565,0.0000,2026-03-26 10:31:23
鹏哥说市,7616639814032542470,"大资金转场，主力到底想干嘛？",2026-03-13 15:32:53,2026-03-13 16:21:28,48,424,274,49,49,0,26,25,25,0,12,2.00,31599,7404,438,6966,65,1,7,1.3000,12.5000,0.4800,73,53,20,14412,14173,239,1,1,0,,,0,0,0.2343,0.0088,0.0099,0.0034,0.0592,0.7260,0.9834,1.0000,1.0000,0.0000,2026-03-23 22:54:58
财经葛先生,7616586440104889126,"黄金 A股 关键节点 短线如何",2026-03-13 12:05:50,2026-03-13 13:03:16,57,2287,1841,2364,2364,0,30,537,537,0,22,118.00,49656,10161,6844,3317,48,6,10,9.5800,9.7000,1.0500,447,422,25,45836,44676,1160,23,23,0,,,0,0,0.2046,0.0047,0.0440,0.0528,0.6736,0.9441,0.9747,1.0000,1.0000,0.0000,2026-03-26 10:41:09
财经葛先生,7616349782214298383,"黄金 A股 关键节点 短线如何",2026-03-12 20:47:22,2026-03-12 21:52:03,64,2032,1662,2239,2237,2,246,440,439,1,38,111.00,96839,18892,7916,10976,128,10,25,4.7700,7.3000,0.4000,582,556,26,241323,238928,2395,31,31,0,,,0,0,0.1951,0.0068,0.0308,0.0233,0.4190,0.9553,0.9901,1.0000,0.9977,0.0000,2026-03-26 10:41:44
财经木子桐,7616290484851755817,"大盘V型反转，明天将迎大反攻？",2026-03-12 16:57:29,2026-03-12 18:05:11,67,75,47,6,6,0,0,5,5,0,0,0.00,14330,5501,366,5135,8,1,0,0.4300,2.4800,0.2200,14,10,4,1753,1732,21,0,0,0,,,0,0,0.3839,0.0015,0.0025,0.0009,0.0665,0.7143,0.9880,0.0000,1.0000,0.0000,2026-03-23 22:52:26
财经吴大拿,7616276750290012937,"大A变盘在即，散户如何应对？",2026-03-12 16:04:02,2026-03-12 16:40:10,36,483,353,35,33,2,12,28,26,2,9,1.00,41564,5491,768,4723,78,1,5,1.6800,5.6800,0.7300,100,59,41,3257,2946,311,7,6,1,,,0,0,0.1321,0.0142,0.0182,0.0051,0.1399,0.5900,0.9045,0.8571,0.9286,0.0000,2026-03-26 10:32:01
鹏哥说市,7616268510238477098,"大A震荡分化，科技回调下谁能崛起",2026-03-12 15:32:06,2026-03-12 16:26:02,53,182,141,35,35,0,11,21,21,0,7,1.00,25558,5681,368,5313,30,1,1,1.2500,12.6500,0.3200,55,42,13,3480,3102,378,4,2,2,,,0,0,0.2223,0.0053,0.0097,0.0037,0.0648,0.7636,0.8914,0.5000,1.0000,0.0000,2026-03-23 22:55:36
财经葛先生,7616202916785392419,"黄金 A股 关键节点 短线如何",2026-03-12 11:17:48,2026-03-12 12:17:34,59,2806,2273,2184,2181,3,75,681,679,2,44,109.00,126298,19784,7889,11895,209,10,30,6.1000,9.6500,0.8200,958,874,84,218867,214925,3942,33,28,5,,,0,0,0.1566,0.0106,0.0484,0.0344,0.3988,0.9123,0.9820,0.8485,0.9971,0.0000,2026-03-26 10:42:56
财经葛先生,7615967490429946639,"今夜CPI 公布 黄金 A股？",2026-03-11 20:03:48,2026-03-11 21:15:23,71,4159,2570,2193,2187,6,198,499,495,4,49,109.00,146915,26975,11285,15690,294,22,31,5.8300,7.6800,0.6800,923,796,127,572440,559319,13121,101,91,10,,,0,0,0.1836,0.0109,0.0342,0.0185,0.4184,0.8624,0.9771,0.9010,0.9920,0.0000,2026-03-26 10:43:31
财经木子桐,7615923931366558518,"",2026-03-11 17:14:51,2026-03-11 18:09:01,54,75,46,0,0,0,0,0,0,0,0,0.00,16005,5030,285,4745,10,2,0,0.4000,2.3300,0.2300,10,8,2,2338,2084,254,0,0,0,,,0,0,0.3143,0.0020,0.0020,0.0000,0.0567,0.8000,0.8914,0.0000,0.0000,0.0000,2026-03-23 22:53:06
财经吴大拿,7615904882528389888,"涨指数不涨个股，明日策略",2026-03-11 16:00:55,2026-03-11 16:32:46,31,591,370,18,18,0,6,15,15,0,5,0.00,38557,5707,724,4983,79,6,4,1.4200,5.1700,0.6300,88,53,35,3806,3679,127,6,2,4,,,0,0,0.1480,0.0138,0.0154,0.0026,0.1269,0.6023,0.9666,0.3333,1.0000,0.0000,2026-03-26 10:32:38
鹏哥说市,7615896949513800457,"科技利好vs工业绩优秀，大A节奏咋踩？",2026-03-11 15:30:10,2026-03-11 16:28:00,57,172,124,47,41,6,24,32,29,3,16,2.00,21495,4131,314,3817,30,0,7,1.6700,13.5000,0.5200,74,57,17,10692,10265,427,3,1,2,,,0,0,0.1922,0.0073,0.0179,0.0077,0.0760,0.7703,0.9601,0.3333,0.9063,0.0000,2026-03-11 22:47:56
财经葛先生,7615831541628832538,"黄金、白银、原油、A股，反攻真的要来了吗？",2026-03-11 11:16:27,2026-03-11 12:04:29,48,2700,2152,1829,1826,3,43,544,542,2,27,91.00,93488,14342,6395,7947,154,9,16,6.4800,9.1800,0.7800,318,282,36,52177,51927,250,33,30,3,,,0,0,0.1534,0.0107,0.0222,0.0379,0.4459,0.8868,0.9952,0.9091,0.9963,0.0000,2026-03-26 10:44:07
财经木子桐,7615830585939987252,"科技股持续发力，现在还能上车吗？",2026-03-11 11:12:52,2026-03-11 12:13:06,60,57,43,9,9,0,6,4,4,0,2,0.00,9337,3167,353,2814,7,0,1,0.6700,2.1200,0.3700,11,9,2,366,340,26,1,0,1,,,0,0,0.3392,0.0022,0.0035,0.0013,0.1115,0.8182,0.9290,0.0000,1.0000,0.0000,2026-03-23 22:54:06
财经木子桐,7615559942312823615,"“龙虾AI”爆火，大A的机会在哪？",2026-03-10 17:42:33,2026-03-10 18:20:48,38,71,44,3,3,0,1,3,3,0,1,0.00,14168,4390,236,4154,9,1,1,0.2700,1.7200,0.1500,4,2,2,1245,1240,5,1,0,1,,,32,196,0.3099,0.0021,0.0009,0.0007,0.0538,0.5000,0.9960,0.0000,1.0000,0.1356,2026-03-10 22:47:51
财经葛先生,7615557057640024882,"冲突基本结束！A股、黄金要起飞?",2026-03-10 17:31:24,2026-03-10 18:22:10,50,2467,2065,918,918,0,50,350,350,0,36,45.00,122440,16874,6750,10124,170,12,23,5.4200,8.7000,0.9200,389,347,42,42686,42253,433,39,34,5,,,0,0,0.1378,0.0101,0.0231,0.0207,0.4000,0.8920,0.9899,0.8718,1.0000,0.0000,2026-03-26 10:44:44
财经吴大拿,7615535361007176454,"大A4000家上涨！机会还是陷阱",2026-03-10 16:07:05,2026-03-10 16:44:52,37,614,449,40,40,0,13,33,33,0,9,2.00,55301,7825,855,6970,123,3,7,1.4700,6.2300,0.6700,151,94,57,3173,2638,535,3,1,2,,,0,0,0.1415,0.0157,0.0193,0.0042,0.1093,0.6225,0.8314,0.3333,1.0000,0.0000,2026-03-26 10:33:16
财经葛先生,7615461163698588442,"A股黄金暴力拉升！能上车？",2026-03-10 11:19:19,2026-03-10 12:07:26,48,2686,2285,1736,1730,6,51,636,633,3,33,86.00,104418,16087,6754,9333,135,8,20,6.0200,9.0500,0.7300,365,333,32,38454,37644,810,37,32,5,,,0,0,0.1541,0.0084,0.0227,0.0395,0.4198,0.9123,0.9789,0.8649,0.9953,0.0000,2026-03-26 10:45:21
财经木子桐,7615456172514003755,"财经木子桐正在直播",2026-03-10 10:59:46,2026-03-10 12:19:34,79,205,114,9,7,2,5,7,6,1,4,0.00,68931,24811,455,24356,16,2,1,0.2700,2.8800,0.1800,19,10,9,3719,3228,491,4,1,3,,,61,394,0.3599,0.0006,0.0008,0.0003,0.0183,0.5263,0.8680,0.2500,0.8571,0.1341,2026-03-10 22:48:28
财经葛先生,7615186481795124006,"A股黄金暴跌！该咋办啊？",2026-03-09 17:33:17,2026-03-09 18:23:41,50,3002,2335,1141,1136,5,24,374,370,4,17,57.00,156759,23565,7356,16209,181,9,11,4.1300,8.1500,0.7200,313,275,38,50419,48873,1546,33,28,5,,,0,0,0.1503,0.0077,0.0133,0.0159,0.3122,0.8786,0.9693,0.8485,0.9893,0.0000,2026-03-26 10:45:57
财经木子桐,7615179758439107354,"",2026-03-09 17:07:15,2026-03-09 18:07:16,60,66,36,0,0,0,0,0,0,0,0,0.00,16789,3126,367,2759,8,1,0,0.5200,1.5800,0.3200,11,11,0,573,466,107,1,1,0,,,48,319,0.1862,0.0026,0.0035,0.0000,0.1174,1.0000,0.8133,1.0000,0.0000,0.1308,2026-03-10 22:49:04
财经吴大拿,7615161507479145226,"2026年行情关键信号",2026-03-09 15:56:15,2026-03-09 16:40:47,44,703,460,59,40,19,26,35,30,5,11,2.00,48284,7936,1015,6921,89,6,8,1.8800,6.0800,1.0300,164,90,74,3838,2725,1113,6,2,4,,,135,880,0.1644,0.0112,0.0207,0.0044,0.1279,0.5488,0.7100,0.3333,0.8571,0.1330,2026-03-09 22:50:11
鹏哥说市,7615158027410311982,"大A破位下跌，抄底还是等待？",2026-03-09 15:42:47,2026-03-09 16:35:11,52,518,277,66,65,1,35,36,35,1,22,3.00,48840,8597,420,8177,98,3,15,1.0700,10.3700,0.5000,60,37,23,15167,13917,1250,6,2,4,,,0,0,0.1760,0.0114,0.0070,0.0042,0.0489,0.6167,0.9176,0.3333,0.9722,0.0000,2026-03-09 22:48:27
财经葛先生,7615089151255366409,"A股黄金暴跌！该咋办啊？",2026-03-09 11:15:48,2026-03-09 12:10:23,54,4920,3501,4349,4340,9,223,1038,1033,5,66,217.00,275251,45392,8695,36697,385,11,34,3.4000,10.6300,0.6200,843,731,112,428712,409047,19665,91,68,23,,,0,0,0.1649,0.0085,0.0186,0.0229,0.1916,0.8671,0.9541,0.7473,0.9952,0.0000,2026-03-26 10:46:34
财经木子桐,7615087237756767027,"大盘止跌回升，反攻信号开始？",2026-03-09 11:08:11,2026-03-09 12:21:52,73,113,66,14,12,2,6,10,9,1,4,0.00,19487,5954,563,5391,12,2,3,0.6500,2.0300,0.3300,11,8,3,1220,967,253,0,0,0,,,91,472,0.3055,0.0020,0.0018,0.0017,0.0946,0.7273,0.7926,0.0000,0.9000,0.1616,2026-03-10 22:49:40
财经葛先生,7614124052862012194,"今夜非农公布 黄金 白银 如何",2026-03-06 20:50:18,2026-03-06 22:35:59,105,8545,5232,5995,5762,233,580,890,762,128,226,299.00,685377,111001,16647,94354,2901,57,133,4.0200,10.1200,1.1800,3147,1840,1307,2036152,1634262,401890,352,177,175,,,4937,11710,0.1620,0.0261,0.0284,0.0080,0.1500,0.5847,0.8026,0.5028,0.8562,0.2966,2026-03-06 22:50:27
财经木子桐,7614066822152817443,"大盘止跌回升，反攻信号开始？",2026-03-06 17:08:23,2026-03-06 18:12:27,64,138,82,44,14,30,35,38,8,30,33,2.00,23014,9053,567,8486,15,0,30,0.5000,2.5300,0.2700,43,24,19,3934,3386,548,0,0,0,,,75,492,0.3934,0.0017,0.0047,0.0042,0.0626,0.5581,0.8607,0.0000,0.2105,0.1323,2026-03-06 22:49:30
财经吴大拿,7614052000539396902,"行情反弹能持续吗",2026-03-06 16:10:50,2026-03-06 16:59:52,49,479,327,63,56,7,15,38,34,4,9,3.00,34347,5782,942,4840,67,3,7,2.1800,6.9000,0.8300,165,111,54,4851,4569,282,2,0,0,,,121,821,0.1683,0.0116,0.0285,0.0066,0.1629,0.6727,0.9419,0.0000,0.8947,0.1285,2026-03-06 22:50:20
鹏哥说市,7614045606646319882,"大A缩量困局，散户逃还是等？",2026-03-06 15:46:07,2026-03-06 16:34:57,48,384,213,45,34,11,26,38,27,11,23,2.00,33432,7456,353,7103,71,1,19,1.2000,9.1500,0.6200,137,62,75,4793,2873,1920,1,1,0,,,0,0,0.2230,0.0095,0.0184,0.0051,0.0473,0.4526,0.5994,1.0000,0.7105,0.0000,2026-03-06 17:49:31
财经木子桐,7613972370461657871,"大盘止跌回升，反攻信号开始？",2026-03-06 11:01:56,2026-03-06 12:13:51,71,125,76,39,7,32,34,38,6,32,34,1.00,26779,9728,614,9114,19,2,33,0.4700,2.5800,0.2200,32,18,14,1703,1122,581,3,2,1,,,77,537,0.3633,0.0020,0.0033,0.0039,0.0631,0.5625,0.6588,0.6667,0.1579,0.1254,2026-03-06 15:26:41
财经葛先生,7613972269643139878,"行情大反攻！黄金今夜暗藏惊人变数？",2026-03-06 11:01:25,2026-03-06 11:53:19,51,2617,2184,1424,1419,5,54,584,580,4,31,71.00,160670,18552,7188,11364,240,12,20,5.3500,8.2500,0.9300,971,829,142,124179,118632,5547,38,29,9,,,2951,4237,0.1155,0.0129,0.0523,0.0315,0.3875,0.8538,0.9553,0.7632,0.9932,0.4105,2026-03-06 15:27:52
鹏哥说市,7613701911132343082,"大A止跌回升，反攻信号开始？",2026-03-05 17:32:29,2026-03-05 18:33:27,60,800,463,72,66,6,56,40,36,4,26,3.00,58514,10053,759,9294,203,1,10,2.1000,14.8200,0.8200,239,159,80,11274,9934,1340,4,3,1,,,0,0,0.1718,0.0202,0.0238,0.0040,0.0755,0.6653,0.8811,0.7500,0.9000,0.0000,2026-03-06 17:50:06
财经葛先生,7613701609989622579,"黄金、白银、原油、A股，反攻真的要来了吗",2026-03-05 17:31:13,2026-03-05 18:24:53,53,2926,2276,728,722,6,59,311,307,4,32,36.00,174410,23272,7657,15615,383,17,20,4.3800,8.1300,0.9200,1109,933,176,170036,164431,5605,59,36,23,,,2875,4782,0.1334,0.0165,0.0477,0.0134,0.3290,0.8413,0.9670,0.6102,0.9871,0.3755,2026-03-06 15:28:26
云霄博士,7613697981033384730,"",2026-03-05 17:17:08,2026-03-05 18:07:07,49,3,1,0,0,0,0,0,0,0,0,0.00,212,16,14,2,0,0,0,3.4800,2.7500,0.0300,0,0,0,81,81,0,0,0,0,,,0,14,0.0755,0.0000,0.0000,0.0000,0.8750,0.0000,1.0000,0.0000,0.0000,0.0000,2026-03-05 18:48:56
财经吴大拿,7613679034135907107,"黄金有色为何不涨",2026-03-05 16:03:33,2026-03-05 16:43:37,40,593,416,38,38,0,7,24,24,0,4,1.00,51811,7380,1043,6337,81,5,4,1.6000,5.0800,0.6700,181,128,53,3211,3158,53,5,1,4,,,121,922,0.1424,0.0110,0.0245,0.0033,0.1413,0.7072,0.9835,0.2000,1.0000,0.1160,2026-03-06 15:26:12
财经木子桐,7613603816013073162,"大盘止跌回升，反攻信号开始？",2026-03-05 11:11:48,2026-03-05 12:18:50,67,98,60,55,37,18,38,48,30,18,38,2.00,13572,3873,655,3218,19,1,37,0.8700,2.7000,0.2700,40,33,7,1283,1269,14,1,0,1,,,78,577,0.2854,0.0049,0.0103,0.0124,0.1691,0.8250,0.9891,0.0000,0.6250,0.1191,2026-03-06 15:27:21
财经葛先生,7613601610702326537,"黄金、白银、A股大反攻！该上车了吗？",2026-03-05 11:03:09,2026-03-05 12:03:42,60,2522,2025,2226,2221,5,182,709,707,2,57,111.00,123501,17810,7493,10317,166,13,40,6.0200,9.1500,0.7500,1024,942,82,48849,48524,325,66,59,7,,,2936,4557,0.1442,0.0093,0.0575,0.0398,0.4207,0.9199,0.9933,0.8939,0.9972,0.3918,2026-03-06 15:29:01
鹏哥说市,7613330911211506442,"3600家下跌，你的股还好吗？",2026-03-04 17:32:43,2026-03-04 18:28:51,56,914,531,97,95,2,64,62,60,2,45,4.00,91102,12474,702,11772,243,1,37,1.7200,15.1700,0.7200,257,170,87,4168,3076,1092,8,5,3,,,0,0,0.1369,0.0195,0.0206,0.0050,0.0563,0.6615,0.7380,0.6250,0.9677,0.0000,2026-03-06 17:50:41
财经葛先生,7613330636102798130,"黄金、A股大幅波动！到底咋办？",2026-03-04 17:31:36,2026-03-04 18:25:28,53,2627,2202,891,889,2,33,268,267,1,22,44.00,148234,21124,7579,13545,226,10,15,4.8200,8.4200,0.7700,871,775,96,166442,163101,3341,39,31,8,,,2835,4744,0.1425,0.0107,0.0412,0.0127,0.3588,0.8898,0.9799,0.7949,0.9963,0.3741,2026-03-06 15:29:36
云霄博士,7613323694471465764,"金融博士生带你聊经济，黄金、A股、石油怎么看?",2026-03-04 17:04:45,2026-03-04 18:00:11,55,4,2,1,1,0,0,1,1,0,0,0.00,578,15,14,1,0,0,0,6.9000,3.6700,4.4700,1,1,0,0,0,0,0,0,0,,,0,14,0.0260,0.0000,0.0667,0.0667,0.9333,1.0000,0.0000,0.0000,1.0000,0.0000,2026-03-05 18:50:06
财经吴大拿,7613307801428364066,"黄金有色为何不涨",2026-03-04 16:02:52,2026-03-04 16:44:38,41,1038,677,49,33,16,27,36,26,10,18,2.00,70962,9105,1101,8004,215,6,10,2.4000,6.2300,1.4500,368,141,227,6544,4640,1904,9,3,6,,,137,964,0.1283,0.0236,0.0404,0.0040,0.1209,0.3832,0.7090,0.3333,0.7222,0.1244,2026-03-04 22:48:15
财经葛先生,7613234586814090011,"黄金、A股大幅波动！到底咋办？",2026-03-04 11:19:04,2026-03-04 12:02:02,42,2860,2458,1813,1810,3,33,556,554,2,26,90.00,204125,20758,7386,13372,200,19,12,4.3800,7.6700,0.5800,1015,918,97,106649,100358,6291,48,40,8,,,2985,4401,0.1017,0.0096,0.0489,0.0268,0.3558,0.9044,0.9410,0.8333,0.9964,0.4041,2026-03-06 15:30:11
财经木子桐,7613234230335900467,"大盘下跌，现在能不能抄底？",2026-03-04 11:17:40,2026-03-04 12:25:02,67,143,93,57,37,20,38,44,24,20,36,2.00,23057,6984,783,6201,17,3,30,0.7800,3.4300,0.2800,53,39,14,4457,4413,44,1,0,1,,,118,665,0.3029,0.0024,0.0076,0.0063,0.1121,0.7358,0.9901,0.0000,0.5455,0.1507,2026-03-06 15:27:57
财经葛先生,7613021508792814370,"黄金、白银、暴跌怎么办？",2026-03-03 21:32:01,2026-03-03 23:28:44,116,10264,7214,8716,8645,71,1259,1140,1108,32,384,435.00,1388616,224164,23620,200544,5771,59,262,2.8200,11.7700,0.6700,4157,2987,1170,3171538,3019326,152212,518,371,147,,,5537,18083,0.1614,0.0257,0.0185,0.0051,0.1054,0.7185,0.9520,0.7162,0.9719,0.2344,2026-03-06 15:30:46
云霄博士,7612962019255274274,"",2026-03-03 17:41:09,2026-03-03 18:20:58,39,32,7,0,0,0,0,0,0,0,0,0.00,933,219,12,207,4,0,0,1.2300,4.4000,0.8800,4,1,3,246,44,202,1,0,1,,,0,12,0.2347,0.0183,0.0183,0.0000,0.0548,0.2500,0.1789,0.0000,0.0000,0.0000,2026-03-05 18:50:42
老桑财知道,7612960786181950254,"黄金怎么了",2026-03-03 17:36:26,2026-03-03 18:26:45,50,534,315,1654,1654,0,25,215,215,0,10,82.00,15175,2252,1462,790,17,5,6,6.5500,7.1000,1.2500,224,209,15,25777,25773,4,2,2,0,,,447,1015,0.1484,0.0075,0.0995,0.0955,0.6492,0.9330,0.9998,1.0000,1.0000,0.3057,2026-03-03 22:50:08
财经葛先生,7612960447645469449,"黄金、白银、A股怎么了？想听！",2026-03-03 17:35:07,2026-03-03 18:31:54,56,5810,4286,1184,1162,22,321,359,347,12,82,59.00,605534,69396,10266,59130,1246,14,51,2.6300,8.7800,0.6800,1489,1093,396,368011,352047,15964,123,72,51,,,3430,6836,0.1146,0.0180,0.0215,0.0052,0.1479,0.7340,0.9566,0.5854,0.9666,0.3341,2026-03-06 15:31:20
鹏哥说市,7612959373996002054,"4800家下跌，散户何去何从？",2026-03-03 17:30:56,2026-03-03 18:25:28,54,1980,1062,142,46,96,116,90,31,59,76,7.00,179750,26854,399,26455,639,1,51,1.4000,14.7300,1.0800,419,78,341,7421,2482,4939,13,1,12,,,0,0,0.1494,0.0238,0.0156,0.0034,0.0149,0.1862,0.3345,0.0769,0.3444,0.0000,2026-03-03 22:48:40
财经吴大拿,7612935845233986339,"大A为何一路向南？明日策略",2026-03-03 15:59:31,2026-03-03 16:44:01,44,906,571,71,60,11,22,46,39,7,12,3.00,88724,12343,1181,11162,150,8,6,1.3500,5.3000,0.7000,318,167,151,5365,4980,385,6,3,3,,,173,1008,0.1391,0.0122,0.0258,0.0037,0.0957,0.5252,0.9282,0.5000,0.8478,0.1465,2026-03-03 22:49:57
财经葛先生,7612861232449686282,"黄金震荡！A股大跌！",2026-03-03 11:10:13,2026-03-03 12:15:25,65,2842,2202,3668,3665,3,88,701,698,3,43,183.00,179702,19935,7759,12176,213,21,26,6.3300,10.3000,0.6700,1070,975,95,424356,414615,9741,42,34,8,,,3436,4323,0.1109,0.0107,0.0537,0.0352,0.3892,0.9112,0.9770,0.8095,0.9957,0.4428,2026-03-06 15:31:55
财经木子桐,7612858810675383091,"大盘暴跌，行情结束了吗？",2026-03-03 11:00:40,2026-03-03 12:09:00,68,200,94,15,14,1,8,10,9,1,4,0.00,52823,12354,654,11700,33,3,3,0.4700,2.9800,0.2300,49,34,15,903,638,265,4,1,3,,,90,564,0.2339,0.0027,0.0040,0.0008,0.0529,0.6939,0.7065,0.2500,0.9000,0.1376,2026-03-03 22:50:03
财经葛先生,7612589955080244006,"地缘冲突！黄金、白银、a股怎么办？",2026-03-02 17:37:24,2026-03-02 18:32:34,55,3521,2742,1686,1671,15,95,408,398,10,52,84.00,254735,32875,8132,24743,401,16,28,3.7500,9.3200,0.5700,1042,919,123,427904,416028,11876,56,43,13,,,3386,4746,0.1291,0.0122,0.0317,0.0124,0.2474,0.8820,0.9722,0.7679,0.9755,0.4164,2026-03-06 15:32:29
鹏哥说市,7612589569586039604,"散户机会在哪里？",2026-03-02 17:35:52,2026-03-02 18:32:51,56,588,292,59,42,17,33,44,34,10,24,2.00,43676,9048,368,8680,95,0,11,1.3500,13.0800,0.6700,141,76,65,7271,6179,1092,8,1,7,,,0,0,0.2072,0.0105,0.0156,0.0049,0.0407,0.5390,0.8498,0.1250,0.7727,0.0000,2026-03-02 22:48:12
云霄博士,7612585713334356788,"云霄博士正在直播",2026-03-02 17:21:05,2026-03-02 18:12:02,50,191,121,15,12,3,15,8,6,2,8,0.00,33859,7387,147,7240,93,1,4,0.7200,6.5000,0.5500,31,13,18,857,569,288,6,1,5,,,0,147,0.2182,0.0126,0.0042,0.0011,0.0199,0.4194,0.6639,0.1667,0.7500,0.0000,2026-03-05 18:51:16
财经吴大拿,7612565817779030794,"4000家下跌明天如何应对",2026-03-02 16:03:36,2026-03-02 16:53:59,50,702,443,93,82,11,34,60,53,7,20,4.00,64675,8945,1066,7879,147,2,12,1.7800,5.8800,0.8700,215,113,102,8447,6382,2065,4,1,3,,,140,926,0.1383,0.0164,0.0240,0.0067,0.1192,0.5256,0.7555,0.2500,0.8833,0.1313,2026-03-02 22:48:18
财经葛先生,7612488762118998811,"地缘冲突！黄金、白银、a股怎么办？",2026-03-02 11:04:52,2026-03-02 12:08:54,64,3220,2531,2888,2867,21,62,852,847,5,36,144.00,183525,18710,8793,9917,256,11,13,7.8700,9.9700,0.9700,1268,1179,89,730757,715612,15145,103,87,16,,,3818,4975,0.1019,0.0137,0.0678,0.0455,0.4700,0.9298,0.9793,0.8447,0.9941,0.4342,2026-03-06 15:33:03
财经木子桐,7612487709445065482,"今天大A应该怎么办？",2026-03-02 11:00:27,2026-03-02 12:13:30,73,1245,455,31,29,2,12,18,17,1,7,1.00,157401,33606,888,32718,43,2,2,0.3500,3.8300,0.1700,70,43,27,2796,2612,184,5,3,2,,,120,768,0.2135,0.0013,0.0021,0.0005,0.0264,0.6143,0.9342,0.6000,0.9444,0.1351,2026-03-02 22:50:12
财经葛先生,7612257302585985826,"大美突袭 黄金 A股 原油",2026-03-01 20:06:21,2026-03-01 21:17:38,71,3376,2744,4225,4220,5,291,1080,1077,3,90,211.00,157388,25376,10241,15135,375,24,51,6.8000,11.6500,0.8500,981,880,101,647440,630840,16600,139,133,6,,,3971,6270,0.1612,0.0148,0.0387,0.0426,0.4036,0.8970,0.9744,0.9568,0.9972,0.3878,2026-03-06 15:33:38
财经葛先生,7611913805508922127,"财经葛先生正在直播",2026-02-28 21:53:32,2026-02-28 23:28:24,94,4504,3310,7656,7092,564,563,1553,1544,9,184,382.00,196743,48216,13021,35195,721,42,129,5.5800,13.0700,0.7500,1474,1325,149,1032148,1015410,16738,180,162,18,,,4802,8219,0.2451,0.0150,0.0306,0.0322,0.2701,0.8989,0.9838,0.9000,0.9942,0.3688,2026-03-06 15:34:12
云霄博士,7611477495094709019,"深度解读26年方向，黄金、石油、化工，谁是主线？",2026-02-27 17:40:22,2026-02-27 18:29:54,49,110,74,14,13,1,14,7,6,1,7,0.00,17196,2723,132,2591,85,1,5,1.1800,7.7800,0.7200,18,11,7,6024,5957,67,0,0,0,,,5,127,0.1584,0.0312,0.0066,0.0026,0.0485,0.6111,0.9889,0.0000,0.8571,0.0379,2026-02-28 15:19:10
鹏哥说市,7611474666091219763,"进来看！大A春季行情",2026-02-27 17:29:25,2026-02-27 18:28:30,59,422,297,85,84,1,53,56,55,1,33,4.00,40842,5115,538,4577,153,4,30,2.9000,16.0500,0.9700,144,120,24,9610,9384,226,7,3,4,,,0,0,0.1252,0.0299,0.0282,0.0109,0.1052,0.8333,0.9765,0.4286,0.9821,0.0000,2026-02-28 15:21:33
财经吴大拿,7611454084876487451,"科技金属明天追哪个",2026-02-27 16:09:31,2026-02-27 16:50:47,41,598,406,68,68,0,41,49,49,0,28,3.00,43598,7897,944,6953,131,5,21,1.5000,6.2500,0.5700,212,156,56,9624,9541,83,6,4,2,,,111,833,0.1811,0.0166,0.0268,0.0062,0.1195,0.7358,0.9914,0.6667,1.0000,0.1176,2026-02-28 15:21:05
云霄博士,7611385332088884010,"",2026-02-27 11:42:59,2026-02-27 12:24:27,41,2,0,0,0,0,0,0,0,0,0,0.00,106,14,8,6,0,1,0,0.6500,0.6000,1.3300,0,0,0,1,0,1,0,0,0,,,1,7,0.1321,0.0000,0.0000,0.0000,0.5714,0.0000,0.0000,0.0000,0.0000,0.1250,2026-02-28 15:20:29
财经木子桐,7611373642555263807,"大盘能否突破成功？",2026-02-27 10:57:38,2026-02-27 12:20:11,82,108,76,14,14,0,5,11,11,0,4,0.00,12487,2861,732,2129,10,5,1,2.0200,3.5300,0.7800,46,40,6,3690,3689,1,0,0,0,,,112,620,0.2291,0.0035,0.0161,0.0038,0.2559,0.8696,0.9997,0.0000,1.0000,0.1530,2026-02-28 15:22:20
鹏哥说市,7611103747183332122,"大A关键节点，节后机会在哪？",2026-02-26 17:30:12,2026-02-26 18:28:14,58,628,403,65,55,10,44,42,36,6,29,3.00,56426,8281,510,7771,200,2,21,2.0800,15.7700,1.0000,160,119,41,3919,3637,282,5,2,3,,,0,0,0.1468,0.0242,0.0193,0.0051,0.0616,0.7438,0.9280,0.4000,0.8571,0.0000,2026-02-28 15:22:19
云霄博士,7611096493965134638,"",2026-02-26 17:01:57,2026-02-26 18:01:31,59,3,0,0,0,0,0,0,0,0,0,0.00,142,13,9,4,0,0,0,3.5000,4.6700,0.2300,1,1,0,0,0,0,0,0,0,,,1,8,0.0915,0.0000,0.0769,0.0000,0.6923,1.0000,0.0000,0.0000,0.0000,0.1111,2026-02-28 15:21:08
财经吴大拿,7611082234677775156,"科技大反攻，明天还涨吗",2026-02-26 16:06:42,2026-02-26 16:49:57,43,774,557,88,82,6,48,52,49,3,30,4.00,62636,9224,1207,8017,265,1,24,1.9200,6.8200,0.8300,222,156,66,6041,5583,458,10,7,3,,,123,1084,0.1473,0.0287,0.0241,0.0056,0.1309,0.7027,0.9242,0.7000,0.9423,0.1019,2026-02-28 15:21:50
财经葛先生,7611029632099928884,"黄金反弹 A股后市如何",2026-02-26 12:42:46,2026-02-26 14:09:06,86,2002,1564,2768,2765,3,96,952,950,2,61,138.00,117765,13907,7813,6094,252,15,39,8.8000,9.3200,1.0500,962,910,52,74620,73685,935,25,24,1,,,0,0,0.1181,0.0181,0.0692,0.0685,0.5618,0.9459,0.9875,0.9600,0.9979,0.0000,2026-03-06 15:34:50
财经木子桐,7611003423105829673,"大盘为何跳水？",2026-02-26 11:00:43,2026-02-26 12:17:23,76,173,95,28,27,1,14,21,20,1,11,1.00,12318,3049,818,2231,14,1,7,2.1500,3.6800,1.0300,38,31,7,1327,1270,57,1,1,0,,,113,705,0.2475,0.0046,0.0125,0.0069,0.2683,0.8158,0.9570,1.0000,0.9524,0.1381,2026-02-28 15:23:02
戴维李,7610968546566359854,"大A反弹，黄金怎么看！",2026-02-26 08:45:54,2026-02-26 09:28:14,42,1849,1438,921,883,38,127,435,414,21,69,46.00,93812,15111,6253,8858,123,8,46,3.2700,5.1000,0.6800,374,339,35,34690,33224,1466,23,22,1,,,1970,4283,0.1611,0.0081,0.0248,0.0288,0.4138,0.9064,0.9577,0.9565,0.9517,0.3150,2026-02-26 22:46:42
鹏哥说市,7610732494157024063,"大A关键节点，节后主线在哪？",2026-02-25 17:29:38,2026-02-25 18:39:28,69,761,457,101,101,0,86,61,61,0,50,5.00,83398,9227,691,8536,393,5,43,2.7200,16.8300,1.2500,229,165,64,3899,3758,141,6,3,3,,,0,0,0.1106,0.0426,0.0248,0.0066,0.0749,0.7205,0.9638,0.5000,1.0000,0.0000,2026-02-28 15:23:00
云霄博士,7610727943836355337,"",2026-02-25 17:11:52,2026-02-25 18:03:30,51,23,5,0,0,0,0,0,0,0,0,0.00,927,152,14,138,4,1,0,1.5800,7.8800,0.9000,5,3,2,0,0,0,0,0,0,,,1,13,0.1640,0.0263,0.0329,0.0000,0.0921,0.6000,0.0000,0.0000,0.0000,0.0714,2026-02-28 15:23:13
财经吴大拿,7610709287742376738,"放量冲高，散户追什么？",2026-02-25 15:59:26,2026-02-25 16:46:23,46,760,561,115,107,8,41,78,74,4,29,5.00,62706,9531,1163,8368,243,4,16,2.0200,8.0300,0.7700,250,197,53,8914,8482,432,6,4,2,,,138,1025,0.1520,0.0255,0.0262,0.0082,0.1220,0.7880,0.9515,0.6667,0.9487,0.1187,2026-02-28 15:22:32
财经木子桐,7610631150830226212,"A股放量上行，牛市来了吗？",2026-02-25 10:56:29,2026-02-25 12:15:24,78,154,91,29,29,0,16,21,21,0,9,1.00,14659,2989,764,2225,16,2,3,2.3300,4.1700,0.8700,53,45,8,4199,4102,97,2,2,0,,,102,662,0.2039,0.0054,0.0177,0.0070,0.2556,0.8491,0.9769,1.0000,1.0000,0.1335,2026-02-28 15:24:18
鹏哥说市,7610360699889601322,"马年首日假涨！！风险还是机会？",2026-02-24 17:26:51,2026-02-24 18:36:11,69,592,309,99,84,15,68,55,49,6,39,4.00,58779,8334,502,7832,293,2,28,1.9800,17.9200,0.8000,122,89,33,3594,3206,388,9,7,2,,,0,0,0.1418,0.0352,0.0146,0.0066,0.0602,0.7295,0.8920,0.7778,0.8909,0.0000,2026-02-28 15:23:39
云霄博士,7610359177483012883,"",2026-02-24 17:20:50,2026-02-24 18:21:01,60,3,0,0,0,0,0,0,0,0,0,0.00,163,14,11,3,0,2,0,1.2000,0.8500,0.1300,1,1,0,0,0,0,0,0,0,,,1,10,0.0859,0.0000,0.0714,0.0000,0.7857,1.0000,0.0000,0.0000,0.0000,0.0909,2026-02-28 15:24:33
财经吴大拿,7610339300542122806,"A股明天怎么走？",2026-02-24 16:03:44,2026-02-24 16:59:31,55,607,401,65,57,8,22,48,44,4,16,3.00,46971,8141,1124,7017,158,3,5,1.9800,6.8800,0.8800,130,97,33,3614,3580,34,3,1,2,,,152,972,0.1733,0.0194,0.0160,0.0059,0.1381,0.7462,0.9906,0.3333,0.9167,0.1352,2026-02-28 15:23:13
云霄博士,7610330060167334719,"",2026-02-24 15:27:57,2026-02-24 16:16:56,48,0,0,0,0,0,0,0,0,0,0,0.00,1,0,0,0,0,0,0,0.0000,0.0000,0.0000,0,0,0,0,0,0,0,0,0,,,0,0,0.0000,0.0000,0.0000,0.0000,0.0000,0.0000,0.0000,0.0000,0.0000,0.0000,2026-02-28 15:25:09
财经木子桐,7610319085422856998,"大盘企稳回升，A股机会在哪里？",2026-02-24 14:45:18,2026-02-24 15:50:46,65,134,79,16,16,0,7,13,13,0,5,0.00,17614,3606,724,2882,12,3,2,1.3300,3.1700,0.4700,56,49,7,1104,974,130,2,2,0,,,123,601,0.2047,0.0033,0.0155,0.0036,0.2008,0.8750,0.8822,1.0000,1.0000,0.1699,2026-02-28 15:24:55
财经葛先生,7610042022677826344,"黄金反弹 恒生高开A股后市如何",2026-02-23 20:50:04,2026-02-23 21:49:19,59,2261,1765,6541,6105,436,470,1077,1072,5,45,327.00,84567,15497,7705,7792,109,12,23,5.8200,8.5000,0.6500,657,629,28,60838,60406,432,76,73,3,,,0,0,0.1833,0.0070,0.0424,0.0695,0.4972,0.9574,0.9929,0.9605,0.9954,0.0000,2026-03-06 15:36:00
财经葛先生,7608181935181024035,"黄金剧烈调整 A股年后舞力全开",2026-02-18 20:31:58,2026-02-18 22:13:23,101,2700,1390,4897,4894,3,191,939,937,2,47,244.00,179853,26151,7807,18344,224,7,20,4.4700,9.7800,0.6300,642,585,57,74346,73933,413,45,39,6,,,0,0,0.1454,0.0086,0.0245,0.0359,0.2985,0.9112,0.9944,0.8667,0.9979,0.0000,2026-03-06 15:36:34
财经木子桐,7606339515449002790,"CPI今夜来袭黄金是涨还是跌",2026-02-13 21:22:29,2026-02-13 21:48:44,26,1594,855,44,44,0,39,15,15,0,11,2.00,94318,13302,857,12445,203,1,6,0.9500,3.0500,0.6200,228,50,178,2257,1969,288,8,1,7,,,90,551,0.1410,0.0153,0.0171,0.0011,0.0644,0.2193,0.8724,0.1250,1.0000,0.1050,2026-02-13 22:48:10
财经葛先生,7606337562029951744,"CPI今夜来袭黄金是涨是跌？",2026-02-13 21:14:53,2026-02-13 22:32:47,77,5015,3307,7115,7108,7,153,670,668,2,82,355.00,236665,34600,12401,22199,748,25,53,6.5200,9.9000,1.0300,1511,1266,245,427309,411844,15465,107,85,22,,,0,0,0.1462,0.0216,0.0437,0.0194,0.3584,0.8379,0.9638,0.7944,0.9970,0.0000,2026-03-06 15:37:09
财经吴大拿,7606276222938630963,"A股年后怎么走",2026-02-13 17:17:05,2026-02-13 18:06:52,49,1378,1073,186,163,23,167,66,58,8,51,9.00,162745,19214,1580,17634,532,5,38,1.9800,8.9300,1.0800,494,245,249,8956,6580,2376,15,5,10,,,0,0,0.1181,0.0277,0.0257,0.0034,0.0822,0.4960,0.7347,0.3333,0.8788,0.0000,2026-02-28 15:23:54
财经木子桐,7606189518814841638,"黄金、A股暴跌，如何操作？",2026-02-13 11:40:40,2026-02-13 12:55:31,74,663,378,200,197,3,157,52,49,3,38,10.00,93724,10591,1315,9276,119,9,22,1.9200,6.2700,0.9300,150,105,45,13940,12949,991,7,3,4,,,183,1026,0.1130,0.0112,0.0142,0.0049,0.1242,0.7000,0.9289,0.4286,0.9423,0.1392,2026-02-13 22:48:47
财经葛先生,7606177405870312219,"黄金、A股暴跌！机会还是陷阱？",2026-02-13 10:53:31,2026-02-13 11:49:05,55,2985,2471,2502,2487,15,179,654,644,10,60,125.00,229448,24097,7462,16635,372,8,35,4.9700,9.4200,0.9800,1134,987,147,539214,520332,18882,49,39,10,,,0,0,0.1050,0.0154,0.0471,0.0271,0.3097,0.8704,0.9650,0.7959,0.9847,0.0000,2026-03-06 15:37:44
财经葛先生,7605912103723043610,"黄金、A股横盘震荡！横久必暴跌？",2026-02-12 17:44:18,2026-02-12 18:33:00,48,2333,1931,1624,1605,19,50,342,327,15,36,81.00,121264,18338,5675,12663,195,10,25,4.3800,9.0500,0.9800,773,665,108,115163,110563,4600,30,23,7,,,2539,3136,0.1512,0.0106,0.0422,0.0186,0.3095,0.8603,0.9601,0.7667,0.9561,0.4474,2026-02-12 22:50:38
鹏哥说市,7605908755864718107,"大横盘不动，节后是好是坏？",2026-02-12 17:31:02,2026-02-12 18:29:21,58,771,399,81,56,25,64,38,23,15,25,4.00,72329,9837,180,9657,257,1,16,1.7800,15.5300,1.2200,179,44,135,6389,3189,3200,21,1,20,,,0,0,0.1360,0.0261,0.0182,0.0039,0.0183,0.2458,0.4991,0.0476,0.6053,0.0000,2026-02-12 22:48:25
财经吴大拿,7605897249951927091,"A股年后怎么走",2026-02-12 16:46:22,2026-02-12 17:20:29,34,747,589,51,47,4,35,29,27,2,17,2.00,77854,9779,895,8884,198,2,14,1.3700,5.1700,0.7800,133,69,64,5960,5015,945,7,3,4,,,0,0,0.1256,0.0202,0.0136,0.0030,0.0915,0.5188,0.8414,0.4286,0.9310,0.0000,2026-02-28 15:25:49
财经葛先生,7605807922546854682,"黄金、A股横盘震荡！横久必暴跌？",2026-02-12 10:59:49,2026-02-12 11:50:17,50,2744,2181,1668,1551,117,47,567,552,15,32,83.00,148852,18518,6253,12265,161,6,26,5.1800,9.2300,0.9000,944,813,131,324697,314197,10500,35,24,11,,,3113,3140,0.1244,0.0087,0.0510,0.0306,0.3377,0.8612,0.9677,0.6857,0.9735,0.4978,2026-02-12 22:51:16
财经木子桐,7605807649292372787,"黄金持股过节还是持币过节？",2026-02-12 10:58:38,2026-02-12 12:18:20,79,893,618,61,27,34,51,39,19,20,32,3.00,145676,17856,1324,16532,323,0,24,1.9700,7.6500,1.1200,238,103,135,8718,5317,3401,19,6,13,,,177,1147,0.1226,0.0181,0.0133,0.0022,0.0741,0.4328,0.6099,0.3158,0.4872,0.1337,2026-02-12 22:50:04
财经葛先生,7605594081380584207,"黄金、A股回升！要不要持仓过节？",2026-02-11 21:09:43,,99,11230,7156,13089,9836,3253,4478,1756,1286,470,741,0.00,651216,113462,14772,98690,5655,61,621,5.2800,8.8800,1.5200,3778,1970,1808,3201997,2707399,494598,424,196,228,,,5374,9366,0.1742,0.0498,0.0333,0.0155,0.1302,0.5214,0.8455,0.4623,0.7323,0.3638,2026-02-11 22:51:27
云霄博士,7605540527454358307,"",2026-02-11 17:42:15,2026-02-11 18:27:05,44,1,0,0,0,0,0,0,0,0,0,0.00,165,14,12,2,0,0,0,0.1500,0.1300,0.1300,0,0,0,0,0,0,0,0,0,,,0,0,0.0848,0.0000,0.0000,0.0000,0.8571,0.0000,0.0000,0.0000,0.0000,0.0000,2026-02-28 15:25:45
鹏哥说市,7605537048736402195,"大A缩量博弈，这些板块需要规避",2026-02-11 17:28:58,2026-02-11 18:30:20,61,584,291,79,38,41,57,38,22,16,27,3.00,53813,8607,144,8463,186,0,21,1.5300,16.5000,1.1000,112,34,78,9905,6927,2978,2,0,0,,,0,0,0.1599,0.0216,0.0130,0.0044,0.0167,0.3036,0.6993,0.0000,0.5789,0.0000,2026-02-11 22:48:09
财经吴大拿,7605513857335528198,"当下散户何去何从",2026-02-11 15:58:33,2026-02-11 16:47:01,48,1116,779,142,50,92,121,84,32,52,67,7.00,119568,14997,1095,13902,448,4,52,1.7700,5.9500,1.1700,376,154,222,6599,4006,2593,19,5,14,,,122,973,0.1254,0.0299,0.0251,0.0056,0.0730,0.4096,0.6071,0.2632,0.3810,0.1114,2026-02-11 22:50:38
云霄博士,7605454109538175807,"",2026-02-11 12:06:42,2026-02-11 12:39:35,32,0,0,0,0,0,0,0,0,0,0,0.00,1,0,0,0,0,0,0,0.0000,0.0000,0.0000,0,0,0,0,0,0,0,0,0,,,0,0,0.0000,0.0000,0.0000,0.0000,0.0000,0.0000,0.0000,0.0000,0.0000,0.0000,2026-02-28 15:26:21
财经木子桐,7605437643597286194,"黄金持股过节还是持币过节？",2026-02-11 11:02:47,2026-02-11 12:29:27,86,1235,853,928,764,164,855,183,96,87,148,46.00,165736,21957,1506,20451,715,6,110,2.6000,9.9000,1.4500,569,212,357,33111,19549,13562,29,8,21,,,279,1227,0.1325,0.0326,0.0259,0.0083,0.0686,0.3726,0.5904,0.2759,0.5246,0.1853,2026-02-11 22:49:11
财经葛先生,7605437097306016539,"黄金、A股回升！要不要持仓过节？",2026-02-11 11:00:33,2026-02-11 11:53:49,53,2709,2261,3337,3265,72,171,778,738,40,97,166.00,119709,16763,5748,11015,272,7,78,6.4000,11.3000,1.2200,1013,873,140,214173,201954,12219,31,23,8,,,2898,2850,0.1400,0.0162,0.0604,0.0464,0.3429,0.8618,0.9429,0.7419,0.9486,0.5042,2026-02-11 22:52:42
鹏哥说市,7605170795270130468,"短剧传媒爆发，踏空的素来",2026-02-10 17:47:19,2026-02-10 18:42:52,55,175,125,49,42,7,26,31,26,5,19,2.00,19398,5802,157,5645,69,0,16,1.1200,15.1000,0.6300,67,40,27,4308,3875,433,4,1,3,,,0,0,0.2991,0.0119,0.0115,0.0053,0.0271,0.5970,0.8995,0.2500,0.8387,0.0000,2026-02-10 22:48:42
财经葛先生,7605167124713065226,"黄金价格重返5000！是陷阱？还是冲锋号",2026-02-10 17:33:08,2026-02-10 18:28:51,55,2289,1835,3063,3048,15,76,436,425,11,39,153.00,145577,14619,5669,8950,146,6,24,6.2200,10.4500,1.1300,993,887,106,315538,306324,9214,51,32,19,,,2837,2832,0.1004,0.0100,0.0679,0.0298,0.3878,0.8933,0.9708,0.6275,0.9748,0.5004,2026-02-10 22:51:10
云霄博士,7605159249882172195,"逛街突破5000，追涨会被套吗",2026-02-10 17:02:27,2026-02-10 18:07:31,65,2,0,2,2,0,2,1,1,0,1,0.00,190,15,12,3,0,2,1,1.0700,1.0500,1.2800,3,2,1,0,0,0,0,0,0,,,0,0,0.0789,0.0000,0.2000,0.0667,0.8000,0.6667,0.0000,0.0000,1.0000,0.0000,2026-02-28 15:26:56
财经吴大拿,7605143473678830342,"持仓过节还是空仓过节",2026-02-10 16:01:08,2026-02-10 16:44:13,43,1682,1165,134,127,7,90,80,76,4,54,6.00,196350,20736,1750,18986,697,8,40,1.6500,7.6500,0.8800,386,231,155,8635,7949,686,49,17,32,,,118,944,0.1056,0.0336,0.0186,0.0039,0.0844,0.5984,0.9206,0.3469,0.9500,0.0674,2026-02-10 22:49:24
财经葛先生,7605066313299512102,"黄金价格重返5000！是陷阱？还是冲锋号",2026-02-10 11:01:54,2026-02-10 11:51:41,49,3382,2492,2914,2845,69,181,767,731,36,95,145.00,192062,20144,6100,14044,401,8,68,5.4200,10.0300,1.2000,1282,1063,219,191849,178559,13290,51,36,15,,,3042,3056,0.1049,0.0199,0.0636,0.0381,0.3028,0.8292,0.9307,0.7059,0.9531,0.4987,2026-02-10 15:20:48
财经木子桐,7605065995413244718,"黄金重返5000点，是机会吗？",2026-02-10 11:00:24,2026-02-10 12:28:54,88,1456,1034,289,146,143,251,187,98,89,160,14.00,221998,38443,1551,36892,881,4,114,1.5700,9.1200,0.9500,542,197,345,24169,12818,11351,38,18,20,,,254,1297,0.1732,0.0229,0.0141,0.0049,0.0403,0.3635,0.5303,0.4737,0.5241,0.1638,2026-02-10 15:20:33
财经葛先生,7604796745125825326,"黄金价格重返5000！是陷阱？还是冲锋号",2026-02-09 17:35:53,2026-02-09 18:24:23,48,5071,3832,3905,3875,30,391,645,638,7,102,195.00,456784,47397,8129,39268,1160,13,72,3.1200,10.3300,0.6800,1667,1380,287,423166,407665,15501,69,44,25,,,3267,4862,0.1038,0.0245,0.0352,0.0136,0.1715,0.8278,0.9634,0.6377,0.9891,0.4019,2026-02-10 15:21:25
鹏哥说市,7604795209196604170,"机会还是坑？进来看",2026-02-09 17:29:53,2026-02-09 18:26:22,56,514,258,71,65,6,35,35,33,2,24,3.00,47708,8044,291,7753,142,1,21,1.2500,14.4800,0.5500,108,71,37,8253,7935,318,4,2,2,,,0,0,0.1686,0.0177,0.0134,0.0044,0.0362,0.6574,0.9615,0.5000,0.9429,0.0000,2026-02-10 15:20:34
云霄博士,7604785940938722048,"",2026-02-09 16:53:57,2026-02-09 18:09:17,75,4,1,0,0,0,0,0,0,0,0,0.00,193,14,12,2,0,0,0,7.2000,7.4300,14.5800,4,4,0,332,332,0,2,2,0,,,0,0,0.0725,0.0000,0.2857,0.0000,0.8571,1.0000,1.0000,1.0000,0.0000,0.0000,2026-02-28 15:29:19
财经吴大拿,7604772488941390598,"黄金5000，到顶了吗",2026-02-09 16:01:35,2026-02-09 16:47:59,46,3178,2167,436,428,8,398,202,197,5,172,21.00,204502,29740,3116,26624,2173,8,147,2.5800,10.7300,1.2700,794,497,297,16593,13630,2963,68,44,24,,,147,2969,0.1454,0.0731,0.0267,0.0068,0.1048,0.6259,0.8214,0.6471,0.9752,0.0472,2026-02-10 15:51:23
财经葛先生,7604694959245331250,"过年前，黄金还能涨吗",2026-02-09 11:00:42,2026-02-09 11:51:57,51,4226,3354,4691,4670,21,279,1122,1110,12,116,234.00,346269,39511,8024,31487,939,11,74,3.5200,9.7500,0.6200,1217,1021,196,89548,87655,1893,79,56,23,,,3493,4531,0.1141,0.0238,0.0308,0.0284,0.2031,0.8389,0.9789,0.7089,0.9893,0.4353,2026-02-10 15:22:00
财经木子桐,7604694616444734246,"黄金反弹，机会来了吗？",2026-02-09 10:59:30,2026-02-09 12:44:36,105,1554,1142,376,357,19,338,212,208,4,186,18.00,247077,38927,3195,35732,1276,13,149,2.2000,10.7700,0.9000,585,359,226,16596,15488,1108,37,25,12,,,366,2829,0.1576,0.0328,0.0150,0.0054,0.0821,0.6137,0.9332,0.6757,0.9811,0.1146,2026-02-10 15:21:11
财经葛先生,7603685973809056563,"过年前，黄金还能涨吗",2026-02-06 17:45:26,2026-02-06 18:38:23,52,6104,4496,2763,2732,31,353,754,744,10,205,138.00,519034,65002,9749,55253,1654,11,168,2.8200,10.4000,0.7200,2021,1637,384,457611,442828,14783,128,89,39,,,3825,5924,0.1252,0.0254,0.0311,0.0116,0.1500,0.8100,0.9677,0.6953,0.9867,0.3923,2026-02-10 15:22:37
鹏哥说市,7603682816252971822,"最后一周，大A还有机会吗？",2026-02-06 17:33:10,2026-02-06 18:30:44,57,501,273,161,159,2,26,27,26,1,18,8.00,33620,8043,285,7758,133,0,18,1.4200,14.9500,0.7700,82,51,31,2605,2377,228,11,10,1,,,0,0,0.2392,0.0165,0.0102,0.0034,0.0354,0.6220,0.9125,0.9091,0.9630,0.0000,2026-02-10 15:21:11
云霄博士,7603682528448596788,"",2026-02-06 17:32:00,2026-02-06 18:34:21,62,1,0,0,0,0,0,0,0,0,0,0.00,177,10,6,4,0,3,0,0.2000,0.1200,0.7500,0,0,0,0,0,0,0,0,0,,,0,0,0.0565,0.0000,0.0000,0.0000,0.6000,0.0000,0.0000,0.0000,0.0000,0.0000,2026-02-28 15:29:55
财经木子桐,7603582860133518089,"黄金反弹，机会来了吗？",2026-02-06 11:05:18,2026-02-06 12:42:39,97,2701,1797,743,725,18,618,390,378,12,371,37.00,289209,48869,5177,43692,3542,11,338,2.7000,11.2000,1.1200,1375,882,493,29255,26341,2914,123,83,40,,,529,4648,0.1690,0.0725,0.0281,0.0080,0.1059,0.6415,0.9004,0.6748,0.9692,0.1022,2026-02-10 15:21:49
云霄博士,7603581899025533736,"",2026-02-06 11:01:34,2026-02-06 11:33:39,32,2,0,0,0,0,0,0,0,0,0,0.00,101,6,3,3,0,0,0,2.1700,2.5300,0.1000,1,1,0,6,6,0,0,0,0,,,0,0,0.0594,0.0000,0.1667,0.0000,0.5000,1.0000,1.0000,0.0000,0.0000,0.0000,2026-02-28 15:30:33
财经葛先生,7603581596985576192,"过年前，黄金还能涨吗",2026-02-06 11:00:13,2026-02-06 11:45:17,45,5109,4004,3861,3854,7,260,754,750,4,97,193.00,432323,48296,8103,40193,1046,7,76,2.9000,9.2200,0.6300,1583,1292,291,64304,62151,2153,86,55,31,,,3374,4729,0.1117,0.0217,0.0328,0.0156,0.1678,0.8162,0.9665,0.6395,0.9947,0.4164,2026-02-10 15:25:04
云霄博士,7603313879774415656,"黄金暴涨，今天怎么办？",2026-02-05 17:41:34,2026-02-05 18:31:44,50,5,1,199,199,0,199,1,1,0,1,9.00,202,21,12,9,0,1,0,2.3300,1.2200,3.4800,1,0,1,0,0,0,0,0,0,,,0,0,0.1040,0.0000,0.0476,0.0476,0.5714,0.0000,0.0000,0.0000,1.0000,0.0000,2026-02-28 15:31:09
鹏哥说市,7603311684203334436,"大A连环震荡，主力到底想干啥？",2026-02-05 17:32:59,2026-02-05 18:23:12,50,213,129,38,38,0,31,24,24,0,18,1.00,22068,6128,189,5939,60,0,15,0.9500,11.7000,0.5000,45,36,9,3182,3149,33,7,3,4,,,0,0,0.2777,0.0098,0.0073,0.0039,0.0308,0.8000,0.9896,0.4286,1.0000,0.0000,2026-02-10 15:21:47
财经葛先生,7603311209446066990,"黄金、A股暴跌！节前还有机会吗？",2026-02-05 17:31:08,2026-02-05 18:16:14,45,5307,4393,2321,2302,19,255,580,572,8,158,116.00,438828,53053,8428,44625,1544,14,131,2.9000,10.7800,0.6300,1797,1492,305,78558,76465,2093,95,72,23,,,3388,5040,0.1209,0.0291,0.0339,0.0109,0.1589,0.8303,0.9734,0.7579,0.9862,0.4020,2026-02-10 15:25:40
财经吴大拿,7603288429190826793,"黄金失守5000点，散户该加仓吗",2026-02-05 16:02:39,2026-02-05 16:46:49,44,4263,2911,284,269,15,247,156,148,8,130,14.00,302229,41565,3694,37871,2816,8,103,2.3200,10.3300,1.2200,1281,716,565,14133,12347,1786,111,64,47,,,176,3518,0.1375,0.0677,0.0308,0.0038,0.0889,0.5589,0.8736,0.5766,0.9487,0.0476,2026-02-10 15:52:05
财经木子桐,7603213396518898474,"黄金重挫，失守4900点，当下应该怎么办？",2026-02-05 11:11:27,2026-02-05 12:54:08,102,2720,1713,1011,985,26,889,581,565,16,570,50.00,307258,41548,4360,37188,3559,20,546,3.3500,13.9000,1.2700,1515,976,539,21129,18334,2795,137,93,44,,,404,3956,0.1352,0.0857,0.0365,0.0140,0.1049,0.6442,0.8677,0.6788,0.9725,0.0927,2026-02-10 15:22:24
财经葛先生,7603210650680167177,"黄金、A股暴跌！节前还有机会吗？",2026-02-05 11:00:51,2026-02-05 11:48:29,47,5302,3737,3083,3079,4,403,932,928,4,193,154.00,299401,35122,7826,27296,1186,12,162,4.4000,10.5300,0.8300,1508,1289,219,192944,189112,3832,81,73,8,,,3389,4437,0.1173,0.0338,0.0429,0.0265,0.2228,0.8548,0.9801,0.9012,0.9957,0.4330,2026-02-10 15:26:18
云霄博士,7602963711654562610,"",2026-02-04 19:02:33,2026-02-04 19:32:57,30,4,1,0,0,0,0,0,0,0,0,0.00,433,16,10,6,0,0,0,2.5700,2.9800,0.5800,0,0,0,0,0,0,0,0,0,,,0,0,0.0370,0.0000,0.0000,0.0000,0.6250,0.0000,0.0000,0.0000,0.0000,0.0000,2026-02-28 15:34:12
鹏哥说市,7602943421384231743,"A股大盘起稳了没？没？？",2026-02-04 17:43:52,2026-02-04 18:26:07,42,233,140,19,18,1,11,11,10,1,7,0.00,22148,5231,183,5048,88,0,5,1.0500,10.9200,0.5700,49,29,20,4023,3976,47,3,2,1,,,0,0,0.2362,0.0168,0.0094,0.0021,0.0350,0.5918,0.9883,0.6667,0.9091,0.0000,2026-02-10 15:22:27
财经葛先生,7602940224053889802,"黄金A股见底，应该怎么操作？",2026-02-04 17:31:26,2026-02-04 18:27:11,55,4154,3355,2561,2554,7,376,471,465,6,128,128.00,340716,46761,7465,39296,796,11,100,3.1700,12.2500,0.5800,1070,900,170,75071,72729,2342,98,71,27,,,3308,4157,0.1372,0.0170,0.0229,0.0101,0.1596,0.8411,0.9688,0.7245,0.9873,0.4431,2026-02-10 15:26:59
财经吴大拿,7602916857456446244,"黄金反弹，科技回调，机会来了吗？",2026-02-04 16:00:41,2026-02-04 16:48:40,47,2091,1275,294,287,7,56,73,67,6,41,14.00,193847,20937,1667,19270,911,13,27,2.1300,9.0200,1.2000,602,298,304,6743,5948,795,69,38,31,,,151,1516,0.1080,0.0435,0.0288,0.0035,0.0796,0.4950,0.8821,0.5507,0.9178,0.0906,2026-02-10 15:52:41
戴维李,7602854220143790874,"黄金暴力反弹！调整结束了吗？",2026-02-04 11:57:48,2026-02-04 13:03:21,65,7626,5420,3122,2589,533,1330,934,625,309,606,156.00,813990,103121,15208,87913,2015,33,497,2.6300,7.1200,1.1000,2737,1588,1149,57236,48402,8834,232,107,125,,,3988,11220,0.1267,0.0195,0.0265,0.0091,0.1475,0.5802,0.8457,0.4612,0.6692,0.2622,2026-02-04 22:41:57
财经木子桐,7602842282953362195,"紧急，黄鸡300点反弹，机会来了吗？",2026-02-04 11:11:36,2026-02-04 12:50:38,99,1419,981,462,443,19,459,213,202,11,210,23.00,137782,27274,1947,25327,1866,4,190,2.7000,14.6000,1.1700,800,500,300,20380,18373,2007,65,48,17,,,236,1711,0.1980,0.0684,0.0293,0.0078,0.0714,0.6250,0.9015,0.7385,0.9484,0.1212,2026-02-10 15:23:02
财经葛先生,7602837922236205862,"黄金白银 A股反弹！机会来临？",2026-02-04 10:54:44,2026-02-04 12:00:35,65,4086,3096,3390,3381,9,180,816,810,6,97,169.00,343130,37891,8226,29665,738,7,76,4.5300,11.3200,0.8500,1142,920,222,80865,79169,1696,98,64,34,,,3813,4413,0.1104,0.0195,0.0301,0.0215,0.2171,0.8056,0.9790,0.6531,0.9926,0.4635,2026-02-10 15:27:37
戴维李,7602783754423585586,"黄金暴力反弹！调整结束了吗？",2026-02-04 07:24:33,2026-02-04 08:59:53,95,10715,7044,3218,3167,51,1485,1412,1380,32,783,160.00,1162572,168876,24191,144685,3313,49,631,3.0700,10.2000,1.0000,2539,1889,650,99927,90935,8992,283,191,92,,,4958,15034,0.1453,0.0196,0.0150,0.0084,0.1432,0.7440,0.9100,0.6749,0.9773,0.2050,2026-02-04 22:42:33
云霄博士,7602605972294109962,"黄金暴涨，今天怎么办？",2026-02-03 19:54:23,2026-02-03 20:26:10,31,213,115,22,22,0,22,2,2,0,2,1.00,28231,6748,111,6637,74,1,2,0.4500,3.8500,0.3300,72,13,59,1812,1767,45,5,0,5,,,0,0,0.2390,0.0110,0.0107,0.0003,0.0164,0.1806,0.9752,0.0000,1.0000,0.0000,2026-02-28 15:34:49
鹏哥说市,7602573735635241770,"A股大跌后收红！机会来了？",2026-02-03 17:49:22,2026-02-03 18:26:56,37,603,306,25,25,0,23,15,15,0,14,1.00,28102,6894,240,6654,152,0,9,1.0300,10.0500,0.5700,62,44,18,6475,3634,2841,11,8,3,,,0,0,0.2453,0.0220,0.0090,0.0022,0.0348,0.7097,0.5612,0.7273,1.0000,0.0000,2026-02-10 15:23:02
财经葛先生,7602568720113290034,"黄金白银 A股反弹！机会来临？",2026-02-03 17:29:52,2026-02-03 18:34:40,64,6210,4264,4853,4824,29,597,1101,1085,16,357,242.00,647810,63355,9740,53615,1871,21,294,3.5200,12.7700,0.8300,1616,1259,357,162553,158870,3683,130,92,38,,,4072,5668,0.0978,0.0295,0.0255,0.0174,0.1537,0.7791,0.9773,0.7077,0.9855,0.4181,2026-02-10 15:28:52
财经吴大拿,7602547906272529193,"4000家上涨，机会还是风险？",2026-02-03 16:09:02,2026-02-03 16:57:47,48,1869,995,101,94,7,62,71,66,5,43,5.00,202671,18505,1345,17160,661,4,35,1.8000,7.8500,0.9700,541,233,308,8797,7425,1372,24,15,9,,,150,1195,0.0913,0.0357,0.0292,0.0038,0.0727,0.4307,0.8440,0.6250,0.9296,0.1115,2026-02-10 15:53:17
戴维李,7602483434480519974,"黄金触底反弹！调整结束了吗？",2026-02-03 11:58:54,2026-02-03 13:06:52,67,6640,4862,2400,1676,724,437,659,523,136,285,120.00,671386,71986,15711,56275,1453,28,210,3.8000,7.5700,1.5300,2506,1561,945,55836,45239,10597,217,108,109,,,4012,11699,0.1072,0.0202,0.0348,0.0092,0.2183,0.6229,0.8102,0.4977,0.7936,0.2554,2026-02-03 14:30:35
财经木子桐,7602472281612438313,"紧急，黄鸡300点反弹，机会来了吗？",2026-02-03 11:15:43,2026-02-03 13:17:49,122,181,79,4,4,0,4,3,3,0,3,0.00,16379,8321,171,8150,147,0,3,1.0500,12.1500,0.6500,70,38,32,2648,2607,41,0,0,0,,,4,167,0.5080,0.0177,0.0084,0.0004,0.0206,0.5429,0.9845,0.0000,1.0000,0.0234,2026-02-10 15:23:41
财经葛先生,7602468504347904814,"黄金白银 A股反弹！机会来临？",2026-02-03 11:00:57,2026-02-03 11:57:26,56,5154,3479,5504,5485,19,181,924,912,12,110,275.00,517388,46399,7826,38573,1056,9,80,3.4300,11.1200,0.6800,839,673,166,88365,87264,1101,91,60,31,,,3637,4189,0.0897,0.0228,0.0181,0.0199,0.1687,0.8021,0.9875,0.6593,0.9870,0.4647,2026-02-10 15:29:28
戴维李,7602413060262873907,"黄金史诗级暴跌！怎么办",2026-02-03 07:26:11,2026-02-03 09:03:31,97,6568,5081,3333,2863,470,805,1051,844,207,400,166.00,814267,106603,18396,88207,1531,43,303,3.7700,9.4800,1.4800,2518,1635,883,93029,77888,15141,221,124,97,,,4866,13530,0.1309,0.0144,0.0236,0.0099,0.1726,0.6493,0.8372,0.5611,0.8030,0.2645,2026-02-03 14:31:11
鹏哥说市,7602200029675129651,"4600家下跌牛市结束了吗",2026-02-02 17:39:08,2026-02-02 18:15:06,35,709,332,13,13,0,13,6,6,0,6,0.00,33994,8454,193,8261,150,0,6,0.8300,9.1300,0.5700,64,25,39,2393,2301,92,4,3,1,,,0,0,0.2487,0.0177,0.0076,0.0007,0.0228,0.3906,0.9616,0.7500,1.0000,0.0000,2026-02-10 15:23:41
财经葛先生,7602198205677243145,"黄金、A股暴跌！今天咋办？",2026-02-02 17:32:06,2026-02-02 18:29:17,57,2462,2044,4568,4568,0,31,415,415,0,30,228.00,14542,5853,5781,72,19,1,11,18.9700,13.0000,9.0500,1235,1229,6,84419,84415,4,62,62,0,,,0,0,0.4025,0.0032,0.2110,0.0709,0.9877,0.9951,1.0000,1.0000,1.0000,0.0000,2026-02-10 15:30:04
财经吴大拿,7602183627790682918,"金针探底，股民怎么办？",2026-02-02 16:35:31,2026-02-02 17:26:23,50,112,81,57,57,0,7,30,30,0,5,2.00,2124,518,455,63,3,0,2,7.6000,7.2200,0.5700,72,71,1,3332,3332,0,1,1,0,,,0,0,0.2439,0.0058,0.1390,0.0579,0.8784,0.9861,1.0000,1.0000,1.0000,0.0000,2026-02-10 15:53:56
戴维李,7602167697886972723,"黄金史诗级暴跌！怎么办",2026-02-02 15:33:41,2026-02-02 16:18:12,44,12791,8894,1328,1264,64,652,461,429,32,234,66.00,1252729,138922,17804,121118,2713,29,156,2.0700,5.7800,0.9700,3726,1997,1729,56793,47488,9305,357,204,153,,,3914,13890,0.1109,0.0195,0.0268,0.0033,0.1282,0.5360,0.8362,0.5714,0.9306,0.2198,2026-02-03 14:31:46
戴维李,7602112701212478235,"黄金史诗级暴跌！怎么办",2026-02-02 12:00:12,2026-02-02 12:57:32,57,12393,9160,3655,3595,60,1086,1015,981,34,529,182.00,1154705,144195,21744,122451,3584,30,429,2.7800,8.1000,1.1000,3328,2128,1200,70860,63958,6902,475,301,174,,,4920,16824,0.1249,0.0249,0.0231,0.0070,0.1508,0.6394,0.9026,0.6337,0.9665,0.2263,2026-02-03 14:32:21
财经葛先生,7602098008892934958,"黄金、有色暴跌！今天咋办？",2026-02-02 11:03:20,2026-02-02 12:09:20,66,2509,2173,6103,6103,0,126,901,901,0,69,305.00,15106,6433,6288,145,18,7,38,21.3300,13.8800,5.4700,1320,1315,5,159016,159016,0,77,77,0,,,0,0,0.4259,0.0028,0.2052,0.1401,0.9775,0.9962,1.0000,1.0000,1.0000,0.0000,2026-02-10 15:30:40
财经木子桐,7602097340547107626,"",2026-02-02 11:00:34,2026-02-02 12:38:57,98,1,0,0,0,0,0,0,0,0,0,0.00,53,5,4,1,0,0,0,1.3500,0.5700,0.0700,0,0,0,0,0,0,0,0,0,,,0,0,0.0943,0.0000,0.0000,0.0000,0.8000,0.0000,0.0000,0.0000,0.0000,0.0000,2026-02-10 15:24:19
财经葛先生,7602043791982791458,"黄金A股出现剧烈回调 如何操作",2026-02-02 07:33:26,2026-02-02 08:36:02,62,1975,1597,7665,7662,3,160,1021,1019,2,87,383.00,13308,4808,4743,65,20,3,64,19.8000,14.8000,6.0800,744,742,2,119937,119644,293,46,46,0,,,0,0,0.3613,0.0042,0.1547,0.2124,0.9865,0.9973,0.9976,1.0000,0.9980,0.0000,2026-02-10 15:31:31
戴维李,7602035044009413414,"黄金史诗级暴跌！怎么办",2026-02-02 06:59:18,2026-02-02 08:22:35,83,10629,7622,4233,4066,167,2730,1263,1224,39,730,211.00,1190207,152347,22779,129568,3127,44,615,3.2800,9.8800,1.3300,3407,2199,1208,93140,84483,8657,266,158,108,,,5212,17567,0.1280,0.0205,0.0224,0.0083,0.1495,0.6454,0.9071,0.5940,0.9691,0.2288,2026-02-03 14:32:56
戴维李,7601341458892835634,"黄金史诗级暴跌！怎么办",2026-01-31 10:07:37,2026-01-31 11:44:25,96,12705,8838,4157,4051,106,2346,1316,1253,63,920,207.00,1476344,183971,26465,157506,5637,56,773,3.7700,11.4200,1.6000,4983,2753,2230,110856,98034,12822,818,491,327,,,5518,20947,0.1246,0.0306,0.0271,0.0072,0.1439,0.5525,0.8843,0.6002,0.9521,0.2085,2026-02-03 14:33:30
戴维李,7601315258073893678,"黄金史诗级暴跌！怎么办",2026-01-31 08:25:49,2026-01-31 09:38:47,72,22813,16234,6669,6467,202,4345,2697,2590,107,2047,333.00,2341234,274951,31976,242975,10721,80,1824,3.4500,11.8800,1.6700,6711,3594,3117,168306,141995,26311,1143,638,505,,,5947,26029,0.1174,0.0390,0.0244,0.0098,0.1163,0.5355,0.8437,0.5582,0.9603,0.1860,2026-02-03 14:34:05
财经葛先生,7601312236216290083,"黄金A股出现剧烈回调",2026-01-31 08:14:20,2026-01-31 08:45:24,31,2024,1545,4015,4005,10,74,444,439,5,54,200.00,8617,3548,3445,103,31,0,34,13.0500,11.2700,6.4800,581,577,4,59664,59664,0,54,54,0,,,0,0,0.4117,0.0087,0.1638,0.1251,0.9710,0.9931,1.0000,1.0000,0.9887,0.0000,2026-02-10 15:32:27
财经葛先生,7601148213110164239,"黄金A股出现剧烈回调",2026-01-30 21:37:32,2026-01-30 23:29:28,111,3672,2997,27464,27461,3,316,954,951,3,171,1373.00,21483,8442,8240,202,90,17,115,39.0800,23.6300,13.5800,1904,1887,17,409246,404563,4683,241,237,4,,,0,0,0.3930,0.0107,0.2255,0.1130,0.9761,0.9911,0.9886,0.9834,0.9969,0.0000,2026-02-10 15:33:09
戴维李,7601089819942554414,"黄金盘中巨震今天怎么办",2026-01-30 17:51:08,2026-01-30 19:32:22,101,13863,8809,9510,9338,172,6962,2480,2427,53,1903,475.00,1308253,172539,26504,146035,8876,55,1749,4.2200,11.7300,1.5200,7097,4276,2821,159995,145274,14721,1135,710,425,,,5350,21154,0.1319,0.0514,0.0411,0.0144,0.1536,0.6025,0.9080,0.6256,0.9786,0.2019,2026-02-03 14:34:39
鹏哥说市,7601085764561193774,"2月机会在哪里？赶紧看！！！",2026-01-30 17:35:15,2026-01-30 18:18:54,43,5,3,3,3,0,0,1,1,0,0,0.00,340,15,13,2,0,0,0,7.4200,7.8700,0.1300,1,1,0,140,140,0,0,0,0,,,0,0,0.0441,0.0000,0.0667,0.0667,0.8667,1.0000,1.0000,0.0000,1.0000,0.0000,2026-02-10 15:24:17
财经葛先生,7601083209430174515,"黄金A股出现剧烈回调",2026-01-30 17:25:18,2026-01-30 18:26:15,60,2343,1833,9876,9874,2,77,620,619,1,46,493.00,13289,5080,5003,77,39,6,27,21.0700,14.9200,9.0700,868,861,7,136648,135898,750,98,98,0,,,0,0,0.3823,0.0077,0.1709,0.1220,0.9848,0.9919,0.9945,1.0000,0.9984,0.0000,2026-02-10 15:33:48
财经吴大拿,7601062529325959978,"有色跳水，科技反弹，下周股民怎么办",2026-01-30 16:05:04,2026-01-30 17:08:23,63,89,66,83,83,0,28,39,39,0,8,4.00,1931,389,321,68,2,2,5,10.3700,9.1500,1.3300,87,86,1,11118,11101,17,2,2,0,,,0,0,0.2015,0.0051,0.2237,0.1003,0.8252,0.9885,0.9985,1.0000,1.0000,0.0000,2026-02-10 15:55:08
戴维李,7600985604180020019,"黄金盘中巨震今天怎么办",2026-01-30 11:06:44,2026-01-30 12:37:40,90,10137,6092,11348,11250,98,3477,1824,1771,53,1258,567.00,1382357,145483,20660,124823,5139,51,1155,2.9000,8.8000,1.0500,5035,3053,1982,108163,97743,10420,584,339,245,,,4901,15759,0.1052,0.0353,0.0346,0.0125,0.1420,0.6064,0.9037,0.5805,0.9709,0.2372,2026-02-03 14:35:14
财经葛先生,7600984090720193331,"黄金A股出现剧烈回调",2026-01-30 11:00:31,2026-01-30 12:02:59,62,1994,1720,4610,4610,0,70,905,905,0,47,230.00,14154,5355,5259,96,45,13,32,19.5500,13.0000,7.6000,869,866,3,92303,92301,2,83,83,0,,,0,0,0.3783,0.0084,0.1623,0.1690,0.9821,0.9965,1.0000,1.0000,1.0000,0.0000,2026-02-10 15:34:23
财经木子桐,7600979485655059227,"",2026-01-30 10:42:49,2026-01-30 11:59:54,77,2,0,0,0,0,0,0,0,0,0,0.00,100,15,7,8,1,0,0,0.8800,0.8700,0.1300,0,0,0,0,0,0,0,0,0,,,0,0,0.1500,0.0667,0.0000,0.0000,0.4667,0.0000,0.0000,0.0000,0.0000,0.0000,2026-02-10 15:24:55
戴维李,7600933291490855731,"黄金盘中巨震今天怎么办",2026-01-30 07:43:53,2026-01-30 08:51:58,68,10497,6809,2134,2076,58,1031,921,888,33,500,106.00,1040067,133663,17673,115990,4248,25,435,2.6200,8.9300,1.0200,3087,1945,1142,94576,88920,5656,399,248,151,,,3895,13778,0.1285,0.0318,0.0231,0.0069,0.1322,0.6301,0.9402,0.6216,0.9642,0.2204,2026-02-03 14:35:53
云霄博士,7600739631167998730,"",2026-01-29 19:11:57,2026-01-29 19:43:05,31,2,0,0,0,0,0,0,0,0,0,0.00,335,17,11,6,0,0,0,0.9500,1.6200,3.9300,1,1,0,0,0,0,0,0,0,,,0,0,0.0507,0.0000,0.0588,0.0000,0.6471,1.0000,0.0000,0.0000,0.0000,0.0000,2026-02-28 15:36:01
鹏哥说市,7600717385347222308,"",2026-01-29 17:45:48,2026-01-29 18:18:28,32,3,1,0,0,0,0,0,0,0,0,0.00,67,12,10,2,0,0,0,3.3200,3.6200,1.2500,0,0,0,0,0,0,0,0,0,,,0,0,0.1791,0.0000,0.0000,0.0000,0.8333,0.0000,0.0000,0.0000,0.0000,0.0000,2026-02-10 15:24:54
财经葛先生,7600715333619436314,"黄金暴涨！有色下跌！今天咋办？",2026-01-29 17:37:51,2026-01-29 18:29:26,51,1823,1539,7266,7266,0,24,552,552,0,19,363.00,13008,4622,4519,103,12,5,9,16.5200,12.1800,3.7800,1022,1016,6,90078,90078,0,66,66,0,,,0,0,0.3553,0.0026,0.2211,0.1194,0.9777,0.9941,1.0000,1.0000,1.0000,0.0000,2026-02-10 15:35:00
财经吴大拿,7600709533111028506,"闷在科技的散户，明天跑不跑",2026-01-29 17:15:19,2026-01-29 18:01:15,45,136,94,101,101,0,23,47,47,0,12,5.00,2327,386,364,22,1,0,5,10.8700,9.7700,5.1000,66,66,0,9442,9442,0,2,2,0,,,0,0,0.1659,0.0026,0.1710,0.1218,0.9430,1.0000,1.0000,1.0000,1.0000,0.0000,2026-02-10 23:00:10
财经木子桐,7600691405467536169,"",2026-01-29 16:04:58,2026-01-29 16:58:43,53,2,0,0,0,0,0,0,0,0,0,0.00,71,6,3,3,0,0,0,5.2800,0.4700,8.8300,0,0,0,0,0,0,0,0,0,,,0,0,0.0845,0.0000,0.0000,0.0000,0.5000,0.0000,0.0000,0.0000,0.0000,0.0000,2026-02-10 15:25:32
戴维李,7600627698712595251,"黄金暴涨今天怎么办",2026-01-29 11:57:59,2026-01-29 12:48:28,50,8530,6175,3788,3727,61,1505,1005,972,33,678,189.00,942887,109002,12586,96416,3368,27,595,2.1000,7.2500,0.9800,2634,1425,1209,103240,93863,9377,294,143,151,,,2976,9610,0.1156,0.0309,0.0242,0.0092,0.1155,0.5410,0.9092,0.4864,0.9672,0.2365,2026-02-03 14:36:28
财经葛先生,7600615378712447790,"黄金暴涨！有色下跌！今天咋办？",2026-01-29 11:10:07,2026-01-29 12:00:21,50,1877,1559,5819,5819,0,51,851,851,0,35,290.00,14727,4571,4407,164,27,0,16,16.3300,11.3800,4.1200,1016,1007,9,83283,83234,49,51,51,0,,,0,0,0.3104,0.0059,0.2223,0.1862,0.9641,0.9911,0.9994,1.0000,1.0000,0.0000,2026-02-10 15:35:37
财经木子桐,7600613512939113279,"",2026-01-29 11:02:39,2026-01-29 11:52:12,49,1,0,0,0,0,0,0,0,0,0,0.00,50,4,3,1,0,0,0,1.4800,1.1200,2.4200,0,0,0,84,84,0,0,0,0,,,0,0,0.0800,0.0000,0.0000,0.0000,0.7500,0.0000,1.0000,0.0000,0.0000,0.0000,2026-02-10 15:26:10
老桑财知道,7600582438103845659,"黄金怎么了",2026-01-29 09:02:11,2026-01-29 09:23:47,21,827,731,485,479,6,35,192,190,2,24,24.00,16356,2240,1441,799,52,0,13,6.4700,6.7700,2.5000,238,219,19,21868,21555,313,16,15,1,,,538,903,0.1370,0.0232,0.1063,0.0857,0.6433,0.9202,0.9857,0.9375,0.9896,0.3734,2026-02-03 14:30:45
戴维李,7600559372334336819,"黄金暴涨今天怎么办",2026-01-29 07:33:06,2026-01-29 08:55:00,81,8617,6419,4016,3852,164,2006,1473,1433,40,995,200.00,1216881,137481,18114,119367,5172,29,884,2.9200,8.9300,1.2500,3140,1874,1266,86475,79673,6802,531,292,239,,,3707,14407,0.1130,0.0376,0.0228,0.0107,0.1318,0.5968,0.9213,0.5499,0.9728,0.2046,2026-02-03 14:37:02
鹏哥说市,7600342539426007844,"",2026-01-28 17:31:14,2026-01-28 18:09:52,38,4,2,0,0,0,0,0,0,0,0,0.00,208,12,9,3,1,0,0,6.2300,7.5300,0.0700,1,1,0,0,0,0,0,0,0,,,0,0,0.0577,0.0833,0.0833,0.0000,0.7500,1.0000,0.0000,0.0000,0.0000,0.0000,2026-02-10 15:25:32
老桑财知道,7600336531391990566,"闲聊局",2026-01-28 17:07:51,2026-01-28 18:04:36,56,431,370,2312,2310,2,24,300,298,2,15,115.00,10827,1692,1428,264,6,11,10,11.7800,10.2300,1.9500,314,312,2,30380,30380,0,16,16,0,,,671,757,0.1563,0.0035,0.1856,0.1773,0.8440,0.9936,1.0000,1.0000,0.9933,0.4699,2026-02-03 14:32:32
财经木子桐,7600318486568536874,"",2026-01-28 15:57:50,2026-01-28 16:45:59,48,2,0,0,0,0,0,0,0,0,0,0.00,67,7,6,1,0,0,0,1.4200,1.4200,1.8500,1,1,0,76,76,0,0,0,0,,,0,0,0.1045,0.0000,0.1429,0.0000,0.8571,1.0000,1.0000,0.0000,0.0000,0.0000,2026-02-10 15:26:49
鹏哥说市,7600260298263497526,"大A机会在哪？",2026-01-28 12:12:04,2026-01-28 12:34:54,22,4,2,101,0,101,101,1,0,1,1,5.00,48,7,5,2,0,0,0,7.5500,10.3200,1.2500,1,1,0,0,0,0,0,0,0,,,0,0,0.1458,0.0000,0.1429,0.1429,0.7143,1.0000,0.0000,0.0000,0.0000,0.0000,2026-02-10 15:26:10
戴维李,7600251283173296906,"黄金，股市行情解读！",2026-01-28 11:37:00,2026-01-28 12:55:16,78,1802,1409,894,886,8,150,375,369,6,103,44.00,176978,22463,7280,15183,408,7,82,3.9800,7.2300,1.0800,743,580,163,42739,41845,894,64,52,12,,,2420,4860,0.1269,0.0182,0.0331,0.0167,0.3241,0.7806,0.9791,0.8125,0.9840,0.3324,2026-02-03 14:37:37
财经木子桐,7600243259148602153,"",2026-01-28 11:05:47,2026-01-28 11:35:27,29,3,1,0,0,0,0,0,0,0,0,0.00,73,7,5,2,0,0,0,4.2200,5.3500,0.2500,0,0,0,1,1,0,0,0,0,,,0,0,0.0959,0.0000,0.0000,0.0000,0.7143,0.0000,1.0000,0.0000,0.0000,0.0000,2026-02-10 15:27:27
财经葛先生,7600242048603720499,"黄金破5200、A股反弹！还能买吗？",2026-01-28 11:01:12,2026-01-28 11:54:37,53,1729,1433,7908,7908,0,70,593,593,0,22,395.00,10175,4110,4036,74,17,5,12,17.7000,11.6000,5.1700,844,842,2,108411,108389,22,44,43,1,,,0,0,0.4039,0.0041,0.2054,0.1443,0.9820,0.9976,0.9998,0.9773,1.0000,0.0000,2026-02-10 15:36:14
戴维李,7600194383970962226,"黄金，股市行情解读！",2026-01-28 07:56:36,2026-01-28 09:05:05,68,1948,1573,2137,2123,14,151,356,346,10,59,106.00,139241,20333,7010,13323,312,20,41,4.4500,7.9300,1.0800,700,593,107,48762,48377,385,46,42,4,,,2391,4619,0.1460,0.0153,0.0344,0.0175,0.3448,0.8471,0.9921,0.9130,0.9719,0.3411,2026-02-03 14:38:12
财经葛先生,7600192727988374312,"黄金破5000！A股震荡！咋办",2026-01-28 07:50:16,2026-01-28 08:43:23,53,2055,1469,6336,6332,4,157,530,526,4,58,316.00,65540,6355,3628,2727,243,4,51,11.3500,13.1800,2.3800,517,477,40,79394,79275,119,72,62,10,,,0,0,0.0970,0.0382,0.0814,0.0834,0.5709,0.9226,0.9985,0.8611,0.9925,0.0000,2026-02-10 15:36:50
鹏哥说市,7599973332062047022,"大A横盘不动，机会板块在哪？",2026-01-27 17:38:26,2026-01-27 18:18:04,39,160,84,8,6,2,8,5,4,1,5,0.00,13034,4427,68,4359,53,0,4,0.7200,8.3300,0.4500,11,7,4,1303,1214,89,6,3,3,,,0,0,0.3397,0.0120,0.0025,0.0011,0.0154,0.6364,0.9317,0.5000,0.8000,0.0000,2026-02-10 15:26:50
财经葛先生,7599971783411845898,"黄金破5000！A股震荡！咋办",2026-01-27 17:32:32,2026-01-27 18:28:20,55,1453,1237,4041,3980,61,52,477,476,1,11,202.00,10933,3854,3773,81,15,7,4,17.0300,12.3300,5.6300,824,819,5,119474,118823,651,21,21,0,,,0,0,0.3525,0.0039,0.2138,0.1238,0.9790,0.9939,0.9946,1.0000,0.9979,0.0000,2026-02-10 15:37:27
财经木子桐,7599953652308085545,"大A触底反弹，，明天应该怎么办？进来看我直播",2026-01-27 16:22:07,2026-01-27 16:57:39,35,57,39,1,1,0,0,1,1,0,0,0.00,6753,2113,18,2095,12,0,0,0.5300,4.8500,0.4700,9,1,8,485,481,4,1,0,1,,,0,0,0.3129,0.0057,0.0043,0.0005,0.0085,0.1111,0.9918,0.0000,1.0000,0.0000,2026-02-10 15:28:04
财经木子桐,7599892746729114418,"探底回升，下午怎么走？",2026-01-27 12:25:53,2026-01-27 13:12:23,46,57,29,4,4,0,1,3,3,0,1,0.00,5828,1627,22,1605,12,0,1,0.6800,3.6000,0.5500,10,4,6,163,141,22,0,0,0,,,0,0,0.2792,0.0074,0.0061,0.0018,0.0135,0.4000,0.8650,0.0000,1.0000,0.0000,2026-02-10 15:28:43
戴维李,7599884584813071114,"黄金，股市行情解读！",2026-01-27 11:54:19,2026-01-27 12:55:46,61,1962,1553,1595,1589,6,203,541,537,4,91,79.00,151028,19951,7084,12867,241,14,57,3.9300,7.1500,0.9200,906,806,100,60478,59845,633,48,42,6,,,2739,4345,0.1321,0.0121,0.0454,0.0271,0.3551,0.8896,0.9895,0.8750,0.9926,0.3866,2026-02-03 14:38:47
财经葛先生,7599870405253499686,"黄金破5000！A股震荡！咋办",2026-01-27 10:59:04,2026-01-27 11:41:05,42,1650,1335,5005,5005,0,16,600,600,0,13,250.00,8842,3514,3479,35,6,0,2,15.0500,10.3500,5.9500,861,859,2,60535,60533,2,26,25,1,,,0,0,0.3974,0.0017,0.2450,0.1707,0.9900,0.9977,1.0000,0.9615,1.0000,0.0000,2026-02-10 15:38:10
豪哥哥投资观,7599869822641408806,"给大家分析未来3年的市场机会~",2026-01-27 10:56:57,2026-01-27 11:45:40,48,12,6,1317,1317,0,1317,3,3,0,3,65.00,1167,88,76,12,0,1,1,2.8700,2.7700,4.3300,5,5,0,106,106,0,0,0,0,,,0,0,0.0754,0.0000,0.0568,0.0341,0.8636,1.0000,1.0000,0.0000,1.0000,0.0000,2026-03-06 17:49:01
戴维李,7599820950502181642,"黄金，股市行情解读！",2026-01-27 07:47:39,2026-01-27 09:10:07,82,2707,1855,3895,3886,9,335,713,706,7,172,194.00,256031,30690,8473,22217,606,12,145,4.0800,8.6300,1.0500,615,499,116,53724,52796,928,78,62,16,,,2517,5956,0.1199,0.0197,0.0200,0.0232,0.2761,0.8114,0.9827,0.7949,0.9902,0.2971,2026-02-03 14:39:22
财经葛先生,7599603408802237193,"黄金破5000！A股震荡！咋办",2026-01-26 17:43:02,2026-01-26 18:31:46,48,1558,1371,7581,7581,0,27,485,485,0,19,379.00,10644,3781,3724,57,11,6,10,16.7200,12.4700,3.5300,888,883,5,114058,114058,0,42,42,0,,,0,0,0.3552,0.0029,0.2349,0.1283,0.9849,0.9944,1.0000,1.0000,1.0000,0.0000,2026-02-10 15:39:04
鹏哥说市,7599601477958503222,"",2026-01-26 17:35:32,2026-01-26 18:10:35,35,71,22,0,0,0,0,0,0,0,0,0.00,5949,1056,22,1034,4,1,0,0.7700,3.0700,0.4500,6,1,5,4,4,0,0,0,0,,,0,0,0.1775,0.0038,0.0057,0.0000,0.0208,0.1667,1.0000,0.0000,0.0000,0.0000,2026-02-10 15:27:29
财经葛先生,7599499707786054446,"黄金破5000！A股震荡！咋办",2026-01-26 11:00:22,2026-01-26 11:56:51,56,4165,3176,10150,10137,13,563,1596,1588,8,327,507.00,559043,48350,7813,40537,1506,19,282,2.8500,10.4500,0.4800,1949,1695,254,509616,502643,6973,209,140,69,,,0,0,0.0865,0.0311,0.0403,0.0330,0.1616,0.8697,0.9863,0.6699,0.9950,0.0000,2026-02-10 15:40:35
财经葛先生,7598546655796316928,"黄金逼近5000！A股震荡！咋办",2026-01-23 21:22:07,2026-01-23 23:16:03,113,1518,1302,7784,7784,0,80,726,726,0,46,389.00,17746,5354,5266,88,15,12,17,26.8300,16.9800,7.3200,959,951,8,198182,195113,3069,60,60,0,,,0,0,0.3017,0.0028,0.1791,0.1356,0.9836,0.9917,0.9845,1.0000,1.0000,0.0000,2026-02-10 15:41:13
财经木子桐,7598484438221130547,"",2026-01-23 17:20:49,2026-01-23 17:56:03,35,1,0,0,0,0,0,0,0,0,0,0.00,41,7,2,5,0,0,0,0.3000,0.5700,0.1800,0,0,0,0,0,0,0,0,0,,,0,0,0.1707,0.0000,0.0000,0.0000,0.2857,0.0000,0.0000,0.0000,0.0000,0.0000,2026-02-10 15:31:05
财经葛先生,7598387492013902630,"黄金逼近5000！A股震荡！咋办",2026-01-23 11:04:35,2026-01-23 11:58:48,54,1613,1335,5151,5145,6,37,774,772,2,21,257.00,10222,3934,3890,44,7,4,9,17.6800,11.8300,5.6800,815,812,3,70758,70636,122,39,38,1,,,0,0,0.3849,0.0018,0.2072,0.1967,0.9888,0.9963,0.9983,0.9744,0.9974,0.0000,2026-02-10 15:41:49
财经葛先生,7598174666789128960,"黄金、A股回调！咋办？",2026-01-22 21:18:33,2026-01-22 22:33:41,75,1776,1455,4974,4974,0,27,501,501,0,20,248.00,15378,4679,4608,71,11,14,15,22.3800,13.4700,6.4200,597,588,9,124778,122426,2352,47,45,2,,,0,0,0.3043,0.0024,0.1276,0.1071,0.9848,0.9849,0.9812,0.9574,1.0000,0.0000,2026-02-10 15:42:26
鹏哥说市,7598119062886255423,"",2026-01-22 17:42:53,2026-01-22 18:18:03,35,3,1,0,0,0,0,0,0,0,0,0.00,102,9,7,2,0,0,0,2.6200,3.3800,0.1800,1,1,0,676,676,0,0,0,0,,,0,0,0.0882,0.0000,0.1111,0.0000,0.7778,1.0000,1.0000,0.0000,0.0000,0.0000,2026-02-10 15:28:07
财经木子桐,7598037785681251099,"大盘冲高回落，下午怎么走？",2026-01-22 12:27:44,2026-01-22 13:01:16,33,2,0,2,0,2,2,1,0,1,1,0.00,28,5,2,3,0,0,0,0.2700,0.4700,0.1800,0,0,0,0,0,0,0,0,0,,,0,0,0.1786,0.0000,0.0000,0.2000,0.4000,0.0000,0.0000,0.0000,0.0000,0.0000,2026-02-10 15:31:42
财经葛先生,7598016101009214258,"黄金、A股回调！咋办？",2026-01-22 11:03:29,2026-01-22 11:56:12,52,1747,1438,4267,4262,5,13,713,709,4,10,213.00,11266,4249,4171,78,3,3,3,17.0300,11.7300,5.7000,738,736,2,74794,74793,1,26,26,0,,,0,0,0.3772,0.0007,0.1737,0.1678,0.9816,0.9973,1.0000,1.0000,0.9944,0.0000,2026-02-10 15:43:04
财经葛先生,7597802624015977268,"黄金破4800，A股回调！能追吗？",2026-01-21 21:14:57,2026-01-21 22:32:29,77,2047,1622,6963,6963,0,165,535,535,0,40,348.00,16889,5280,5186,94,21,11,25,22.9800,13.0000,5.6700,797,797,0,197091,197058,33,65,63,2,,,0,0,0.3126,0.0040,0.1509,0.1013,0.9822,1.0000,0.9998,0.9692,1.0000,0.0000,2026-02-10 15:43:39
老桑财知道,7597735026336811785,"黄金新高，当下应该怎么办？",2026-01-21 16:52:40,2026-01-21 17:13:58,21,320,257,406,406,0,1,80,80,0,1,20.00,4244,882,864,18,1,4,0,5.8700,4.9800,5.2500,78,78,0,8727,8727,0,4,4,0,,,460,404,0.2078,0.0011,0.0884,0.0907,0.9796,1.0000,1.0000,1.0000,1.0000,0.5324,2026-01-23 22:46:58
财经葛先生,7597644969813281546,"黄金破4800，A股回调！能追吗？",2026-01-21 11:03:18,2026-01-21 11:50:00,46,1688,1423,6419,6415,4,28,680,677,3,14,320.00,10392,4394,4286,108,10,4,7,14.6300,9.8300,8.3000,945,939,6,90282,90247,35,40,40,0,,,0,0,0.4228,0.0023,0.2151,0.1548,0.9754,0.9937,0.9996,1.0000,0.9956,0.0000,2026-02-10 15:44:15
老桑财知道,7597611842843953947,"黄金新高，当下应该怎么办？",2026-01-21 08:54:51,2026-01-21 09:29:29,34,419,346,671,664,7,15,186,185,1,8,33.00,6336,1225,1196,29,2,2,4,9.2000,6.8300,3.5800,244,243,1,39371,39053,318,5,5,0,,,607,589,0.1933,0.0016,0.1992,0.1518,0.9763,0.9959,0.9919,1.0000,0.9946,0.5075,2026-01-23 22:47:34
财经葛先生,7597434074910706484,"黄金新高、A股回调！后市如何操作？",2026-01-20 21:24:42,2026-01-20 22:44:34,79,3630,2918,13025,13011,14,1079,1178,1173,5,299,651.00,299385,42848,10163,32685,1159,20,248,4.5300,11.0500,0.5200,1491,1328,163,269256,267595,1661,125,111,14,,,0,0,0.1431,0.0270,0.0348,0.0275,0.2372,0.8907,0.9938,0.8880,0.9958,0.0000,2026-02-10 15:44:51
财经葛先生,7597272410903169842,"黄金新高、A股回调！后市如何操作？",2026-01-20 10:57:31,2026-01-20 11:50:08,52,1566,1261,6074,5813,261,46,828,824,4,22,303.00,9958,3830,3736,94,8,2,9,16.8500,11.2500,12.9300,861,858,3,91230,91225,5,17,17,0,,,0,0,0.3846,0.0021,0.2248,0.2162,0.9755,0.9965,0.9999,1.0000,0.9952,0.0000,2026-02-10 15:45:26
老桑财知道,7597242526784899886,"跟大家聊聊天市场的运行逻辑！",2026-01-20 09:01:26,2026-01-20 09:29:04,27,450,340,1166,1166,0,18,271,271,0,15,58.00,8853,1439,1150,289,10,3,10,6.2500,5.7700,1.4500,223,220,3,19220,19037,183,4,4,0,,,599,551,0.1625,0.0069,0.1550,0.1883,0.7992,0.9865,0.9905,1.0000,1.0000,0.5209,2026-01-23 22:48:10
财经葛先生,7596903303666223898,"黄金新高、A股回调！后市如何操作？",2026-01-19 11:05:13,2026-01-19 11:59:26,54,1509,1275,4332,4332,0,20,733,733,0,16,216.00,10491,4219,4142,77,10,3,6,15.3500,10.5500,6.1500,926,924,2,99218,99216,2,65,64,1,,,0,0,0.4022,0.0024,0.2195,0.1737,0.9817,0.9978,1.0000,0.9846,1.0000,0.0000,2026-02-10 15:46:02
财经葛先生,7596854615849716495,"黄金、白银、A股回调！后市如何操作？",2026-01-19 07:56:48,2026-01-19 08:56:05,59,1331,1145,8099,8097,2,27,870,868,2,17,404.00,10371,3840,3688,152,10,2,7,16.8200,12.6700,13.8500,474,468,6,129099,129028,71,57,57,0,,,0,0,0.3703,0.0026,0.1234,0.2266,0.9604,0.9873,0.9995,1.0000,0.9977,0.0000,2026-02-10 15:46:38
财经葛先生,7595950089233582848,"黄金、白银、A股回调！后市如何操作？",2026-01-16 21:26:07,2026-01-16 22:38:11,72,1939,1670,9094,9094,0,133,629,629,0,31,454.00,15372,5256,5167,89,22,10,15,21.9700,14.4200,10.9800,833,830,3,222364,221892,472,79,79,0,,,0,0,0.3419,0.0042,0.1585,0.1197,0.9831,0.9964,0.9979,1.0000,1.0000,0.0000,2026-02-10 15:47:15
戴维李,7595872482603715337,"闲聊局",2026-01-16 16:25:09,2026-01-16 18:27:03,121,198,140,959,959,0,25,240,240,0,12,47.00,41410,8080,5666,2414,15,20,8,1.8200,1.8800,0.2700,326,308,18,71051,70686,365,6,6,0,,,1930,3736,0.1951,0.0019,0.0403,0.0297,0.7012,0.9448,0.9949,1.0000,1.0000,0.3406,2026-01-20 22:41:47
财经葛先生,7595867740393491209,"黄金、白银、A股回调！后市如何操作？",2026-01-16 16:06:37,2026-01-16 16:37:43,31,196,131,239,239,0,5,95,95,0,4,11.00,5986,1595,1565,30,1,4,1,2.3300,1.7500,1.0500,73,71,2,5386,5386,0,5,5,0,,,0,0,0.2665,0.0006,0.0458,0.0596,0.9812,0.9726,1.0000,1.0000,1.0000,0.0000,2026-02-10 15:47:52
财经葛先生,7595790527904172838,"黄金、白银、A股回调！后市如何操作？",2026-01-16 11:07:01,2026-01-16 11:57:13,50,1608,1268,6347,6347,0,33,742,742,0,19,317.00,10165,3983,3919,64,8,3,10,15.1800,10.5000,6.0700,899,898,1,101367,101330,37,35,35,0,,,0,0,0.3918,0.0020,0.2257,0.1863,0.9839,0.9989,0.9996,1.0000,1.0000,0.0000,2026-02-10 15:48:28
财经葛先生,7595578578843028258,"黄金、A股回调！后市如何操作？",2026-01-15 21:24:26,2026-01-15 22:38:20,73,2058,1747,8239,8228,11,108,797,795,2,38,411.00,16057,5318,5226,92,30,6,29,23.3500,13.9800,9.4500,836,832,4,287776,287668,108,113,113,0,,,0,0,0.3312,0.0056,0.1572,0.1499,0.9827,0.9952,0.9996,1.0000,0.9975,0.0000,2026-02-10 15:49:08
财经木子桐,7595512925930933018,"",2026-01-15 17:09:47,2026-01-15 17:43:53,34,1,0,0,0,0,0,0,0,0,0,0.00,44,4,2,2,0,0,0,1.2200,2.4300,0.0200,0,0,0,0,0,0,0,0,0,,,0,0,0.0909,0.0000,0.0000,0.0000,0.5000,0.0000,0.0000,0.0000,0.0000,0.0000,2026-02-10 15:35:11
戴维李,7595498452616743730,"闲聊局",2026-01-15 16:13:35,2026-01-15 18:15:37,122,635,365,1177,1077,100,119,286,284,2,17,58.00,44985,10541,6349,4192,38,18,8,3.3300,3.9800,0.5000,447,434,13,64392,64313,79,10,10,0,,,2116,4233,0.2343,0.0036,0.0424,0.0271,0.6023,0.9709,0.9988,1.0000,0.9930,0.3333,2026-01-20 22:42:23
财经木子桐,7595435826222205705,"",2026-01-15 12:10:29,2026-01-15 12:40:59,30,3,1,0,0,0,0,0,0,0,0,0.00,82,7,2,5,0,0,0,5.7300,11.6700,0.7300,1,0,1,0,0,0,0,0,0,,,0,0,0.0854,0.0000,0.1429,0.0000,0.2857,0.0000,0.0000,0.0000,0.0000,0.0000,2026-02-10 15:35:47
财经葛先生,7595417705529297674,"黄金、A股回调！后市如何操作？",2026-01-15 11:00:12,2026-01-15 11:46:09,45,1895,1535,5441,5441,0,44,747,747,0,32,272.00,10465,4482,4400,82,5,3,15,14.8700,9.6300,5.7500,1077,1072,5,56984,56913,71,36,36,0,,,0,0,0.4283,0.0011,0.2403,0.1667,0.9817,0.9954,0.9988,1.0000,1.0000,0.0000,2026-02-10 15:49:48
老桑财知道,7595383586737949467,"跟大家聊聊天市场的运行逻辑！",2026-01-15 08:48:07,2026-01-15 09:16:47,28,569,367,247,247,0,22,131,131,0,13,12.00,17884,2593,1366,1227,22,6,11,3.3500,4.6000,0.5700,182,174,8,28626,28587,39,6,5,1,,,0,0,0.1450,0.0085,0.0702,0.0505,0.5268,0.9560,0.9986,0.8333,1.0000,0.0000,2026-01-23 22:48:47
财经葛先生,7595208076202953487,"黄金历史新高！应该如何操作？",2026-01-14 21:26:43,2026-01-14 22:35:27,68,2110,1740,11027,11026,1,2242,682,681,1,44,551.00,16578,5667,5556,111,18,10,22,20.3200,13.4000,7.5800,873,868,5,154946,151291,3655,64,63,1,,,0,0,0.3418,0.0032,0.1540,0.1203,0.9804,0.9943,0.9764,0.9844,0.9985,0.0000,2026-02-10 15:50:27
老桑财知道,7595152834677443366,"跟大家聊聊天市场的运行逻辑！",2026-01-14 17:52:23,2026-01-14 18:28:38,36,634,505,352,352,0,23,168,168,0,15,17.00,29964,5945,2373,3572,41,6,6,2.3500,4.2800,0.4200,255,247,8,40854,40825,29,9,8,1,,,0,0,0.1984,0.0069,0.0429,0.0283,0.3992,0.9686,0.9993,0.8889,1.0000,0.0000,2026-01-23 22:49:24
财经木子桐,7595140326277663497,"",2026-01-14 17:03:57,2026-01-14 17:40:40,36,5,1,0,0,0,0,0,0,0,0,0.00,85,8,3,5,0,0,0,3.6300,5.5800,0.5700,1,1,0,0,0,0,0,0,0,,,0,0,0.0941,0.0000,0.1250,0.0000,0.3750,1.0000,0.0000,0.0000,0.0000,0.0000,2026-02-10 15:36:23
戴维李,7595136814990494515,"闲聊局",2026-01-14 16:50:12,2026-01-14 18:57:30,127,508,300,2055,2042,13,669,305,303,2,29,102.00,52610,11694,7537,4157,26,30,14,2.4300,2.8300,0.4200,712,679,33,114655,114004,651,11,11,0,,,2444,5093,0.2223,0.0022,0.0609,0.0261,0.6445,0.9537,0.9943,1.0000,0.9934,0.3243,2026-01-20 22:42:58
财经木子桐,7595083528803601203,"",2026-01-14 13:23:29,2026-01-14 13:51:25,27,1,0,0,0,0,0,0,0,0,0,0.00,53,3,3,0,0,0,0,2.4500,2.6800,0.0000,0,0,0,0,0,0,0,0,0,,,0,0,0.0566,0.0000,0.0000,0.0000,1.0000,0.0000,0.0000,0.0000,0.0000,0.0000,2026-02-10 15:37:01
老桑财知道,7595071397309582126,"闲聊局，跟大家聊聊天！",2026-01-14 12:36:30,2026-01-14 13:02:31,26,467,303,1066,1065,1,21,139,138,1,15,53.00,12084,1731,1111,620,10,8,6,4.0000,4.7700,0.4800,97,93,4,17822,17817,5,2,2,0,,,0,0,0.1432,0.0058,0.0560,0.0803,0.6418,0.9588,0.9997,1.0000,0.9928,0.0000,2026-01-23 22:50:00
财经葛先生,7595046608233188123,"黄金、A股反弹！要追吗？",2026-01-14 11:00:10,2026-01-14 11:50:48,50,1763,1402,5782,5781,1,63,787,786,1,36,289.00,10225,4296,4209,87,13,5,17,15.6700,11.0300,4.8300,1089,1087,2,88614,87127,1487,45,45,0,,,0,0,0.4201,0.0030,0.2535,0.1832,0.9797,0.9982,0.9832,1.0000,0.9987,0.0000,2026-02-10 15:51:17
财经葛先生,7594834347534863156,"CPI数据公布黄金是涨？是跌？",2026-01-13 21:16:27,2026-01-13 22:23:29,67,1969,1641,14225,14225,0,289,867,867,0,102,711.00,16570,5583,5485,98,24,12,70,18.7500,11.2500,8.5700,926,922,4,214115,212283,1832,77,77,0,,,0,0,0.3369,0.0043,0.1659,0.1553,0.9824,0.9957,0.9914,1.0000,1.0000,0.0000,2026-02-10 15:51:55
财经木子桐,7594766010268371739,"",2026-01-13 16:51:27,2026-01-13 17:20:06,28,2,1,0,0,0,0,0,0,0,0,0.00,40,3,3,0,0,0,0,9.8000,9.9300,0.0000,0,0,0,0,0,0,0,0,0,,,0,0,0.0750,0.0000,0.0000,0.0000,1.0000,0.0000,0.0000,0.0000,0.0000,0.0000,2026-02-10 15:37:40
戴维李,7594753547711925043,"闲聊局",2026-01-13 16:02:56,2026-01-13 18:12:12,129,538,280,2337,2313,24,102,390,380,10,55,116.00,57532,12783,7129,5654,39,24,46,2.1500,2.9300,0.3000,701,665,36,152244,148069,4175,8,8,0,,,2359,4770,0.2222,0.0031,0.0548,0.0305,0.5577,0.9486,0.9726,1.0000,0.9744,0.3309,2026-01-13 22:42:25
财经葛先生,7594674999437364018,"卫星暴跌!黄金调整！",2026-01-13 10:58:17,2026-01-13 11:45:46,47,1734,1274,6404,6404,0,60,872,872,0,38,320.00,10373,4456,4373,83,11,4,22,12.6800,9.0500,3.8700,1244,1243,1,81391,81162,229,45,45,0,,,0,0,0.4296,0.0025,0.2792,0.1957,0.9814,0.9992,0.9972,1.0000,1.0000,0.0000,2026-02-10 15:52:31
财经葛先生,7594465712060631848,"黄金又破历史新高，能追吗？",2026-01-12 21:26:02,2026-01-12 22:38:03,72,2341,1910,9984,9828,156,177,974,972,2,84,499.00,16664,6174,6092,82,26,5,45,21.2700,12.9800,12.5500,970,967,3,97629,97232,397,101,100,1,,,0,0,0.3705,0.0042,0.1571,0.1578,0.9867,0.9969,0.9959,0.9901,0.9979,0.0000,2026-02-10 15:53:06
财经木子桐,7594408611481242406,"大A连续上涨17天，何时见顶？",2026-01-12 17:44:32,2026-01-12 18:10:09,25,120,71,3,3,0,0,2,2,0,0,0.00,11819,2909,36,2873,23,0,0,0.5200,3.1700,0.4500,11,4,7,512,415,97,1,0,1,,,0,0,0.2461,0.0079,0.0038,0.0007,0.0124,0.3636,0.8105,0.0000,1.0000,0.0000,2026-02-10 15:38:30
戴维李,7594398600583465774,"闲聊局",2026-01-12 17:05:35,2026-01-12 19:10:56,125,723,390,15335,14603,732,94,581,571,10,41,766.00,59503,13387,8060,5327,48,29,20,2.7000,3.3300,0.4300,1075,1023,52,145990,143876,2114,21,19,2,,,2759,5301,0.2250,0.0036,0.0803,0.0434,0.6021,0.9516,0.9855,0.9048,0.9828,0.3423,2026-01-12 22:42:28
老桑财知道,7594384164644735754,"闲聊局，跟大家聊聊天！",2026-01-12 16:09:33,2026-01-12 16:50:45,41,711,476,3247,3245,2,47,411,409,2,25,162.00,18819,2848,1757,1091,13,9,14,6.2000,7.2800,0.8200,346,340,6,40049,40017,32,7,7,0,,,801,956,0.1513,0.0046,0.1215,0.1443,0.6169,0.9827,0.9992,1.0000,0.9951,0.4559,2026-01-12 22:47:19
财经木子桐,7594325192427653926,"",2026-01-12 12:20:49,2026-01-12 12:52:53,32,16,8,0,0,0,0,0,0,0,0,0.00,2077,267,12,255,7,0,0,0.7700,4.4800,0.4300,0,0,0,0,0,0,0,0,0,,,0,0,0.1286,0.0262,0.0000,0.0000,0.0449,0.0000,0.0000,0.0000,0.0000,0.0000,2026-02-10 15:39:20
财经葛先生,7594303888962046754,"黄金又破历史新高，能追吗？",2026-01-12 10:58:17,2026-01-12 11:48:48,50,1576,1142,6345,6345,0,48,1019,1019,0,28,317.00,10427,3836,3776,60,4,5,12,14.2200,9.8300,7.1500,439,438,1,64836,64835,1,35,35,0,,,0,0,0.3679,0.0010,0.1144,0.2656,0.9844,0.9977,1.0000,1.0000,1.0000,0.0000,2026-02-10 15:53:52
戴维李,7594065618362551055,"周末闲聊",2026-01-11 19:33:23,2026-01-11 20:32:40,59,703,494,8812,8785,27,151,503,492,11,41,440.00,46780,10145,5718,4427,51,21,24,2.0800,2.9300,0.3000,520,506,14,135375,130993,4382,28,25,3,,,1917,3801,0.2169,0.0050,0.0513,0.0496,0.5636,0.9731,0.9676,0.8929,0.9781,0.3353,2026-01-11 22:42:25
戴维李,7593761934101596980,"周末闲聊",2026-01-10 23:55:17,2026-01-11 01:03:41,68,259,186,2722,2722,0,16,229,229,0,10,136.00,44816,7868,3472,4396,23,14,9,1.4300,2.5800,0.2000,372,363,9,34186,34144,42,5,4,1,,,1051,2398,0.1756,0.0029,0.0473,0.0291,0.4413,0.9758,0.9988,0.8000,1.0000,0.3027,2026-01-11 22:43:02
财经葛先生,7593348792671963919,"黄金第3次提高保证金！后市是涨？是跌？",2026-01-09 21:11:43,2026-01-09 22:46:14,94,2729,2002,21537,21532,5,298,903,901,2,116,1076.00,21188,7572,7348,224,36,13,84,23.5800,14.1500,10.2000,1239,1227,12,281811,280740,1071,98,96,2,,,0,0,0.3574,0.0048,0.1636,0.1193,0.9704,0.9903,0.9962,0.9796,0.9978,0.0000,2026-02-10 15:54:27
财经木子桐,7593277851638450971,"",2026-01-09 16:36:28,2026-01-09 17:09:50,33,1,0,0,0,0,0,0,0,0,0,0.00,69,6,1,5,0,0,0,0.1700,0.6700,0.1000,0,0,0,0,0,0,0,0,0,,,0,0,0.0870,0.0000,0.0000,0.0000,0.1667,0.0000,0.0000,0.0000,0.0000,0.0000,2026-02-10 15:40:07
财经木子桐,7593213006746602249,"",2026-01-09 12:25:09,2026-01-09 12:54:44,29,1,0,0,0,0,0,0,0,0,0,0.00,16,2,2,0,0,0,0,0.9500,1.0800,0.0000,0,0,0,48,48,0,0,0,0,,,0,0,0.1250,0.0000,0.0000,0.0000,1.0000,0.0000,1.0000,0.0000,0.0000,0.0000,2026-02-10 15:40:46
财经葛先生,7593190156794940210,"黄金第3次提高保证金！后市是涨？是跌？",2026-01-09 10:56:24,2026-01-09 11:46:37,50,1615,1324,4151,4149,2,35,688,686,2,22,207.00,10738,3974,3917,57,4,3,6,15.8800,11.1500,7.5700,363,362,1,205552,204318,1234,26,26,0,,,0,0,0.3701,0.0010,0.0913,0.1731,0.9857,0.9972,0.9940,1.0000,0.9971,0.0000,2026-02-10 15:55:02
财经葛先生,7592983656782318351,"彭博商品指数调整，后市是涨？是",2026-01-08 21:34:55,2026-01-08 22:43:54,68,1903,1641,8074,8072,2,74,593,592,1,44,403.00,15826,5391,5261,130,10,11,21,20.1800,13.7300,9.5700,781,777,4,109125,108966,159,53,53,0,,,0,0,0.3406,0.0019,0.1449,0.1100,0.9759,0.9949,0.9985,1.0000,0.9983,0.0000,2026-02-10 15:55:37
财经葛先生,7592825140465781542,"黄金接近历史新高，后市是涨？是跌？",2026-01-08 11:19:54,2026-01-08 12:05:41,45,1661,1352,2411,2411,0,41,481,481,0,24,120.00,10354,3873,3815,58,10,6,9,15.4000,11.3800,8.1700,443,439,4,97471,97467,4,23,23,0,,,0,0,0.3741,0.0026,0.1144,0.1242,0.9850,0.9910,1.0000,1.0000,1.0000,0.0000,2026-02-10 15:56:12
财经葛先生,7592773979673660175,"黄金接近历史新高，后市是涨？是跌？",2026-01-08 08:01:22,2026-01-08 08:46:29,45,1303,1074,3420,3419,1,106,513,512,1,24,171.00,9790,3140,3106,34,6,2,10,14.7000,11.2700,7.2000,328,327,1,62203,62185,18,22,21,1,,,0,0,0.3207,0.0019,0.1045,0.1634,0.9892,0.9970,0.9997,0.9545,0.9981,0.0000,2026-02-10 15:57:27
财经葛先生,7592611575731637027,"黄金接近历史新高，后市是涨？是跌？",2026-01-07 21:30:59,2026-01-07 22:48:28,77,2335,1979,15906,15903,3,1144,1011,1010,1,98,795.00,18390,6464,6327,137,30,12,48,22.7800,15.2800,11.3000,966,958,8,176841,176169,672,80,79,1,,,0,0,0.3515,0.0046,0.1494,0.1564,0.9788,0.9917,0.9962,0.9875,0.9990,0.0000,2026-02-10 15:58:11
财经木子桐,7592595842482064178,"",2026-01-07 20:29:53,2026-01-07 21:12:25,42,2,0,0,0,0,0,0,0,0,0,0.00,232,5,3,2,0,0,0,4.7000,1.8500,5.6000,1,1,0,9,0,9,0,0,0,,,0,0,0.0216,0.0000,0.2000,0.0000,0.6000,1.0000,0.0000,0.0000,0.0000,0.0000,2026-02-10 15:42:04
财经葛先生,7592452351055776538,"黄金接近历史新高，后市是涨？是跌？",2026-01-07 11:13:17,2026-01-07 11:56:16,42,1848,1546,5380,5375,5,84,779,775,4,36,269.00,10356,4082,4011,71,7,6,10,15.5800,11.6800,9.6000,396,393,3,109290,109215,75,40,40,0,,,0,0,0.3942,0.0017,0.0970,0.1908,0.9826,0.9924,0.9993,1.0000,0.9949,0.0000,2026-02-10 15:58:47
财经葛先生,7592240157324479284,"地缘事件频，黄金后市涨跌如何？",2026-01-06 21:29:40,2026-01-06 22:56:42,87,1938,1688,15418,15417,1,299,925,924,1,124,770.00,16986,6026,5859,167,25,8,82,23.3200,14.8800,8.5300,954,947,7,136645,136516,129,94,92,2,,,0,0,0.3548,0.0041,0.1583,0.1535,0.9723,0.9927,0.9991,0.9787,0.9989,0.0000,2026-02-10 15:59:57
财经木子桐,7592218544853650214,"大A连续上涨13天，26年机会来了？",2026-01-06 20:05:48,2026-01-06 21:23:46,77,5,1,2,2,0,0,1,1,0,0,0.00,432,13,3,10,0,0,0,5.9800,7.3700,3.6200,2,1,1,0,0,0,0,0,0,,,0,0,0.0301,0.0000,0.1538,0.0769,0.2308,0.5000,0.0000,0.0000,1.0000,0.0000,2026-02-10 15:42:41
财经葛先生,7592079631966702374,"地缘事件频，黄金后市涨跌如何？",2026-01-06 11:06:53,2026-01-06 11:53:57,47,1901,1541,10964,10961,3,152,912,910,2,59,548.00,12452,4477,4337,140,9,7,26,15.7500,11.4000,9.8200,644,641,3,112534,111983,551,50,49,1,,,0,0,0.3595,0.0020,0.1438,0.2037,0.9687,0.9953,0.9951,0.9800,0.9978,0.0000,2026-02-10 16:00:32
财经葛先生,7591870514369432372,"地缘事件频，黄金后市涨跌如何？",2026-01-05 21:35:17,2026-01-05 23:09:10,93,2357,2064,11641,11638,3,234,865,863,2,125,582.00,20125,7014,6856,158,33,10,72,26.3500,16.6700,9.5800,1182,1165,17,175827,175186,641,88,87,1,,,0,0,0.3485,0.0047,0.1685,0.1233,0.9775,0.9856,0.9964,0.9886,0.9977,0.0000,2026-02-10 16:01:09
财经葛先生,7591706574096206643,"地缘事件频，黄金后市涨跌如何？",2026-01-05 10:59:11,2026-01-05 11:51:58,52,1941,1623,5737,5735,2,141,1052,1051,1,84,286.00,12910,5004,4884,120,19,5,35,16.3300,11.7800,5.3200,553,549,4,125412,125006,406,47,47,0,,,0,0,0.3876,0.0038,0.1105,0.2102,0.9760,0.9928,0.9968,1.0000,0.9990,0.0000,2026-02-10 16:04:45
财经葛先生,7591435910996036402,"地缘事件频，黄金后市涨跌如何？",2026-01-04 17:28:55,2026-01-04 18:29:18,60,1560,1262,4072,4072,0,77,786,786,0,59,203.00,14178,4698,4561,137,13,4,27,15.6700,13.2000,5.1300,361,358,3,81473,81471,2,44,44,0,,,0,0,0.3314,0.0028,0.0768,0.1673,0.9708,0.9917,1.0000,1.0000,1.0000,0.0000,2026-02-10 16:05:23
财经葛先生,7591336151781231370,"黄金白银剧烈波动，当下该怎么办？",2026-01-04 11:01:45,2026-01-04 11:55:16,53,1642,1389,5336,5336,0,132,1168,1168,0,77,266.00,12272,4426,4289,137,14,2,25,16.2200,13.9200,6.8000,369,365,4,85255,85255,0,38,37,1,,,0,0,0.3607,0.0032,0.0834,0.2639,0.9690,0.9892,1.0000,0.9737,1.0000,0.0000,2026-02-10 16:06:00
财经葛先生,7590031856293415732,"黄金白银剧烈波动，当下该怎么办？",2025-12-31 22:40:26,2026-01-01 00:01:55,81,7485,5601,13245,13211,34,832,983,963,20,396,662.00,583190,102232,14152,88080,3083,25,308,3.5500,13.9200,0.8200,2494,1935,559,141928,139279,2649,224,174,50,,,0,0,0.1753,0.0302,0.0244,0.0096,0.1384,0.7759,0.9813,0.7768,0.9797,0.0000,2026-02-10 16:06:41
财经葛先生,7589950881609550643,"黄金白银剧烈波动，当下该怎么办？",2025-12-31 17:26:18,2025-12-31 18:13:30,47,1909,1628,3393,3393,0,167,545,545,0,88,169.00,13978,4810,4617,193,16,2,69,15.1000,11.9200,5.4000,614,603,11,74286,74263,23,31,31,0,,,0,0,0.3441,0.0033,0.1277,0.1133,0.9599,0.9821,0.9997,1.0000,1.0000,0.0000,2026-02-10 16:07:21
财经葛先生,7589849230676609838,"黄金白银剧烈波动，当下该怎么办？",2025-12-31 10:51:45,2025-12-31 11:43:48,52,2208,1748,6217,6217,0,103,778,778,0,60,310.00,13070,4981,4810,171,19,2,45,17.5500,12.3300,7.4200,603,597,6,62344,62271,73,59,59,0,,,0,0,0.3811,0.0038,0.1211,0.1562,0.9657,0.9900,0.9988,1.0000,1.0000,0.0000,2026-02-10 16:08:02
财经葛先生,7589657523565775668,"黄金白银剧烈波动，当下该怎么办？",2025-12-30 22:27:51,2025-12-30 23:35:39,67,2916,2200,5499,5499,0,315,446,446,0,63,274.00,16234,6285,6045,240,36,10,54,23.0300,14.7800,8.6000,1006,993,13,93916,92876,1040,89,88,1,,,0,0,0.3872,0.0057,0.1601,0.0710,0.9618,0.9871,0.9889,0.9888,1.0000,0.0000,2026-02-10 23:45:48
财经葛先生,7589583542263270154,"黄金白银剧烈波动，当下该怎么办？",2025-12-30 17:40:47,2025-12-30 18:13:40,32,1722,1357,2015,2014,1,83,390,389,1,58,100.00,10317,3878,3773,105,14,4,43,10.9800,9.0200,4.8300,339,331,8,64124,64122,2,15,15,0,,,0,0,0.3759,0.0036,0.0874,0.1006,0.9729,0.9764,1.0000,1.0000,0.9974,0.0000,2026-02-10 16:10:00
财经葛先生,7589480169040169779,"黄金白银剧烈波动，当下该怎么办？",2025-12-30 10:59:39,2025-12-30 11:47:01,47,2053,1745,3953,3910,43,56,523,511,12,32,197.00,12870,5335,4903,432,16,3,20,14.7000,10.8700,7.0800,583,543,40,35709,34687,1022,63,58,5,,,2833,2070,0.4145,0.0030,0.1093,0.0980,0.9190,0.9314,0.9714,0.9206,0.9771,0.5778,2025-12-30 15:17:30
财经葛先生,7589287334995659520,"黄金白银剧烈波动，当下该怎么",2025-12-29 22:31:21,2025-12-30 01:07:04,155,10813,7841,17625,12261,5364,6228,3604,1534,2070,2522,881.00,874877,106719,12065,94654,10907,55,2265,10.2800,21.4300,4.9300,6967,2343,4624,380403,267633,112770,1022,280,742,,,4740,7325,0.1220,0.1022,0.0653,0.0338,0.1131,0.3363,0.7036,0.2740,0.4256,0.3929,2025-12-30 10:08:38
财经葛先生,7589210204483373851,"黄金白银剧烈波动，当下该怎么操作？",2025-12-29 17:31:58,2025-12-29 18:20:49,48,1833,1416,6660,6647,13,48,754,753,1,29,333.00,10175,3996,3913,83,15,3,10,16.6300,12.7300,6.8000,431,427,4,88158,87571,587,29,29,0,,,2603,1310,0.3927,0.0038,0.1079,0.1887,0.9792,0.9907,0.9933,1.0000,0.9987,0.6652,2025-12-30 10:09:52
财经葛先生,7589109545159428890,"黄金白银剧烈波动，当下该怎么操作？",2025-12-29 11:01:26,2025-12-29 11:48:46,47,1377,1121,7375,7375,0,31,995,995,0,23,368.00,8326,3163,3110,53,13,1,7,16.0300,11.1700,9.8000,314,312,2,74702,74118,584,24,24,0,,,2083,1027,0.3799,0.0041,0.0993,0.3146,0.9832,0.9936,0.9922,1.0000,1.0000,0.6698,2025-12-30 10:10:32
财经葛先生,7587995752866057006,"黄金突破历史新高，还能追吗？",2025-12-26 10:59:20,2025-12-26 11:40:57,41,1391,1108,5808,5806,2,46,751,749,2,21,290.00,8270,3234,3125,109,5,4,7,13.5800,9.6300,7.7200,291,290,1,102619,102618,1,17,17,0,,,2081,1044,0.3911,0.0015,0.0900,0.2322,0.9663,0.9966,1.0000,1.0000,0.9973,0.6659,2025-12-30 10:11:11
财经葛先生,7587727678423943999,"黄金大A还能涨吗，关键看这几点！",2025-12-25 17:39:03,2025-12-25 18:33:41,54,1579,1246,5520,5520,0,42,575,575,0,25,276.00,10219,3532,3418,114,10,4,11,18.3000,15.7200,8.2300,459,455,4,108630,108630,0,29,29,0,,,2283,1135,0.3456,0.0028,0.1300,0.1628,0.9677,0.9913,1.0000,1.0000,1.0000,0.6679,2025-12-30 10:11:48
财经葛先生,7587625414932515594,"黄金大A还能涨吗，关键看这几点！",2025-12-25 11:02:24,2025-12-25 11:49:58,47,1356,1149,7386,7384,2,43,720,718,2,16,369.00,8778,3381,3279,102,14,3,9,15.4300,11.4300,6.8300,468,464,4,104902,104666,236,26,26,0,,,2113,1166,0.3852,0.0041,0.1384,0.2130,0.9698,0.9915,0.9978,1.0000,0.9972,0.6444,2025-12-30 10:12:27
财经葛先生,7587354665593522994,"人民币汇率走强，对黄金影响巨大？",2025-12-24 17:31:38,2025-12-24 18:21:17,49,1759,1472,5055,5055,0,43,484,484,0,31,252.00,10904,3974,3839,135,19,9,20,17.7000,13.8200,7.9500,523,518,5,157929,157261,668,31,31,0,,,2491,1348,0.3645,0.0048,0.1316,0.1218,0.9660,0.9904,0.9958,1.0000,1.0000,0.6489,2025-12-30 10:13:05
财经葛先生,7587254208533924646,"黄金突破历史新高！还能追吗？",2025-12-24 11:01:41,2025-12-24 11:48:00,46,1733,1377,11254,11254,0,60,799,799,0,31,562.00,8976,3570,3482,88,11,4,23,17.6800,12.9500,6.9500,419,418,1,121516,121484,32,22,22,0,,,2297,1185,0.3977,0.0031,0.1174,0.2238,0.9754,0.9976,0.9997,1.0000,1.0000,0.6597,2025-12-30 10:13:41
财经葛先生,7586985488351775534,"黄金突破历史新高！还能追吗？",2025-12-23 17:39:00,2025-12-23 18:19:20,40,4380,3619,4494,4469,25,435,614,597,17,247,224.00,520238,35929,7454,28475,1338,12,214,3.2200,9.3300,0.9000,923,674,249,162573,160137,2436,157,78,79,,,2956,4498,0.0691,0.0372,0.0257,0.0171,0.2075,0.7302,0.9850,0.4968,0.9723,0.3966,2025-12-30 10:14:18
财经葛先生,7586898409565145907,"黄金突破历史新高！还能追吗？",2025-12-23 12:00:59,2025-12-23 12:47:35,46,5013,3602,10980,10931,49,594,912,890,22,344,549.00,545982,38279,8014,30265,1647,19,299,3.6300,9.9700,1.1700,977,685,292,161960,157213,4747,168,94,74,,,3190,4824,0.0701,0.0430,0.0255,0.0238,0.2094,0.7011,0.9707,0.5595,0.9759,0.3981,2025-12-30 10:14:55
财经葛先生,7586861242698386202,"黄金突破历史新高！还能追吗？",2025-12-23 09:37:01,2025-12-23 10:16:20,39,1596,1285,24930,24925,5,171,848,844,4,56,1246.00,9518,3582,3362,220,32,6,37,13.3200,9.3500,7.3500,487,477,10,104050,103808,242,40,39,1,,,2265,1097,0.3763,0.0089,0.1360,0.2367,0.9386,0.9795,0.9977,0.9750,0.9953,0.6737,2025-12-30 10:15:33
财经葛先生,7586612327633668910,"黄金突破历史新高！还能追吗？",2025-12-22 17:31:02,2025-12-22 18:21:33,50,4003,3191,7350,7334,16,657,1038,1028,10,360,367.00,379467,27462,8173,19289,1487,18,294,5.0300,10.9300,1.2000,1065,862,203,222908,219669,3239,133,99,34,,,0,0,0.0724,0.0541,0.0388,0.0378,0.2976,0.8094,0.9855,0.7444,0.9904,0.0000,2025-12-30 10:16:12
财经葛先生,7586527091991448358,"黄金突破历史新高！还能追吗？",2025-12-22 12:00:04,2025-12-22 12:50:04,50,1552,1332,11211,11194,17,186,741,738,3,39,560.00,9430,3918,3794,124,12,5,18,16.1700,11.9700,9.0200,506,498,8,110946,110936,10,39,39,0,,,0,0,0.4155,0.0031,0.1291,0.1891,0.9684,0.9842,0.9999,1.0000,0.9960,0.0000,2025-12-30 10:16:50
财经葛先生,7586493254011669257,"黄金突破历史新高！还能追吗？",2025-12-22 09:48:58,2025-12-22 10:34:06,45,1316,1099,23470,23462,8,89,1016,1013,3,33,1173.00,7955,3296,3203,93,9,2,11,14.5000,9.6700,9.3300,322,321,1,82315,82311,4,25,25,0,,,0,0,0.4143,0.0027,0.0977,0.3083,0.9718,0.9969,1.0000,1.0000,0.9970,0.0000,2025-12-30 10:17:24
财经葛先生,7585499569523231514,"黄金新高一步之遥，当下应该怎么操作呢",2025-12-19 17:32:46,2025-12-19 18:18:40,45,2619,2008,3669,3664,5,144,622,618,4,71,183.00,136206,14666,5427,9239,429,9,48,5.4700,9.6800,1.0200,628,554,74,109482,108042,1440,37,31,6,,,0,0,0.1077,0.0293,0.0428,0.0424,0.3700,0.8822,0.9868,0.8378,0.9936,0.0000,2025-12-30 10:18:00
财经葛先生,7585398607126219571,"黄金新高一步之遥，当下应该怎么操作呢",2025-12-19 11:01:00,2025-12-19 11:44:33,43,1438,1186,3624,3621,3,30,702,700,2,19,181.00,8333,3317,3234,83,5,6,10,14.7200,10.2300,4.5800,495,491,4,59887,59839,48,23,22,1,,,0,0,0.3981,0.0015,0.1492,0.2116,0.9750,0.9919,0.9992,0.9565,0.9972,0.0000,2025-12-30 10:18:38
财经葛先生,7585128519575931686,"今夜重磅数据公布！会如何影响黄金呢？",2025-12-18 17:33:13,2025-12-18 18:20:50,47,1513,1272,8913,8913,0,54,649,649,0,29,445.00,9027,3401,3321,80,9,8,9,17.0500,13.1200,8.3800,752,747,5,104593,104590,3,34,34,0,,,0,0,0.3768,0.0026,0.2211,0.1908,0.9765,0.9934,1.0000,1.0000,1.0000,0.0000,2025-12-30 10:19:12
财经葛先生,7585027592213383963,"黄金冲破4320，短期怎么走？",2025-12-18 11:01:19,2025-12-18 11:44:22,43,2300,1901,6600,6596,4,1116,938,935,3,88,330.00,117360,11255,4946,6309,378,4,51,6.5000,9.8200,1.3700,945,847,98,107214,104995,2219,29,23,6,,,0,0,0.0959,0.0336,0.0840,0.0833,0.4394,0.8963,0.9793,0.7931,0.9968,0.0000,2025-12-30 10:19:48
财经葛先生,7584756986638600986,"黄金冲破4320，短期怎么走？",2025-12-17 17:31:13,2025-12-17 18:17:06,45,1405,1155,6264,6263,1,477,606,605,1,34,313.00,9043,3235,3154,81,4,3,15,15.5000,12.2500,5.0700,648,641,7,106125,106107,18,17,17,0,,,0,0,0.3577,0.0012,0.2003,0.1873,0.9750,0.9892,0.9998,1.0000,0.9983,0.0000,2025-12-30 10:20:23
财经葛先生,7584656069167811374,"黄金冲破4320，短期怎么走？",2025-12-17 10:59:37,2025-12-17 11:43:11,43,1306,1040,5146,5146,0,344,679,679,0,24,257.00,11250,3210,2951,259,17,5,15,13.5200,10.9700,2.3300,412,407,5,64595,64578,17,15,14,1,,,0,0,0.2853,0.0053,0.1283,0.2115,0.9193,0.9879,0.9997,0.9333,1.0000,0.0000,2025-12-30 10:20:58
财经葛先生,7584388775183158062,"黄金跌破4300，短期怎么走？",2025-12-16 17:42:19,2025-12-16 18:29:49,47,3076,2481,12856,12851,5,1000,1357,1355,2,206,642.00,151077,14374,6471,7903,588,10,151,7.3300,11.2300,1.5200,1222,1107,115,139735,139063,672,65,53,12,,,0,0,0.0951,0.0409,0.0850,0.0944,0.4502,0.9059,0.9952,0.8154,0.9985,0.0000,2025-12-30 10:21:32
财经吴大拿,7584379561798847295,"紧急加播！近4300只个股下跌！明天能反转吗？",2025-12-16 17:06:41,2025-12-16 17:48:24,41,249,210,287,286,1,18,61,60,1,14,14.00,2434,719,675,44,4,1,8,11.7000,10.7200,5.3500,219,214,5,17791,17791,0,2,2,0,,,0,0,0.2954,0.0056,0.3046,0.0848,0.9388,0.9772,1.0000,1.0000,0.9836,0.0000,2025-12-30 10:09:30
财经木子桐,7584371458663877414,"A股4000多家下跌，年前还能做吗",2025-12-16 16:35:14,2025-12-16 17:29:28,54,3,0,1,1,0,0,1,1,0,0,0.00,214,3,2,1,0,0,0,5.5300,7.8000,0.3800,0,0,0,0,0,0,0,0,0,,,0,0,0.0140,0.0000,0.0000,0.3333,0.6667,0.0000,0.0000,0.0000,1.0000,0.0000,2026-02-10 15:43:53
财经吴大拿,7584303079898516260,"紧急加播！近4500只个股下跌！下午能反转吗？",2025-12-16 12:09:53,2025-12-16 12:49:43,39,2380,1534,483,458,25,325,184,168,16,81,24.00,212265,20886,2293,18593,655,4,49,2.1700,7.9700,1.1500,1000,505,495,18982,16111,2871,15,7,8,,,0,0,0.0984,0.0314,0.0479,0.0088,0.1098,0.5050,0.8488,0.4667,0.9130,0.0000,2025-12-30 10:10:07
财经葛先生,7584014219830610714,"黄金冲上4300，短期怎么走？",2025-12-15 17:29:02,2025-12-15 18:27:47,58,1665,1274,9164,9164,0,105,829,829,0,55,458.00,10871,3932,3815,117,16,3,24,17.9300,14.1800,6.2700,772,767,5,155113,154669,444,21,20,1,,,0,0,0.3617,0.0041,0.1963,0.2108,0.9702,0.9935,0.9971,0.9524,1.0000,0.0000,2025-12-30 10:22:06
财经吴大拿,7583930268373928758,"紧急加播！指数回升，个股亏钱！咱散户下午咋办？",2025-12-15 12:03:11,2025-12-15 12:48:05,44,279,213,251,250,1,12,198,197,1,10,12.00,2266,718,694,24,3,4,4,12.5000,10.7500,2.5000,201,200,1,17128,17128,0,4,4,0,,,0,0,0.3169,0.0042,0.2799,0.2758,0.9666,0.9950,1.0000,1.0000,0.9949,0.0000,2025-12-30 10:32:28
财经葛先生,7583928785603808027,"黄金冲上4300，短期怎么走？",2025-12-15 11:57:28,2025-12-15 12:50:32,53,1457,1155,16306,16292,14,280,1254,1252,2,98,815.00,9646,3441,3350,91,15,8,28,16.8700,13.8500,6.1500,826,823,3,154969,151286,3683,31,30,1,,,0,0,0.3567,0.0044,0.2400,0.3644,0.9736,0.9964,0.9762,0.9677,0.9984,0.0000,2025-12-30 10:22:41
戴维李,7583867870984129307,"黄金站上940，我来告诉你怎么办",2025-12-15 08:01:11,2025-12-15 08:22:41,21,3284,2229,509,503,6,28,257,253,4,20,25.00,115473,20258,3710,16548,129,5,9,1.6200,5.3300,0.5800,432,346,86,33294,32344,950,11,8,3,,,1335,2375,0.1754,0.0064,0.0213,0.0127,0.1831,0.8009,0.9715,0.7273,0.9844,0.3598,2025-12-17 22:43:02
财经葛先生,7582901986786429705,"黄金冲上4300，短期怎么走？",2025-12-12 17:32:57,2025-12-12 18:21:10,48,5235,3911,20578,20525,53,2222,1504,1490,14,471,1028.00,262060,39360,8917,30443,2151,24,348,4.1200,11.1000,0.9000,2035,1679,356,430671,423468,7203,143,122,21,,,0,0,0.1502,0.0546,0.0517,0.0382,0.2265,0.8251,0.9833,0.8531,0.9907,0.0000,2025-12-30 10:23:22
财经木子桐,7582878763189324570,"A股回调跌破3900，我来告诉你怎么办？",2025-12-12 16:02:42,2025-12-12 16:37:39,34,3,1,1,1,0,0,1,1,0,0,0.00,52,6,3,3,0,0,0,6.7500,11.1800,0.5200,1,1,0,0,0,0,0,0,0,,,0,0,0.1154,0.0000,0.1667,0.1667,0.5000,1.0000,0.0000,0.0000,1.0000,0.0000,2026-02-10 15:44:28
财经吴大拿,7582816956472576811,"紧急加播！上午3850点探底回升！真的止跌了吗？",2025-12-12 12:02:59,2025-12-12 12:43:47,40,325,259,179,179,0,20,133,133,0,17,8.00,2405,782,731,51,2,3,6,13.0200,11.4300,6.3800,242,237,5,23124,23124,0,1,1,0,,,0,0,0.3252,0.0026,0.3095,0.1701,0.9348,0.9793,1.0000,1.0000,1.0000,0.0000,2025-12-30 10:33:05
老桑财知道,7582815841352518451,"黄金成功突破4250，当下又要如何操作？正在直播！",2025-12-12 11:58:33,2025-12-12 12:56:36,58,1914,1318,1185,1178,7,240,426,420,6,134,59.00,77891,13091,4943,8148,307,13,109,5.0000,8.9500,1.2500,553,473,80,95955,94728,1227,29,25,4,,,0,0,0.1681,0.0235,0.0422,0.0325,0.3776,0.8553,0.9872,0.8621,0.9859,0.0000,2025-12-30 22:47:26
戴维李,7582811016376535846,"黄金站上940，我来告诉你怎么办",2025-12-12 11:39:58,2025-12-12 12:37:12,57,2309,1859,1153,1147,6,281,501,496,5,161,57.00,140942,24618,7332,17286,339,6,131,3.5700,7.4700,0.8800,732,621,111,52315,51616,699,34,25,9,,,2358,4974,0.1747,0.0138,0.0297,0.0204,0.2978,0.8484,0.9866,0.7353,0.9900,0.3216,2025-12-13 22:45:16
财经葛先生,7582800713844001588,"美联储降息，黄金短期怎么走？",2025-12-12 10:59:44,2025-12-12 11:47:47,48,1335,1046,9552,9543,9,255,959,958,1,55,477.00,7929,2988,2933,55,13,5,10,16.0000,11.9300,7.5800,630,626,4,91054,88282,2772,27,27,0,,,0,0,0.3768,0.0044,0.2108,0.3210,0.9816,0.9937,0.9696,1.0000,0.9990,0.0000,2025-12-30 10:23:58
老桑财知道,7582770660347235135,"黄金成功突破4250，当下又要如何操作？正在直播！",2025-12-12 09:03:07,2025-12-12 09:28:49,25,2133,1527,687,684,3,95,366,364,2,64,34.00,59709,8713,3316,5397,222,6,52,3.7800,6.2000,1.0500,600,545,55,66552,65620,932,7,6,1,,,0,0,0.1459,0.0255,0.0689,0.0420,0.3806,0.9083,0.9860,0.8571,0.9945,0.0000,2025-12-30 22:48:03
戴维李,7582748794362612489,"黄金站上940，我来告诉你怎么办",2025-12-12 07:38:44,2025-12-12 09:10:52,92,2912,2245,1714,1704,10,407,669,661,8,142,85.00,181553,29320,10322,18998,483,19,101,6.1200,10.8300,1.4800,981,807,174,99610,97539,2071,68,56,12,,,3193,7129,0.1615,0.0165,0.0335,0.0228,0.3520,0.8226,0.9792,0.8235,0.9880,0.3093,2025-12-13 22:46:15
老桑财知道,7582445784803183411,"美联储降息已定，黄金能否突破4250，正在直播！",2025-12-11 12:02:31,2025-12-11 13:03:43,61,2015,1431,893,890,3,172,348,346,2,110,44.00,75950,12753,5109,7644,235,13,91,6.0000,10.1000,1.4300,892,807,85,106659,105518,1141,19,17,2,,,0,0,0.1679,0.0184,0.0699,0.0273,0.4006,0.9047,0.9893,0.8947,0.9943,0.0000,2025-12-30 22:48:40
戴维李,7582439461569514286,"黄金站上940，我来告诉你怎么办",2025-12-11 11:38:09,2025-12-11 12:43:20,65,2379,1817,1484,1383,101,293,528,467,61,167,74.00,122020,18991,7439,11552,288,13,131,5.3700,8.3300,1.5700,1136,936,200,80234,77998,2236,36,29,7,,,2500,4939,0.1556,0.0152,0.0598,0.0278,0.3917,0.8239,0.9721,0.8056,0.8845,0.3361,2025-12-11 22:45:23
财经葛先生,7582430301226470195,"美联储降息，黄金短期怎么走？",2025-12-11 11:02:31,2025-12-11 11:47:00,44,1097,911,4480,4478,2,151,719,717,2,53,224.00,7524,2882,2824,58,4,6,11,13.3300,9.2500,7.9500,455,450,5,76891,75954,937,10,10,0,,,0,0,0.3830,0.0014,0.1579,0.2495,0.9799,0.9890,0.9878,1.0000,0.9972,0.0000,2025-12-30 10:24:32
老桑财知道,7582400338322475826,"黄金4200来回震荡，当下应该怎么操作？",2025-12-11 09:06:11,2025-12-11 09:44:40,38,2179,1603,813,812,1,97,318,317,1,64,40.00,75001,12970,4146,8824,233,7,53,3.9300,7.4000,0.9700,669,606,63,77979,77324,655,16,16,0,,,0,0,0.1729,0.0180,0.0516,0.0245,0.3197,0.9058,0.9916,1.0000,0.9969,0.0000,2025-12-30 22:49:17
戴维李,7582380236591860530,"黄金站上940，我来告诉你怎么办",2025-12-11 07:48:36,2025-12-11 08:58:14,69,2962,2274,1774,1730,44,243,559,542,17,125,88.00,141160,23183,8796,14387,365,9,87,5.9300,9.7800,1.4800,1096,927,169,105127,102636,2491,71,66,5,,,2839,5957,0.1642,0.0157,0.0473,0.0241,0.3794,0.8458,0.9763,0.9296,0.9696,0.3228,2025-12-13 22:47:55
财经葛先生,7582160804116515630,"黄金关键点位4220，未来怎么走？",2025-12-10 17:36:49,2025-12-10 18:22:42,45,1176,954,4199,4199,0,72,509,509,0,52,209.00,8413,3001,2931,70,7,5,16,13.8300,11.1300,6.2000,510,505,5,77023,77008,15,14,14,0,,,0,0,0.3567,0.0023,0.1699,0.1696,0.9767,0.9902,0.9998,1.0000,1.0000,0.0000,2025-12-30 10:25:13
财经吴大拿,7582153979910343478,"紧急加播！大盘收在3900点！明天是涨？还是跌？",2025-12-10 17:10:16,2025-12-10 17:49:55,39,246,200,96,96,0,20,68,68,0,13,4.00,2351,690,636,54,2,1,4,10.9300,10.1000,3.5300,223,222,1,16374,16348,26,2,2,0,,,0,0,0.2935,0.0029,0.3232,0.0986,0.9217,0.9955,0.9984,1.0000,1.0000,0.0000,2025-12-30 10:33:47
财经木子桐,7582131566132546330,"",2025-12-10 15:43:19,2025-12-10 16:36:03,52,6,1,0,0,0,0,0,0,0,0,0.00,103,24,5,19,0,0,0,1.9000,7.7800,0.0500,0,0,0,313,313,0,0,0,0,,,0,0,0.2330,0.0000,0.0000,0.0000,0.2083,0.0000,1.0000,0.0000,0.0000,0.0000,2026-02-10 15:47:00
财经吴大拿,7582075385748228900,"紧急加播！又是下跌的一天！下午能拉回来吗？",2025-12-10 12:05:24,2025-12-10 12:47:10,41,291,225,175,175,0,38,103,103,0,25,8.00,2415,765,739,26,6,0,11,11.6500,9.9700,9.0000,242,237,5,24711,24711,0,4,4,0,,,0,0,0.3168,0.0078,0.3163,0.1346,0.9660,0.9793,1.0000,1.0000,1.0000,0.0000,2025-12-30 10:34:24
老桑财知道,7582073276101446450,"黄金4200来回震荡，当下应该怎么操作？",2025-12-10 11:57:13,2025-12-10 12:50:03,52,1460,1068,1152,1147,5,208,397,394,3,114,57.00,44756,9547,4133,5414,164,7,96,5.1500,8.4800,1.1200,695,655,40,105770,105026,744,18,16,2,,,0,0,0.2133,0.0172,0.0728,0.0416,0.4329,0.9424,0.9930,0.8889,0.9924,0.0000,2025-12-30 22:49:55
戴维李,7582069422374832947,"黄金站上940，我来告诉你怎么办",2025-12-10 11:42:19,2025-12-10 12:39:49,57,1702,1367,1380,1339,41,134,362,335,27,83,69.00,90656,15183,6004,9179,138,14,57,4.3800,7.3700,0.9300,848,757,91,89195,87320,1875,25,25,0,,,2139,3865,0.1675,0.0091,0.0559,0.0238,0.3954,0.8927,0.9790,1.0000,0.9254,0.3563,2025-12-10 22:42:07
财经葛先生,7582058464957254426,"黄金关键点位4200，未来怎么走？",2025-12-10 10:59:33,2025-12-10 11:47:30,47,968,799,3780,3780,0,213,570,570,0,37,189.00,7829,2692,2636,56,7,3,8,13.5300,10.2700,7.9800,435,430,5,74024,73967,57,6,6,0,,,0,0,0.3438,0.0026,0.1616,0.2117,0.9792,0.9885,0.9992,1.0000,1.0000,0.0000,2025-12-30 10:25:48
老桑财知道,7582024540477360906,"黄金4200来回震荡，当下应该怎么操作？",2025-12-10 08:48:08,2025-12-10 09:34:53,46,1887,1330,1398,1392,6,389,472,468,4,116,69.00,47000,9994,4116,5878,206,9,91,5.3800,8.9000,1.2700,712,663,49,126091,125741,350,15,13,2,,,0,0,0.2126,0.0206,0.0712,0.0472,0.4118,0.9312,0.9972,0.8667,0.9915,0.0000,2025-12-30 22:50:31
戴维李,7582011539142576906,"黄金站上940，我来告诉你怎么办",2025-12-10 07:57:48,2025-12-10 09:07:24,69,2620,1918,1741,1595,146,424,596,512,84,200,87.00,101215,18249,7082,11167,274,10,164,6.4300,10.4200,1.8800,759,642,117,105095,102471,2624,55,44,11,,,2378,4704,0.1803,0.0150,0.0416,0.0327,0.3881,0.8458,0.9750,0.8000,0.8591,0.3358,2025-12-10 22:42:45
财经葛先生,7581787554309557001,"黄金跌破关键点位4200，未来怎么走？",2025-12-09 17:28:16,2025-12-09 18:16:59,48,1204,1016,3643,3642,1,84,534,533,1,28,182.00,9447,3289,3168,121,10,2,15,14.0800,11.1300,6.0200,571,565,6,76197,75888,309,18,18,0,,,0,0,0.3482,0.0030,0.1736,0.1624,0.9632,0.9895,0.9959,1.0000,0.9981,0.0000,2025-12-30 10:26:23
财经吴大拿,7581781151799462719,"紧急加播！周一涨，周二跌！咱们散户何时能回本？",2025-12-09 17:03:31,2025-12-09 17:45:33,42,1166,896,251,237,14,131,161,155,6,79,12.00,97842,11585,1743,9842,318,2,46,2.5700,8.4300,1.1000,621,421,200,19563,17754,1809,11,10,1,,,0,0,0.1184,0.0274,0.0536,0.0139,0.1505,0.6779,0.9075,0.9091,0.9627,0.0000,2025-12-30 10:35:00
财经木子桐,7581762191058783002,"A股回调3900，我来告诉你怎么办？",2025-12-09 15:49:58,2025-12-09 16:24:15,34,4,3,6,6,0,6,2,2,0,2,0.00,23,8,5,3,0,0,2,12.0000,15.1700,6.6300,0,0,0,201,201,0,0,0,0,,,0,0,0.3478,0.0000,0.0000,0.2500,0.6250,0.0000,1.0000,0.0000,1.0000,0.0000,2026-02-10 15:47:37
财经吴大拿,7581704976670821156,"紧急加播！周一涨，周三跌！咱们散户何时能回本？",2025-12-09 12:08:03,2025-12-09 12:49:28,41,1304,952,352,334,18,129,235,225,10,97,17.00,113559,12719,1723,10996,270,4,54,2.3500,8.5000,0.9700,613,428,185,24811,23476,1335,12,12,0,,,0,0,0.1120,0.0212,0.0482,0.0185,0.1355,0.6982,0.9462,1.0000,0.9574,0.0000,2025-12-30 10:35:35
老桑财知道,7581704153048189742,"黄金4200来回震荡，当下应该怎么操作？",2025-12-09 12:04:49,2025-12-09 12:56:45,51,1496,1070,901,897,4,152,302,299,3,77,45.00,44761,9208,4036,5172,112,4,56,5.2300,8.1300,1.4700,698,638,60,87572,86698,874,22,22,0,,,0,0,0.2057,0.0122,0.0758,0.0328,0.4383,0.9140,0.9900,1.0000,0.9901,0.0000,2025-12-30 22:51:08
戴维李,7581701377261390601,"黄金站上940，我来告诉你怎么办",2025-12-09 11:53:54,2025-12-09 12:49:13,55,2096,1634,1698,1630,68,185,441,398,43,113,84.00,119368,21055,6187,14868,195,6,93,3.4800,7.5700,0.9000,840,722,118,71592,68145,3447,15,10,5,,,2107,4080,0.1764,0.0093,0.0399,0.0209,0.2938,0.8595,0.9519,0.6667,0.9025,0.3406,2025-12-09 22:42:21
财经葛先生,7581690671384382258,"黄金跌破关键点位4200，未来怎么走？",2025-12-09 11:12:25,2025-12-09 11:54:41,42,949,753,1813,1813,0,20,538,538,0,14,90.00,7625,2564,2482,82,4,4,6,11.5500,8.9700,5.2700,358,356,2,44628,44523,105,11,11,0,,,0,0,0.3363,0.0016,0.1396,0.2098,0.9680,0.9944,0.9976,1.0000,1.0000,0.0000,2025-12-30 10:28:06
老桑财知道,7581657003643194121,"黄金4200来回震荡，当下应该怎么操作？",2025-12-09 09:01:46,2025-12-09 09:43:49,42,1702,1279,2170,2169,1,46,385,384,1,37,108.00,40573,8126,3724,4402,107,5,24,5.8700,8.2200,1.5300,642,599,43,109311,108589,722,14,12,2,,,0,0,0.2003,0.0132,0.0790,0.0474,0.4583,0.9330,0.9934,0.8571,0.9974,0.0000,2025-12-30 22:51:44
戴维李,7581644031948573449,"黄金站上940，我来告诉你怎么办",2025-12-09 08:11:41,2025-12-09 09:12:22,60,2850,2105,1459,1456,3,226,674,672,2,140,72.00,132746,23183,7291,15892,296,9,121,4.6700,9.5700,1.1000,1066,949,117,121564,121009,555,41,32,9,,,2373,4475,0.1746,0.0128,0.0460,0.0291,0.3145,0.8902,0.9954,0.7805,0.9970,0.3255,2025-12-09 22:43:00
财经葛先生,7581421285935811354,"黄金跌破关键点位4200，未来怎么走？",2025-12-08 17:47:02,2025-12-08 18:32:36,45,1002,814,3645,3645,0,34,464,464,0,27,182.00,8474,2987,2888,99,5,4,8,11.5000,9.5700,6.3700,240,237,3,74925,74843,82,10,10,0,,,0,0,0.3525,0.0017,0.0803,0.1553,0.9669,0.9875,0.9989,1.0000,1.0000,0.0000,2025-12-30 10:28:41
财经木子桐,7581412405847116594,"",2025-12-08 17:12:39,2025-12-08 17:37:18,24,6,1,0,0,0,0,0,0,0,0,0.00,9,6,2,4,0,0,0,5.1000,10.6000,0.0000,1,1,0,0,0,0,0,0,0,,,0,0,0.6667,0.0000,0.1667,0.0000,0.3333,1.0000,0.0000,0.0000,0.0000,0.0000,2026-02-10 15:48:13
财经吴大拿,7581410622131260196,"紧急加播！连续涨了2天了，明天还能继续涨吗？",2025-12-08 17:05:43,2025-12-08 17:51:53,46,245,195,140,140,0,31,107,107,0,25,7.00,2348,688,647,41,1,1,7,12.6300,11.4700,7.1300,214,212,2,20278,20278,0,1,1,0,,,0,0,0.2930,0.0015,0.3110,0.1555,0.9404,0.9907,1.0000,1.0000,1.0000,0.0000,2025-12-30 10:36:11
老桑财知道,7581393350004083507,"黄金能否突破4250？当下应该怎么操作？",2025-12-08 15:58:34,2025-12-08 16:58:30,59,1543,1251,1671,1627,44,116,613,583,30,87,83.00,68045,11924,4364,7560,179,2,61,5.4300,9.5700,1.5200,977,829,148,97020,94484,2536,16,11,5,,,1334,3030,0.1752,0.0150,0.0819,0.0514,0.3660,0.8485,0.9739,0.6875,0.9511,0.3057,2025-12-08 22:47:13
财经吴大拿,7581333038183418660,"紧急加播！上午大涨，下午要走吗？",2025-12-08 12:04:38,2025-12-08 12:25:15,20,270,182,266,266,0,36,134,134,0,25,13.00,1592,519,500,19,0,0,7,7.0000,6.1800,2.6800,181,180,1,5605,5605,0,0,0,0,,,0,0,0.3260,0.0000,0.3487,0.2582,0.9634,0.9945,1.0000,0.0000,1.0000,0.0000,2025-12-30 10:36:47
财经葛先生,7581331570879990537,"黄金跌破关键点位4224，未来怎么走？",2025-12-08 11:59:08,2025-12-08 12:38:44,39,1254,956,3286,3286,0,101,817,817,0,36,164.00,7884,3293,3202,91,6,2,9,10.6200,8.8000,4.8000,506,504,2,64839,64752,87,15,15,0,,,0,0,0.4177,0.0018,0.1537,0.2481,0.9724,0.9960,0.9987,1.0000,1.0000,0.0000,2025-12-30 10:29:16
戴维李,7581330349892979482,"黄金站上940，我来告诉你怎么办",2025-12-08 11:54:36,2025-12-08 13:00:56,66,2161,1721,1586,1523,63,227,473,430,43,126,79.00,105171,24506,6968,17538,200,14,99,3.8000,8.2800,0.9000,806,702,104,143371,139763,3608,43,33,10,,,2314,4654,0.2330,0.0082,0.0329,0.0193,0.2843,0.8710,0.9748,0.7674,0.9091,0.3321,2025-12-08 22:42:25
戴维李,7581267114040757042,"黄金站上940，我来告诉你怎么办",2025-12-08 07:49:15,2025-12-08 09:11:51,82,2855,2063,2106,2091,15,456,910,899,11,218,105.00,151744,27029,8944,18085,372,13,168,5.3700,10.6200,1.1500,1182,1071,111,125579,124648,931,42,35,7,,,2727,5780,0.1781,0.0138,0.0437,0.0337,0.3309,0.9061,0.9926,0.8333,0.9879,0.3049,2025-12-08 22:43:02
财经葛先生,7580305377611238154,"黄金跌破关键点位4224，未来怎么走？",2025-12-05 17:36:48,2025-12-05 18:20:03,43,3164,2238,3685,3678,7,326,882,878,4,129,184.00,130624,22747,5641,17106,387,5,108,3.5500,9.5500,0.6300,1136,997,139,101702,100305,1397,46,34,12,,,0,0,0.1741,0.0170,0.0499,0.0388,0.2480,0.8776,0.9863,0.7391,0.9955,0.0000,2025-12-30 10:29:52
财经吴大拿,7580297096105085715,"紧急加播！今天终于涨了一天，下周还能继续涨吗？",2025-12-05 17:04:45,2025-12-05 17:47:04,42,1629,1133,304,293,11,175,189,182,7,110,15.00,131589,15543,1792,13751,496,4,88,2.4700,9.2300,1.1200,623,432,191,14460,12692,1768,16,12,4,,,0,0,0.1181,0.0319,0.0401,0.0122,0.1153,0.6934,0.8777,0.7500,0.9630,0.0000,2025-12-30 10:37:22
戴维李,7580281480057113407,"黄金站上940，我来告诉你怎么办",2025-12-05 16:03:51,2025-12-05 16:58:38,54,2912,2030,6016,5915,101,305,875,815,60,169,300.00,150483,28801,6468,22333,436,17,109,3.0700,7.9200,0.9800,1157,970,187,122299,119491,2808,46,32,14,,,2009,4459,0.1914,0.0151,0.0402,0.0304,0.2246,0.8384,0.9770,0.6957,0.9314,0.3106,2025-12-05 22:42:08
财经木子桐,7580275844765993779,"",2025-12-05 15:42:03,2025-12-05 16:22:40,40,8,4,0,0,0,0,0,0,0,0,0.00,275,79,11,68,0,0,0,1.0200,3.4500,0.5500,0,0,0,222,222,0,0,0,0,,,0,0,0.2873,0.0000,0.0000,0.0000,0.1392,0.0000,1.0000,0.0000,0.0000,0.0000,2026-02-10 15:48:50
财经吴大拿,7580220829603056393,"紧急加播！A股上午V型反转，下午会不会跌回去啊？",2025-12-05 12:08:41,2025-12-05 12:51:13,42,1003,770,254,247,7,104,165,161,4,70,12.00,58536,9645,1579,8066,192,3,46,2.7000,8.9500,0.9300,579,426,153,21391,20958,433,6,6,0,,,0,0,0.1648,0.0199,0.0600,0.0171,0.1637,0.7358,0.9798,1.0000,0.9758,0.0000,2025-12-30 10:37:59
老桑财知道,7580220748661263130,"黄金能否突破4250？当下应该怎么操作？",2025-12-05 12:08:26,2025-12-05 12:50:15,41,1562,1158,1687,1659,28,60,264,247,17,42,84.00,49163,9318,3419,5899,93,5,39,4.4200,8.0200,1.2000,615,556,59,91238,86958,4280,10,8,2,,,1159,2260,0.1895,0.0100,0.0660,0.0283,0.3669,0.9041,0.9531,0.8000,0.9356,0.3390,2025-12-05 22:47:03
老桑财知道,7580168486565563162,"黄金能否突破4250？当下应该怎么操作？",2025-12-05 08:45:33,2025-12-05 09:31:33,46,1492,1145,1250,1243,7,64,322,316,6,44,62.00,57460,10131,3693,6438,114,5,23,4.3800,7.9300,1.0000,542,514,28,100348,99094,1254,9,7,2,,,1163,2348,0.1763,0.0113,0.0535,0.0318,0.3645,0.9483,0.9875,0.7778,0.9814,0.3149,2025-12-05 22:47:40
财经葛先生,7579932321034373914,"黄金跌破关键点位4224，未来怎么走？",2025-12-04 17:29:12,2025-12-04 18:14:24,45,2913,2284,3724,3722,2,393,664,662,2,213,186.00,126030,18578,5967,12611,425,20,189,4.6800,9.1700,0.8800,1019,901,118,143863,140344,3519,40,33,7,,,0,0,0.1474,0.0229,0.0548,0.0357,0.3212,0.8842,0.9755,0.8250,0.9970,0.0000,2025-12-30 10:30:28
财经吴大拿,7579926065280240390,"紧急加播！A股上午V型反转，是上车的机会吗？",2025-12-04 17:04:45,2025-12-04 17:45:35,40,1147,810,313,309,4,138,148,145,3,85,15.00,73003,10183,1518,8665,299,6,67,2.5800,8.4500,1.1500,510,359,151,10348,9815,533,9,6,3,,,0,0,0.1395,0.0294,0.0501,0.0145,0.1491,0.7039,0.9485,0.6667,0.9797,0.0000,2025-12-30 10:38:35
财经木子桐,7579902363849034547,"A股临近2次探底，我来告诉你怎么办？",2025-12-04 15:32:54,2025-12-04 16:04:18,31,43,15,163,163,0,163,1,1,0,1,8.00,230,198,8,190,0,0,1,1.6200,5.5200,0.7200,1,1,0,862,862,0,0,0,0,,,0,0,0.8609,0.0000,0.0051,0.0051,0.0404,1.0000,1.0000,0.0000,1.0000,0.0000,2026-02-10 15:49:30
财经吴大拿,7579848859423722278,"紧急加播！A股上午V型反转，是上车的机会吗？",2025-12-04 12:05:16,2025-12-04 12:44:22,39,1042,779,353,343,10,149,185,178,7,98,17.00,75854,9278,1494,7784,261,3,74,2.5300,8.2300,1.0000,483,367,116,13372,12106,1266,16,12,4,,,0,0,0.1223,0.0281,0.0521,0.0199,0.1610,0.7598,0.9053,0.7500,0.9622,0.0000,2025-12-30 10:39:10
老桑财知道,7579846619135658803,"美联储降息在即，黄金能否突破4250？当下应该怎么操作？",2025-12-04 11:56:40,2025-12-04 12:53:13,56,1705,1299,892,837,55,113,324,290,34,74,44.00,66386,11798,4388,7410,163,6,61,5.4000,9.2500,1.4700,782,683,99,166997,163850,3147,28,22,6,,,1376,3012,0.1777,0.0138,0.0663,0.0275,0.3719,0.8734,0.9812,0.7857,0.8951,0.3136,2025-12-04 22:47:03
财经葛先生,7579832554883189542,"黄金关键点位4224，未来怎么走？",2025-12-04 11:01:55,2025-12-04 11:46:48,44,2660,2058,3146,3139,7,325,881,877,4,204,157.00,97298,14176,5656,8520,388,10,169,5.7300,8.5800,1.2000,1049,942,107,92877,91796,1081,32,24,8,,,0,0,0.1457,0.0274,0.0740,0.0621,0.3990,0.8980,0.9884,0.7500,0.9955,0.0000,2025-12-30 10:31:06
老桑财知道,7579804868976265994,"美联储降息在即，黄金能否突破4250？",2025-12-04 09:14:37,2025-12-04 09:51:36,36,1660,1199,590,590,0,31,209,209,0,24,29.00,50663,8130,3227,4903,115,6,21,4.6800,7.3300,1.1500,490,456,34,107501,106600,901,11,10,1,,,1053,1992,0.1605,0.0141,0.0603,0.0257,0.3969,0.9306,0.9916,0.9091,1.0000,0.3263,2025-12-04 22:47:40
财经葛先生,7579562244042771210,"黄金关键点位4224，未来怎么走？",2025-12-03 17:32:59,2025-12-03 18:10:47,37,3127,2469,5772,5322,450,246,589,582,7,149,288.00,149657,18866,5859,13007,440,9,111,4.2200,8.7800,0.8500,823,728,95,123645,119965,3680,41,37,4,,,0,0,0.1261,0.0233,0.0436,0.0312,0.3106,0.8846,0.9702,0.9024,0.9881,0.0000,2025-12-30 10:31:41
财经吴大拿,7579556726698134313,"紧急加播！A股2次探底，如何操作？",2025-12-03 17:11:36,2025-12-03 17:52:17,40,1700,1232,256,241,15,204,183,173,10,142,12.00,131683,14198,1805,12393,568,5,122,2.7500,9.5700,1.4500,668,416,252,10492,8261,2231,16,12,4,,,0,0,0.1078,0.0400,0.0470,0.0129,0.1271,0.6228,0.7874,0.7500,0.9454,0.0000,2025-12-30 10:39:47
老桑财知道,7579480267094625050,"黄金能否突破4250，当下应该怎么操作？",2025-12-03 12:14:57,2025-12-03 13:06:56,51,1634,1238,3329,3314,15,94,238,232,6,51,166.00,54947,10790,4479,6311,136,7,36,5.1500,8.6300,1.0200,669,625,44,102222,100961,1261,12,10,2,,,1415,3064,0.1964,0.0126,0.0620,0.0221,0.4151,0.9342,0.9877,0.8333,0.9748,0.3159,2025-12-04 22:48:16
财经吴大拿,7579476912964111147,"紧急加播！12月主线看这里！",2025-12-03 12:01:45,2025-12-03 12:42:56,41,927,654,315,306,9,155,199,192,7,121,15.00,60467,8853,1508,7345,183,6,83,2.3000,7.6200,0.8700,431,341,90,10770,9206,1564,9,7,2,,,0,0,0.1464,0.0207,0.0487,0.0225,0.1703,0.7912,0.8548,0.7778,0.9648,0.0000,2025-12-30 10:40:24
财经葛先生,7579462510882048778,"黄金关键点位4224，未来怎么走？",2025-12-03 11:06:05,2025-12-03 11:48:54,42,3173,2534,6991,6971,20,521,1261,1255,6,318,349.00,111558,16813,6108,10705,570,10,250,5.5800,9.9300,1.0800,1270,1171,99,134049,131867,2182,47,41,6,,,0,0,0.1507,0.0339,0.0755,0.0750,0.3633,0.9220,0.9837,0.8723,0.9952,0.0000,2025-12-30 10:33:28
财经木子桐,7579453935736343322,"",2025-12-03 10:32:43,2025-12-03 10:53:10,20,69,17,0,0,0,0,0,0,0,0,0.00,106,108,9,99,0,0,0,3.2800,2.5800,2.1200,1,0,1,72,0,72,0,0,0,,,0,0,1.0189,0.0000,0.0093,0.0000,0.0833,0.0000,0.0000,0.0000,0.0000,0.0000,2026-02-10 15:50:11
老桑财知道,7579425675161914158,"黄金能否突破4250，当下应该怎么操作？",2025-12-03 08:43:08,2025-12-03 09:34:00,50,1986,1640,3999,3994,5,154,384,380,4,83,199.00,74455,11889,5050,6839,241,7,54,6.2500,9.4500,1.5000,777,713,64,109196,108052,1144,24,21,3,,,1490,3560,0.1597,0.0203,0.0654,0.0323,0.4248,0.9176,0.9895,0.8750,0.9896,0.2950,2025-12-04 22:48:52
财经葛先生,7579196556327357235,"黄金关键点位4224，未来怎么走？",2025-12-02 17:54:07,2025-12-02 18:38:54,44,4183,3472,3683,3672,11,1131,871,863,8,367,184.00,156780,21642,7424,14218,856,9,297,6.2200,10.5200,1.4000,1686,1444,242,125113,123829,1284,75,67,8,,,0,0,0.1380,0.0396,0.0779,0.0402,0.3430,0.8565,0.9897,0.8933,0.9908,0.0000,2025-12-30 10:34:05
财经吴大拿,7579187043058699051,"紧急加播！12月主线看这里！",2025-12-02 17:17:05,2025-12-02 17:59:20,42,1305,938,162,150,12,102,137,128,9,82,8.00,105525,13152,1526,11626,390,4,53,2.2300,8.0200,1.1700,507,315,192,15186,13108,2078,5,2,3,,,0,0,0.1246,0.0297,0.0385,0.0104,0.1160,0.6213,0.8632,0.4000,0.9343,0.0000,2025-12-30 10:41:04
财经吴大拿,7579110536256162623,"紧急加播！12月主线看这里！",2025-12-02 12:20:07,2025-12-02 13:00:46,40,1095,825,544,537,7,144,190,184,6,112,27.00,78479,11339,1570,9769,328,5,82,2.1300,7.4700,0.9200,507,362,145,10031,8810,1221,6,5,1,,,0,0,0.1445,0.0289,0.0447,0.0168,0.1385,0.7140,0.8783,0.8333,0.9684,0.0000,2025-12-30 10:41:40
老桑财知道,7579104117772127017,"黄金能否突破4250，当下应该怎么操作？",2025-12-02 11:55:15,2025-12-02 12:51:25,56,1768,1329,833,827,6,137,368,364,4,98,41.00,54039,10207,4921,5286,131,5,73,6.4200,9.3500,1.3800,794,745,49,103130,101373,1757,22,18,4,,,1596,3325,0.1889,0.0128,0.0778,0.0361,0.4821,0.9383,0.9830,0.8182,0.9891,0.3243,2025-12-04 22:49:28
财经葛先生,7579091923383044902,"黄金关键点位4224，未来怎么走？",2025-12-02 11:08:03,2025-12-02 11:48:58,40,3078,2249,9247,9236,11,401,1116,1108,8,207,462.00,97138,19877,5423,14454,372,12,151,3.8500,9.4300,0.6200,1076,1000,76,166163,165057,1106,37,36,1,,,0,0,0.2046,0.0187,0.0541,0.0561,0.2728,0.9294,0.9933,0.9730,0.9928,0.0000,2025-12-30 10:34:41
老桑财知道,7579055438843415322,"黄金能否突破4250，当下应该怎么操作？",2025-12-02 08:46:40,2025-12-02 09:29:33,42,2291,1584,1195,1190,5,107,382,378,4,69,59.00,67400,12639,4771,7868,205,7,45,4.5300,7.2000,1.2700,721,645,76,109570,107377,2193,11,10,1,,,1451,3320,0.1875,0.0162,0.0570,0.0302,0.3775,0.8946,0.9800,0.9091,0.9895,0.3041,2025-12-04 22:50:06
财经葛先生,7578819738676005682,"黄金重回940！接下来怎么操作？",2025-12-01 17:31:44,2025-12-01 18:12:52,41,3951,2978,11179,11172,7,3225,941,937,4,232,558.00,164517,24095,6450,17645,654,7,173,4.3500,10.4300,0.8300,1176,1032,144,245661,241552,4109,54,47,7,,,0,0,0.1465,0.0271,0.0488,0.0391,0.2677,0.8776,0.9833,0.8704,0.9957,0.0000,2025-12-30 10:35:17
财经吴大拿,7578814021021911849,"紧急加播！12月主线看这里！",2025-12-01 17:09:30,2025-12-01 17:52:35,43,1135,854,472,358,114,272,211,199,12,129,23.00,122958,12977,1585,11392,473,5,87,2.1300,7.7000,1.0500,635,397,238,12396,10640,1756,10,7,3,,,0,0,0.1055,0.0364,0.0489,0.0163,0.1221,0.6252,0.8583,0.7000,0.9431,0.0000,2025-12-30 10:42:16
老桑财知道,7578797052688386862,"黄金能否突破4250，当下应该怎么操作？",2025-12-01 16:03:43,2025-12-01 16:54:38,50,1721,1272,1013,1010,3,133,586,583,3,101,50.00,68140,11678,4463,7215,164,3,83,4.7700,8.2000,1.0000,764,700,64,120260,119576,684,13,10,3,,,1440,3023,0.1714,0.0140,0.0654,0.0502,0.3822,0.9162,0.9943,0.7692,0.9949,0.3227,2025-12-04 22:50:42
财经吴大拿,7578736779549838123,"紧急加播！12月主线看这里！",2025-12-01 12:09:52,2025-12-01 12:48:17,38,771,553,231,226,5,89,187,183,4,78,11.00,54882,7694,1092,6602,111,2,37,2.0500,7.1500,0.8800,344,233,111,9470,8294,1176,4,1,3,,,0,0,0.1402,0.0144,0.0447,0.0243,0.1419,0.6773,0.8758,0.2500,0.9786,0.0000,2025-12-30 10:42:55
财经葛先生,7578703628270062345,"黄金重回940！接下来怎么操作？",2025-12-01 10:01:00,2025-12-01 10:37:26,36,2903,2292,17205,16293,912,1683,1278,1267,11,390,860.00,130352,15209,5110,10099,657,8,288,4.6700,8.3500,0.8700,1217,1066,151,200528,194711,5817,67,56,11,,,0,0,0.1167,0.0432,0.0800,0.0840,0.3360,0.8759,0.9710,0.8358,0.9914,0.0000,2025-12-30 10:35:54
财经葛先生,7577788630769666851,"黄金重回940！接下来怎么操作？",2025-11-28 22:50:25,2025-11-28 23:14:48,24,3272,2169,4354,4346,8,369,321,316,5,83,217.00,131349,17605,4186,13419,479,4,57,2.3300,5.5800,0.6300,624,516,108,71285,70015,1270,50,39,11,,,0,0,0.1340,0.0272,0.0354,0.0182,0.2378,0.8269,0.9822,0.7800,0.9844,0.0000,2025-12-30 10:36:30
财经吴大拿,7577700188303723307,"紧急加播！下周能继续涨吗？",2025-11-28 17:07:24,2025-11-28 17:46:42,39,1331,937,212,195,17,114,146,134,12,86,10.00,90120,10948,1262,9686,299,8,59,2.6500,9.1300,1.4700,625,336,289,7231,6406,825,9,7,2,,,0,0,0.1215,0.0273,0.0571,0.0133,0.1153,0.5376,0.8859,0.7778,0.9178,0.0000,2025-12-30 10:43:31
财经葛先生,7577698076203191091,"黄金重回940！接下来怎么操作？",2025-11-28 16:59:04,2025-11-28 17:44:57,45,3842,2637,4032,4020,12,486,750,740,10,251,201.00,197415,29741,5709,24032,587,8,198,3.1800,8.9700,0.7300,1064,848,216,152934,150162,2772,56,40,16,,,0,0,0.1507,0.0197,0.0358,0.0252,0.1920,0.7970,0.9819,0.7143,0.9867,0.0000,2025-12-30 10:37:05
老桑财知道,7577620898740521766,"黄金突破4100，当下应该怎么操作？",2025-11-28 11:59:35,2025-11-28 12:59:13,59,1746,1196,1123,1103,20,365,426,419,7,155,56.00,49121,10245,4712,5533,210,11,127,6.1000,9.3200,1.5300,849,789,60,103593,101149,2444,7,7,0,,,1501,3211,0.2086,0.0205,0.0829,0.0416,0.4599,0.9293,0.9764,1.0000,0.9836,0.3185,2025-12-04 22:52:30
财经吴大拿,7577620495701461802,"紧急加播！A股上午反弹，下午会跌回去吗？",2025-11-28 11:58:06,2025-11-28 12:37:39,39,1022,683,484,474,10,316,161,152,9,88,24.00,61555,8576,1284,7292,232,1,61,2.3800,7.8700,1.0700,459,311,148,11366,9900,1466,11,6,5,,,0,0,0.1393,0.0271,0.0535,0.0188,0.1497,0.6776,0.8710,0.5455,0.9441,0.0000,2025-12-30 10:44:07
戴维李,7577615616845171482,"黄金站上940，我来告诉你怎么办",2025-11-28 11:39:10,2025-11-28 12:34:57,55,2617,1973,2616,2600,16,1269,499,490,9,157,130.00,134447,31425,7064,24361,280,10,117,2.6300,7.7500,0.5300,953,861,92,181007,173813,7194,36,28,8,,,2499,4565,0.2337,0.0089,0.0303,0.0159,0.2248,0.9035,0.9603,0.7778,0.9820,0.3538,2025-12-01 22:41:48
财经葛先生,7577605252440492809,"黄金重回940！接下来怎么操作？",2025-11-28 10:58:53,2025-11-28 11:42:32,43,2972,2018,10065,10050,15,489,1053,1048,5,298,503.00,152847,21429,5056,16373,461,10,261,3.3200,8.6200,0.6700,956,841,115,174876,172251,2625,36,28,8,,,0,0,0.1402,0.0215,0.0446,0.0491,0.2359,0.8797,0.9850,0.7778,0.9953,0.0000,2025-12-30 10:37:40
老桑财知道,7577570518077852462,"黄金突破4100，当下应该怎么操作？",2025-11-28 08:44:20,2025-11-28 09:26:37,42,2228,1370,1650,1647,3,192,398,395,3,117,82.00,55305,10446,4277,6169,168,10,97,4.7300,7.3200,1.2300,677,614,63,100228,99613,615,14,11,3,,,1297,2980,0.1889,0.0161,0.0648,0.0381,0.4094,0.9069,0.9939,0.7857,0.9925,0.3032,2025-12-04 22:53:06
戴维李,7577557520886139658,"黄金站上940，我来告诉你怎么办",2025-11-28 07:54:04,2025-11-28 08:50:43,56,2929,2022,1401,1366,35,461,680,670,10,248,70.00,142310,21951,7440,14511,436,11,211,4.3500,8.3500,1.0800,895,790,105,221610,216157,5453,51,39,12,,,2455,4985,0.1542,0.0199,0.0408,0.0310,0.3389,0.8827,0.9754,0.7647,0.9853,0.3300,2025-12-01 22:42:25
财经葛先生,7577334782481271562,"黄金重回940！接下来怎么操作？",2025-11-27 17:29:22,2025-11-27 18:12:10,42,2974,1902,4100,4097,3,147,430,428,2,91,205.00,166099,30573,4470,26103,233,6,76,1.8300,7.9700,0.3500,791,691,100,108624,104827,3797,58,55,3,,,0,0,0.1841,0.0076,0.0259,0.0141,0.1462,0.8736,0.9650,0.9483,0.9953,0.0000,2025-12-30 10:38:17
财经吴大拿,7577327662117554979,"紧急加播！A股反弹，上涨有持续性吗？还能重返4000点吗？",2025-11-27 17:01:37,2025-11-27 17:45:24,43,1168,841,337,317,20,257,176,164,12,114,16.00,105661,11740,1443,10297,373,8,85,2.4000,8.7700,1.2200,591,358,233,16458,14446,2012,15,10,5,,,0,0,0.1111,0.0318,0.0503,0.0150,0.1229,0.6058,0.8777,0.6667,0.9318,0.0000,2025-12-30 10:44:44
财经吴大拿,7577250544377498411,"紧急加播！A股反弹，上涨有持续性吗？还能重返4000点吗？",2025-11-27 12:02:30,2025-11-27 12:41:59,39,1045,735,279,267,12,181,190,183,7,133,13.00,79686,8829,1373,7456,342,2,110,2.5300,7.7800,1.2200,514,341,173,6684,5272,1412,14,8,6,,,0,0,0.1108,0.0387,0.0582,0.0215,0.1555,0.6634,0.7887,0.5714,0.9632,0.0000,2025-12-30 10:45:20
老桑财知道,7577250075890469682,"黄金突破4100，当下应该怎么操作？",2025-11-27 12:00:23,2025-11-27 12:57:34,57,1439,1093,813,681,132,219,282,257,25,78,40.00,52599,10209,4209,6000,179,9,62,5.3000,8.2300,1.6200,754,658,96,87317,85302,2015,16,14,2,,,1278,2931,0.1941,0.0175,0.0739,0.0276,0.4123,0.8727,0.9769,0.8750,0.9113,0.3036,2025-11-27 22:46:53
戴维李,7577244108377361178,"黄金站上940，我来告诉你怎么办",2025-11-27 11:37:41,2025-11-27 12:44:34,66,2770,1905,1614,1487,127,302,543,478,65,177,80.00,132100,36004,7196,28808,283,13,149,2.7000,8.0800,0.6500,1070,917,153,219045,211373,7672,60,49,11,,,2507,4689,0.2726,0.0079,0.0297,0.0151,0.1999,0.8570,0.9650,0.8167,0.8803,0.3484,2025-11-27 22:41:58
财经葛先生,7577235445688421130,"黄金重回940！接下来怎么操作？",2025-11-27 11:03:54,2025-11-27 11:50:16,46,2642,1884,4318,4309,9,270,707,702,5,117,215.00,139080,21011,4848,16163,341,6,86,3.3300,8.8800,0.7300,1004,858,146,52560,51197,1363,83,78,5,,,0,0,0.1511,0.0162,0.0478,0.0336,0.2307,0.8546,0.9741,0.9398,0.9929,0.0000,2025-12-30 10:38:52
老桑财知道,7577203647157275401,"黄金突破4100，当下应该怎么操作？",2025-11-27 09:00:13,2025-11-27 09:31:51,31,1531,1231,462,457,5,59,237,234,3,43,23.00,56114,8302,3349,4953,113,9,31,3.8800,6.4200,0.9300,514,481,33,92136,91974,162,14,12,2,,,1046,2114,0.1479,0.0136,0.0619,0.0285,0.4034,0.9358,0.9982,0.8571,0.9873,0.3123,2025-11-27 22:47:29
戴维李,7577183044751526707,"黄金站上940，我来告诉你怎么办",2025-11-27 07:40:45,2025-11-27 09:00:18,79,3444,2586,2594,2573,21,527,887,872,15,262,129.00,156393,29342,10161,19181,516,18,216,6.1300,11.4700,1.4700,1678,1490,188,236325,231797,4528,79,70,9,,,3050,6311,0.1876,0.0176,0.0572,0.0302,0.3463,0.8880,0.9808,0.8861,0.9831,0.3002,2025-11-27 22:42:34
财经葛先生,7576965400257186569,"黄金震荡，A股破位，请管住手？",2025-11-26 17:35:51,2025-11-26 18:20:14,44,3391,2390,3045,3033,12,472,618,613,5,227,152.00,201149,26863,5645,21218,452,11,189,3.1300,9.4000,0.6800,1103,946,157,63118,62140,978,94,75,19,,,0,0,0.1335,0.0168,0.0411,0.0230,0.2101,0.8577,0.9845,0.7979,0.9919,0.0000,2025-12-30 10:39:28
财经吴大拿,7576957463266675482,"紧急加播！A股反弹，上涨有持续性吗？还能重返4000点吗？",2025-11-26 17:05:13,2025-11-26 17:47:39,42,1319,874,366,349,17,317,208,196,12,167,18.00,106593,12839,1480,11359,515,9,145,2.1200,7.9200,1.0800,564,326,238,13310,11997,1313,26,20,6,,,0,0,0.1204,0.0401,0.0439,0.0162,0.1153,0.5780,0.9014,0.7692,0.9423,0.0000,2025-12-30 10:45:56
老桑财知道,7576881116507196211,"黄金突破4100，当下应该怎么操作？",2025-11-26 12:08:54,2025-11-26 13:03:47,54,1403,1125,1074,1035,39,136,315,287,28,82,53.00,64366,12187,4654,7533,195,9,64,4.2500,6.9700,1.2500,740,636,104,205356,195230,10126,14,12,2,,,1335,3319,0.1893,0.0160,0.0607,0.0258,0.3819,0.8595,0.9507,0.8571,0.9111,0.2869,2025-11-26 22:47:05
财经吴大拿,7576880927893113635,"紧急加播！A股反弹，上涨有持续性吗？还能重返4000点吗？",2025-11-26 12:08:11,2025-11-26 12:48:25,40,1239,828,234,229,5,190,178,174,4,143,11.00,95523,12568,1360,11208,452,3,124,1.8700,7.2200,0.9300,512,325,187,8071,5799,2272,7,6,1,,,0,0,0.1316,0.0360,0.0407,0.0142,0.1082,0.6348,0.7185,0.8571,0.9775,0.0000,2025-12-30 10:46:32
戴维李,7576875955374181147,"黄金站上940，我来告诉你怎么办",2025-11-26 11:49:11,2025-11-26 12:50:19,61,2507,1930,3022,2852,170,576,652,577,75,261,151.00,145289,25007,7401,17606,336,7,210,3.8800,7.9000,1.0300,1219,1005,214,227447,216765,10682,55,42,13,,,2348,5053,0.1721,0.0134,0.0487,0.0261,0.2960,0.8244,0.9530,0.7636,0.8850,0.3173,2025-11-26 22:42:07
财经葛先生,7576864332785781530,"黄金震荡，A股破位，请管住手？",2025-11-26 11:03:48,2025-11-26 11:47:13,43,3193,2226,8593,8576,17,529,1136,1130,6,296,429.00,138819,17809,5458,12351,498,6,222,4.6300,9.5000,1.0200,1141,986,155,66520,65586,934,112,103,9,,,0,0,0.1283,0.0280,0.0641,0.0638,0.3065,0.8642,0.9860,0.9196,0.9947,0.0000,2025-12-30 10:40:04
老桑财知道,7576830039243639579,"黄金突破4100，当下应该怎么操作？",2025-11-26 08:50:51,2025-11-26 09:31:48,40,2039,1395,1066,1064,2,162,434,433,1,102,53.00,57515,10337,4446,5891,249,6,83,4.7200,7.0300,1.2800,725,671,54,172692,170221,2471,32,25,7,,,1270,2813,0.1797,0.0241,0.0701,0.0420,0.4301,0.9255,0.9857,0.7813,0.9977,0.2857,2025-11-26 22:47:41
戴维李,7576819711653071667,"黄金反弹，危机解除了吗？",2025-11-26 08:10:49,2025-11-26 09:04:49,54,3470,2589,1581,1574,7,451,685,679,6,232,79.00,136250,26440,8053,18387,404,16,202,4.4700,9.3700,1.1000,1268,1133,135,229014,224839,4175,53,47,6,,,2417,5034,0.1941,0.0153,0.0480,0.0259,0.3046,0.8935,0.9818,0.8868,0.9912,0.3001,2025-11-26 22:42:44
财经葛先生,7576599703513500467,"黄金震荡，A股破位，请管住手？",2025-11-25 17:56:47,2025-11-25 18:41:24,44,3289,2517,5154,5139,15,482,805,799,6,311,257.00,153337,19894,5916,13978,506,10,259,4.7800,10.1800,0.9800,1302,1142,160,82693,81356,1337,91,76,15,,,0,0,0.1297,0.0254,0.0654,0.0405,0.2974,0.8771,0.9838,0.8352,0.9925,0.0000,2025-12-30 10:40:41
财经吴大拿,7576587993251711744,"紧急加播！A股反弹，上涨有持续性吗？还能重返4000点吗？",2025-11-25 17:11:24,2025-11-25 17:55:39,44,1222,803,156,145,11,127,128,120,8,100,7.00,98850,13880,1255,12625,333,1,63,1.8000,7.3700,1.0300,572,313,259,10610,8244,2366,6,4,2,,,0,0,0.1404,0.0240,0.0412,0.0092,0.0904,0.5472,0.7770,0.6667,0.9375,0.0000,2025-12-30 10:47:09
老桑财知道,7576576238435240731,"黄金突破4100，当下应该怎么操作？",2025-11-25 16:25:42,2025-11-25 17:17:16,51,1695,1272,856,809,47,120,349,318,31,84,42.00,68072,11648,4152,7496,284,4,62,4.8000,7.6000,1.5000,730,577,153,134937,126121,8816,30,24,6,,,1068,3084,0.1711,0.0244,0.0627,0.0300,0.3565,0.7904,0.9347,0.8000,0.9112,0.2572,2025-11-25 22:46:57
财经吴大拿,7576509201610246955,"紧急加播！A股反弹，还能重返4000点吗？",2025-11-25 12:05:44,2025-11-25 12:45:30,39,916,662,208,181,27,139,171,150,21,117,10.00,86283,10856,1149,9707,306,4,78,1.6800,6.5800,0.9200,437,261,176,7678,6544,1134,17,8,9,,,0,0,0.1258,0.0282,0.0403,0.0158,0.1058,0.5973,0.8523,0.4706,0.8772,0.0000,2025-12-30 10:47:45
戴维李,7576500306939562803,"大A暴跌！牛市结束了吗？",2025-11-25 11:31:04,2025-11-25 12:41:17,70,2902,2055,2733,2551,182,1038,620,560,60,173,136.00,129751,24942,8251,16691,348,13,129,4.9300,9.0800,1.3700,1516,1275,241,234770,220982,13788,45,33,12,,,2573,5678,0.1922,0.0140,0.0608,0.0249,0.3308,0.8410,0.9413,0.7333,0.9032,0.3118,2025-11-25 22:41:58
财经葛先生,7576491569264462638,"黄金震荡，A股破位，请管住手？",2025-11-25 10:57:12,2025-11-25 11:44:37,47,3165,2188,13881,13854,27,2131,1300,1291,9,447,694.00,139345,15175,5734,9441,617,7,317,5.9000,9.3500,1.3300,1473,1297,176,80197,79506,691,127,116,11,,,0,0,0.1089,0.0407,0.0971,0.0857,0.3779,0.8805,0.9914,0.9134,0.9931,0.0000,2025-12-30 10:41:18
老桑财知道,7576461302390967066,"黄金突破4100，当下应该怎么操作？",2025-11-25 08:59:48,2025-11-25 09:35:35,35,1894,1360,1052,1042,10,129,518,512,6,97,52.00,57216,9773,3961,5812,160,6,70,4.2300,6.4500,1.1200,599,541,58,61023,60484,539,18,15,3,,,1158,2622,0.1708,0.0164,0.0613,0.0530,0.4053,0.9032,0.9912,0.8333,0.9884,0.2924,2025-11-25 22:47:33
戴维李,7576436543487396654,"大A暴跌！牛市结束了吗？",2025-11-25 07:24:24,2025-11-25 08:47:18,82,2535,2056,2884,2871,13,702,899,891,8,244,144.00,187253,39892,9359,30533,358,12,177,3.4200,9.6000,0.6700,1346,1201,145,221202,219226,1976,64,57,7,,,2736,6061,0.2130,0.0090,0.0337,0.0225,0.2346,0.8923,0.9911,0.8906,0.9911,0.2923,2025-11-25 22:42:35
财经葛先生,7576221447371164443,"黄金震荡，A股破位，请管住手？",2025-11-24 17:29:06,2025-11-24 18:16:56,47,2245,1689,5290,5186,104,503,721,719,2,180,264.00,149533,13030,4743,8287,278,9,118,5.2300,9.5500,0.9800,1095,968,127,64405,63792,613,55,50,5,,,0,0,0.0871,0.0213,0.0840,0.0553,0.3640,0.8840,0.9905,0.9091,0.9972,0.0000,2025-12-30 10:41:54
财经吴大拿,7576216683811998474,"紧急加播！A股行情震荡，还能重返4000点吗？",2025-11-24 17:10:29,2025-11-24 17:57:11,46,1140,845,243,232,11,148,212,202,10,124,12.00,121475,14306,1325,12981,377,6,85,2.0300,8.2000,1.2000,584,326,258,12749,10276,2473,8,4,4,,,0,0,0.1178,0.0264,0.0408,0.0148,0.0926,0.5582,0.8060,0.5000,0.9528,0.0000,2025-12-30 10:48:20
财经吴大拿,7576137341845211945,"紧急加播！A股行情震荡，还能重返4000点吗？",2025-11-24 12:02:50,2025-11-24 12:42:57,40,1044,694,233,213,20,138,177,168,9,97,11.00,90683,11160,1058,10102,204,6,61,1.7300,6.2500,1.0500,539,267,272,6601,5785,816,8,0,8,,,0,0,0.1231,0.0183,0.0483,0.0159,0.0948,0.4954,0.8764,0.0000,0.9492,0.0000,2025-12-30 10:48:56
戴维李,7576133682696719150,"大A暴跌！牛市结束了吗？",2025-11-24 11:48:31,2025-11-24 13:01:55,73,2355,1891,1213,1148,65,206,554,502,52,149,60.00,184719,28080,7838,20242,289,18,107,4.1000,8.7700,1.0700,1136,933,203,90649,88229,2420,33,23,10,,,2547,5291,0.1520,0.0103,0.0405,0.0197,0.2791,0.8213,0.9733,0.6970,0.9061,0.3250,2025-11-24 22:42:19
财经葛先生,7576122565450533659,"黄金震荡，A股破位，请管住手？",2025-11-24 11:05:15,2025-11-24 11:47:59,42,2453,1728,3601,3595,6,564,798,793,5,193,180.00,159268,15499,4703,10796,360,10,142,3.9300,8.0200,1.0000,735,622,113,40307,37091,3216,49,44,5,,,0,0,0.0973,0.0232,0.0474,0.0515,0.3034,0.8463,0.9202,0.8980,0.9937,0.0000,2025-12-30 10:42:30
戴维李,7576067257445403438,"大A暴跌！牛市结束了吗？",2025-11-24 07:30:45,2025-11-24 09:11:08,100,2605,1892,1929,1909,20,167,717,708,9,94,96.00,196661,29788,8966,20822,388,16,44,5.5000,12.0000,1.0300,1164,1020,144,131375,127680,3695,63,58,5,,,2920,5598,0.1515,0.0130,0.0391,0.0241,0.3010,0.8763,0.9719,0.9206,0.9874,0.3257,2025-11-24 22:42:57
财经葛先生,7575108656333638438,"黄金震荡，A股破位，请管住手？",2025-11-21 17:30:59,2025-11-21 18:18:20,47,3065,2125,4171,4159,12,397,700,690,10,230,208.00,335213,23717,5414,18303,521,10,184,3.4700,9.3500,0.8200,950,804,146,52580,50582,1998,70,56,14,,,0,0,0.0708,0.0220,0.0401,0.0295,0.2283,0.8463,0.9620,0.8000,0.9857,0.0000,2025-12-30 10:43:07
财经吴大拿,7575102534348442411,"紧急加播！A股行情震荡，还能重返4000点吗？",2025-11-21 17:07:02,2025-11-21 17:49:36,42,4798,3084,419,385,34,374,306,281,25,272,20.00,387095,39487,2451,37036,1408,19,226,2.5000,8.8200,1.8200,2623,701,1922,16945,10542,6403,23,7,16,,,0,0,0.1020,0.0357,0.0664,0.0077,0.0621,0.2673,0.6221,0.3043,0.9183,0.0000,2025-12-30 10:49:31
老桑财知道,7575028438243855154,"全球股市暴跌，当下应该怎么操作？",2025-11-21 12:19:42,2025-11-21 12:58:46,39,1848,1376,673,670,3,62,293,291,2,43,33.00,88450,11919,4600,7319,135,9,32,3.7500,6.6200,0.9000,724,661,63,108468,108274,194,20,18,2,,,1395,3205,0.1348,0.0113,0.0607,0.0246,0.3859,0.9130,0.9982,0.9000,0.9932,0.3033,2025-11-25 22:48:09
财经吴大拿,7575026171907787558,"紧急加播！A股行情震荡，还能重返4000点吗？",2025-11-21 12:10:47,2025-11-21 12:49:14,38,1617,1142,398,164,234,348,157,133,24,114,19.00,120079,17136,1401,15735,411,18,68,1.8500,7.0200,1.2300,993,383,610,10816,7815,3001,7,4,3,,,0,0,0.1427,0.0240,0.0579,0.0092,0.0818,0.3857,0.7225,0.5714,0.8471,0.0000,2025-12-30 10:50:13
戴维李,7575018057765096218,"大A暴跌！牛市结束了吗？",2025-11-21 11:39:25,2025-11-21 12:49:18,69,3243,2276,1639,1546,93,161,504,460,44,95,81.00,237770,33449,8962,24487,391,15,59,3.9000,8.3300,1.0800,1442,1171,271,127147,120794,6353,98,63,35,,,3021,5941,0.1407,0.0117,0.0431,0.0151,0.2679,0.8121,0.9500,0.6429,0.9127,0.3371,2025-11-21 22:42:07
财经葛先生,7575009125877238578,"黄金震荡，A股破位，请管住手？",2025-11-21 11:04:44,2025-11-21 11:46:19,41,2879,1913,2029,2008,21,364,652,645,7,169,101.00,300406,23625,4624,19001,511,6,132,2.5800,7.4700,0.6300,785,662,123,31780,30331,1449,67,54,13,,,0,0,0.0786,0.0216,0.0332,0.0276,0.1957,0.8433,0.9544,0.8060,0.9893,0.0000,2025-12-30 10:43:45
老桑财知道,7574977766815189786,"黄金反弹，当下应该怎么操作？",2025-11-21 09:02:53,2025-11-21 09:32:50,29,1829,1192,672,661,11,45,220,217,3,26,33.00,61805,8319,3621,4698,80,8,7,3.6700,5.8200,0.8000,523,504,19,121817,119563,2254,22,14,8,,,1100,2521,0.1346,0.0096,0.0629,0.0264,0.4353,0.9637,0.9815,0.6364,0.9864,0.3038,2025-11-25 22:48:45
戴维李,7574958652570831642,"全球暴跌，是机会还是风险？",2025-11-21 07:49:18,2025-11-21 08:52:09,62,3013,2361,1645,1619,26,230,545,527,18,100,82.00,146241,26661,8479,18182,373,12,56,4.8200,10.0000,1.1700,1384,1245,139,174610,171573,3037,89,81,8,,,2470,5383,0.1823,0.0140,0.0519,0.0204,0.3180,0.8996,0.9826,0.9101,0.9670,0.2913,2025-11-21 22:42:44
财经葛先生,7574739848716684059,"黄金重回930，要跑吗？",2025-11-20 17:39:42,2025-11-20 18:29:34,49,3992,2751,5961,5955,6,2819,899,894,5,481,298.00,421438,36567,6586,29981,1007,20,414,2.9000,9.8500,0.7500,1267,1019,248,59870,56804,3066,143,109,34,,,0,0,0.0868,0.0275,0.0346,0.0246,0.1801,0.8043,0.9488,0.7622,0.9944,0.0000,2025-12-30 10:44:22
财经吴大拿,7574730889981086505,"紧急加播！A股行情震荡，还能重返4000点吗？",2025-11-20 17:04:56,2025-11-20 17:50:51,45,968,678,164,149,15,124,129,124,5,93,8.00,75684,11079,1073,10006,200,4,71,2.0700,7.6200,1.2200,633,266,367,7232,6413,819,2,1,1,,,0,0,0.1464,0.0181,0.0571,0.0116,0.0968,0.4202,0.8868,0.5000,0.9612,0.0000,2025-12-30 10:50:49
财经吴大拿,7574654212135553798,"紧急加播！A股行情震荡，还能重返4000点吗？",2025-11-20 12:07:21,2025-11-20 12:46:59,39,645,441,119,112,7,85,97,91,6,66,5.00,54836,7932,822,7110,127,6,54,1.5000,5.9800,0.7700,347,208,139,4845,3268,1577,3,1,2,,,0,0,0.1446,0.0160,0.0437,0.0122,0.1036,0.5994,0.6745,0.3333,0.9381,0.0000,2025-12-30 10:51:24
老桑财知道,7574653118877551369,"黄金反弹，当下应该怎么操作？",2025-11-20 12:03:01,2025-11-20 12:53:45,50,2745,1957,2073,1964,109,218,379,324,55,121,103.00,92988,15124,5482,9642,368,8,94,5.7700,9.9800,2.0000,1042,862,180,103237,100398,2839,37,31,6,,,1617,3865,0.1626,0.0243,0.0689,0.0251,0.3625,0.8273,0.9725,0.8378,0.8549,0.2950,2025-11-20 22:47:14
戴维李,7574645040645540618,"黄金反弹，调整结束了吗？",2025-11-20 11:31:51,2025-11-20 12:20:26,48,3395,2466,1833,1613,220,347,487,429,58,138,91.00,134452,25490,6947,18543,431,13,100,3.8800,7.7700,1.3300,1365,1093,272,209221,192706,16515,53,39,14,,,2300,4647,0.1896,0.0169,0.0536,0.0191,0.2725,0.8007,0.9211,0.7358,0.8809,0.3311,2025-11-20 22:42:10
财经葛先生,7574637730036599579,"黄金重回930，要跑吗？",2025-11-20 11:03:22,2025-11-20 11:44:59,41,2572,2027,5814,5799,15,423,942,938,4,258,290.00,141357,17866,5033,12833,403,11,215,4.0200,9.4300,0.7800,739,661,78,60760,60262,498,44,34,10,,,0,0,0.1264,0.0226,0.0414,0.0527,0.2817,0.8945,0.9918,0.7727,0.9958,0.0000,2025-12-30 10:45:33
戴维李,7574595560217250586,"黄金反弹，调整结束了吗？",2025-11-20 08:19:55,2025-11-20 09:01:17,41,2717,2050,1146,1131,15,287,415,406,9,156,57.00,146551,27670,6170,21500,421,12,117,2.3200,6.1300,0.7000,1025,852,173,231047,222958,8089,34,29,5,,,1689,3782,0.1888,0.0152,0.0370,0.0150,0.2230,0.8312,0.9650,0.8529,0.9783,0.2737,2025-11-20 22:42:47
老桑财知道,7574594217687698222,"黄金回调，当下应该怎么操作？",2025-11-20 08:14:45,2025-11-20 09:06:32,51,1846,1480,1512,1498,14,292,462,456,6,165,75.00,81345,13848,4736,9112,327,14,131,4.7300,9.0700,1.3200,758,681,77,62376,61439,937,10,7,3,,,1051,3213,0.1702,0.0236,0.0547,0.0334,0.3420,0.8984,0.9850,0.7000,0.9870,0.2219,2025-11-20 22:47:50
戴维李,7574582906325191462,"黄金反弹，调整结束了吗？",2025-11-20 07:30:56,2025-11-20 08:11:23,40,3496,2566,1775,1752,23,254,509,494,15,148,88.00,185633,31735,6557,25178,412,17,125,2.5800,7.8700,0.7800,1107,927,180,150682,146993,3689,50,37,13,,,1852,4001,0.1710,0.0130,0.0349,0.0160,0.2066,0.8374,0.9755,0.7400,0.9705,0.2824,2025-11-20 22:43:23
财经葛先生,7574366193751280394,"黄金重回930，要跑吗？",2025-11-19 17:29:35,2025-11-19 18:08:03,38,4049,2867,6275,6253,22,1683,738,731,7,409,313.00,230527,25688,5847,19841,1011,13,345,3.6500,9.3700,0.9200,1459,1185,274,44519,42407,2112,56,45,11,,,0,0,0.1114,0.0394,0.0568,0.0287,0.2276,0.8122,0.9526,0.8036,0.9905,0.0000,2025-12-30 10:46:18
财经吴大拿,7574359506190666559,"紧急加播！A股4000只个股下跌！还能拉回来吗？",2025-11-19 17:03:42,2025-11-19 17:45:02,41,993,709,170,161,9,140,119,112,7,103,8.00,99725,12488,1021,11467,278,6,84,1.6500,7.2000,0.9800,552,238,314,6550,3586,2964,6,5,1,,,0,0,0.1252,0.0223,0.0442,0.0095,0.0818,0.4312,0.5475,0.8333,0.9412,0.0000,2025-12-30 10:52:02
财经吴大拿,7574282335116348187,"紧急加播！A股4500只个股下跌！还能拉回来吗？",2025-11-19 12:04:24,2025-11-19 12:40:48,36,1254,840,216,193,23,182,192,172,20,161,10.00,112207,12845,1059,11786,327,10,135,1.6300,6.2800,1.0300,639,289,350,7142,5688,1454,9,3,6,,,0,0,0.1145,0.0255,0.0497,0.0149,0.0824,0.4523,0.7964,0.3333,0.8958,0.0000,2025-12-30 10:52:39
老桑财知道,7574281202111236890,"黄金暴跌，当下应该怎么操作？",2025-11-19 11:59:48,2025-11-19 12:37:04,37,2557,1645,1279,1220,59,135,308,274,34,90,63.00,79203,13507,4129,9378,277,5,58,3.8200,7.5700,1.4000,892,705,187,76612,72611,4001,24,14,10,,,1063,3066,0.1705,0.0205,0.0660,0.0228,0.3057,0.7904,0.9478,0.5833,0.8896,0.2574,2025-11-19 16:03:25
戴维李,7574278867666438950,"黄金反弹，调整结束了吗？",2025-11-19 11:50:53,2025-11-19 12:27:16,36,3127,2160,877,799,78,149,300,263,37,89,43.00,109210,22054,5625,16429,355,8,66,2.8700,6.5700,1.0000,1117,891,226,123297,111402,11895,80,21,59,,,1830,3795,0.2019,0.0161,0.0506,0.0136,0.2551,0.7977,0.9035,0.2625,0.8767,0.3253,2025-11-19 22:41:43
财经葛先生,7574266247131433737,"黄金重回930，要跑吗？",2025-11-19 11:01:46,2025-11-19 11:44:11,42,2701,2073,8473,8363,110,550,825,822,3,232,423.00,132924,21131,4779,16352,465,6,170,3.3800,9.3700,0.8300,933,809,124,47732,46164,1568,42,29,13,,,0,0,0.1590,0.0220,0.0442,0.0390,0.2262,0.8671,0.9671,0.6905,0.9964,0.0000,2025-12-30 10:46:54
老桑财知道,7574234529302989619,"黄金暴跌，当下应该怎么操作？",2025-11-19 08:58:49,2025-11-19 09:33:52,35,2683,1809,1338,1031,307,294,390,301,89,163,66.00,91393,15885,3545,12340,496,6,124,3.2300,7.0800,1.4300,855,630,225,66703,57851,8852,15,11,4,,,954,2591,0.1738,0.0312,0.0538,0.0246,0.2232,0.7368,0.8673,0.7333,0.7718,0.2691,2025-11-19 16:04:00
戴维李,7574210552298556187,"黄金反弹，调整结束了吗？",2025-11-19 07:26:11,2025-11-19 08:13:04,46,3797,2831,2042,2026,16,511,646,634,12,263,102.00,200777,45295,7408,37887,741,12,202,2.2000,7.9000,0.7200,1452,1195,257,111279,107124,4155,64,50,14,,,1890,4299,0.2256,0.0164,0.0321,0.0143,0.1636,0.8230,0.9627,0.7813,0.9814,0.2551,2025-11-19 22:42:19
财经葛先生,7573995084599364361,"黄金击穿关键点位914！",2025-11-18 17:29:39,2025-11-18 18:09:23,39,6064,4009,7779,7756,23,1419,913,898,15,496,388.00,449718,59086,6500,52586,1599,17,442,1.9000,9.7700,0.5800,1530,1205,325,69659,65580,4079,80,43,37,,,0,0,0.1314,0.0271,0.0259,0.0155,0.1100,0.7876,0.9414,0.5375,0.9836,0.0000,2025-12-30 10:47:29
财经吴大拿,7573989108616334120,"紧急加播！A股跌破4000点！还能拉回来吗？",2025-11-18 17:06:30,2025-11-18 17:50:27,43,1531,933,323,282,41,181,173,141,32,145,16.00,134527,16601,1161,15440,470,11,109,1.7200,7.2800,1.0700,928,380,548,11050,7832,3218,10,3,7,,,0,0,0.1234,0.0283,0.0559,0.0104,0.0699,0.4095,0.7088,0.3000,0.8150,0.0000,2025-12-30 10:53:15
老桑财知道,7573980396161911579,"黄金暴跌，当下应该怎么操作？",2025-11-18 16:32:31,2025-11-18 17:11:59,39,3601,2428,1802,1581,221,312,341,267,74,124,90.00,238619,36895,4131,32764,607,7,70,1.8200,6.9200,0.8200,1142,703,439,120361,97461,22900,32,18,14,,,984,3147,0.1546,0.0165,0.0310,0.0092,0.1120,0.6156,0.8097,0.5625,0.7830,0.2382,2025-11-18 22:46:50
戴维李,7573966428991212315,"黄金暴跌，是机会还是风险？",2025-11-18 15:38:20,2025-11-18 16:25:17,46,4172,3007,2120,1649,471,786,661,479,182,381,106.00,262400,59136,6487,52649,693,10,340,1.6000,6.7700,0.5800,1389,936,453,105441,95546,9895,69,40,29,,,1743,4744,0.2254,0.0117,0.0235,0.0112,0.1097,0.6739,0.9062,0.5797,0.7247,0.2687,2025-11-18 22:41:52
财经吴大拿,7573911017793538825,"紧急加播！A股跌破4000点！还能拉回来吗？",2025-11-18 12:03:27,2025-11-18 12:43:47,40,889,609,194,176,18,138,153,141,12,114,9.00,58997,10162,983,9179,235,4,81,1.6700,6.3300,0.9500,565,288,277,10050,7304,2746,4,1,3,,,0,0,0.1722,0.0231,0.0556,0.0151,0.0967,0.5097,0.7268,0.2500,0.9216,0.0000,2025-12-30 10:53:50
老桑财知道,7573909546607856394,"黄金暴跌，当下应该怎么操作？",2025-11-18 11:57:35,2025-11-18 12:49:06,51,4184,3068,4010,3981,29,972,845,828,17,369,200.00,189401,41078,7187,33891,1261,6,276,3.1000,9.8700,0.9000,1736,1422,314,156683,153881,2802,77,59,18,,,1303,4390,0.2169,0.0307,0.0423,0.0206,0.1750,0.8191,0.9821,0.7662,0.9799,0.1813,2025-11-18 22:47:27
戴维李,7573902000375696137,"黄金暴跌，是机会还是风险？",2025-11-18 11:28:21,2025-11-18 12:17:24,49,5091,3306,3039,2992,47,964,735,713,22,346,151.00,233484,50855,8232,42623,796,12,280,2.3500,7.8200,0.7300,1588,1257,331,122177,115937,6240,77,47,30,,,2016,5122,0.2178,0.0157,0.0312,0.0145,0.1619,0.7916,0.9489,0.6104,0.9701,0.2449,2025-11-18 22:42:29
财经葛先生,7573896451491629875,"黄金击穿关键点位914！",2025-11-18 11:06:53,2025-11-18 11:44:41,37,5340,3731,10630,10612,18,1998,1366,1354,12,783,531.00,296915,34384,6616,27768,2388,16,650,3.3500,9.7300,1.0800,1878,1486,392,77583,74255,3328,123,82,41,,,0,0,0.1158,0.0695,0.0546,0.0397,0.1924,0.7913,0.9571,0.6667,0.9912,0.0000,2025-12-30 10:48:05
老桑财知道,7573863566374095626,"黄金暴跌，当下应该怎么操作？",2025-11-18 08:59:08,2025-11-18 09:36:51,37,3491,2304,1725,1700,25,218,416,406,10,130,86.00,119027,19866,4802,15064,612,6,81,3.5800,8.0700,1.2300,882,739,143,51770,49439,2331,37,29,8,,,948,3088,0.1669,0.0308,0.0444,0.0209,0.2417,0.8379,0.9550,0.7838,0.9760,0.1974,2025-11-18 22:48:05
戴维李,7573846381383748403,"黄金暴跌，是机会还是风险？",2025-11-18 07:53:11,2025-11-18 08:44:57,51,4918,3733,2093,1961,132,797,700,681,19,331,104.00,310052,57295,8621,48674,1203,12,278,2.5300,8.7200,0.8800,1833,1358,475,116380,108830,7550,79,44,35,,,1864,5075,0.1848,0.0210,0.0320,0.0122,0.1505,0.7409,0.9351,0.5570,0.9729,0.2162,2025-11-18 22:43:07
财经葛先生,7573628185519147822,"黄金击穿关键点位933！",2025-11-17 17:45:51,2025-11-17 18:29:02,43,3041,2433,5483,5464,19,1212,795,786,9,413,274.00,273654,29108,5141,23967,1009,13,321,2.8000,9.5200,0.7500,1064,863,201,55734,52404,3330,66,45,21,,,0,0,0.1064,0.0347,0.0366,0.0273,0.1766,0.8111,0.9403,0.6818,0.9887,0.0000,2025-12-30 10:48:41
财经吴大拿,7573617294199737107,"紧急加播！A股跌破4000点！还能拉回来吗？",2025-11-17 17:03:32,2025-11-17 17:46:34,43,863,621,343,319,24,268,177,159,18,138,17.00,75334,10813,896,9917,229,5,90,1.7500,7.5700,1.0300,558,296,262,15147,11655,3492,10,4,6,,,0,0,0.1435,0.0212,0.0516,0.0164,0.0829,0.5305,0.7695,0.4000,0.8983,0.0000,2025-12-30 10:54:26
老桑财知道,7573607250246372147,"黄金跌破4100，当下应该怎么操作？",2025-11-17 16:24:42,2025-11-17 17:23:39,58,1939,1487,4418,4414,4,178,496,493,3,93,220.00,105155,23055,5012,18043,331,8,59,2.9300,8.4300,0.7200,739,657,82,90273,89182,1091,41,37,4,,,1152,3860,0.2192,0.0144,0.0321,0.0215,0.2174,0.8890,0.9879,0.9024,0.9940,0.2298,2025-11-18 22:48:43
戴维李,7573589403793623835,"黄金跌破4100，是机会还是风险？",2025-11-17 15:15:18,2025-11-17 16:00:03,44,2733,2174,1252,1151,101,390,330,266,64,132,62.00,152169,41925,5301,36624,460,11,112,1.5300,5.8500,0.5700,683,498,185,126117,107672,18445,29,22,7,,,1327,3974,0.2755,0.0110,0.0163,0.0079,0.1264,0.7291,0.8537,0.7586,0.8061,0.2503,2025-11-17 22:41:53
财经葛先生,7573544273522592550,"黄金高位震荡，下周怎么做？",2025-11-17 12:20:23,2025-11-17 13:01:42,41,4254,3028,9298,9282,16,2797,970,959,11,505,464.00,378720,46985,5228,41757,1298,12,414,1.8200,9.7000,0.5700,1053,832,221,46373,44063,2310,53,35,18,,,0,0,0.1241,0.0276,0.0224,0.0206,0.1113,0.7901,0.9502,0.6604,0.9887,0.0000,2025-12-30 10:49:16
财经吴大拿,7573539544352623403,"紧急加播！A股跌破4000点！还能拉回来吗？",2025-11-17 12:01:45,2025-11-17 12:42:01,40,679,485,259,229,30,156,188,168,20,125,12.00,53356,8377,822,7555,191,3,81,1.6000,6.3700,0.9000,412,232,180,9872,8207,1665,5,3,2,,,0,0,0.1570,0.0228,0.0492,0.0224,0.0981,0.5631,0.8313,0.6000,0.8936,0.0000,2025-12-30 10:55:02
戴维李,7573532423485410074,"黄金跌破4100，是机会还是风险？",2025-11-17 11:34:16,2025-11-17 12:32:54,58,3915,2584,1809,1800,9,286,595,587,8,158,90.00,202320,44819,7980,36839,656,11,108,2.5200,8.4500,0.6700,1394,1167,227,108434,106318,2116,56,40,16,,,2061,5093,0.2215,0.0146,0.0311,0.0133,0.1780,0.8372,0.9805,0.7143,0.9866,0.2583,2025-11-17 22:42:30
戴维李,7573470978102086446,"黄金跌破4100，是机会还是风险？",2025-11-17 07:36:28,2025-11-17 08:29:34,53,3944,2961,2273,2244,29,730,571,557,14,145,113.00,263318,56641,7004,49637,639,15,81,1.9300,8.7800,0.6200,1157,931,226,121736,114114,7622,67,48,19,,,1782,4470,0.2151,0.0113,0.0204,0.0101,0.1237,0.8047,0.9374,0.7164,0.9755,0.2544,2025-11-17 22:43:06
财经葛先生,7572511495724092187,"黄金高位震荡，下周怎么做？",2025-11-14 17:32:22,2025-11-14 18:23:50,51,3290,2320,3862,3849,13,672,729,721,8,418,193.00,201136,27880,5266,22614,1087,12,360,3.4200,10.5300,0.9800,1380,1096,284,67160,64883,2277,54,47,7,,,0,0,0.1386,0.0390,0.0495,0.0261,0.1889,0.7942,0.9661,0.8704,0.9890,0.0000,2025-12-30 10:49:51
财经吴大拿,7572502783146478372,"紧急加播！尾盘跳水！下周一咋办？",2025-11-14 16:58:34,2025-11-14 17:42:30,43,1342,944,364,317,47,246,198,183,15,164,18.00,102774,13744,1168,12576,486,6,127,2.2300,8.6300,1.3300,761,379,382,13969,10491,3478,14,5,9,,,0,0,0.1337,0.0354,0.0554,0.0144,0.0850,0.4980,0.7510,0.3571,0.9242,0.0000,2025-12-30 10:55:39
戴维李,7572477080252861234,"大A跌破4000，牛市结束了吗？",2025-11-14 15:18:56,2025-11-14 16:23:19,64,2260,1389,856,811,45,130,226,201,25,63,42.80,161530,24541,5538,19003,212,20,50,2.8100,6.6400,0.8100,909,720,189,38881,36210,2671,27,15,12,"""[{\""name\"":\""直播推荐\"",\""value\"":191417,\""ratio\"":80.11,\""ratio_str\"":\""80.11\""},{\""name\"":\""其他\"",\""value\"":26705,\""ratio\"":11.18,\""ratio_str\"":\""11.18\""},{\""name\"":\""关注\"",\""value\"":13056,\""ratio\"":5.46,\""ratio_str\"":\""5.46\""},{\""name\"":\""搜索\"",\""value\"":3496,\""ratio\"":1.46,\""ratio_str\"":\""1.46\""},{\""name\"":\""个人主页\"",\""value\"":3158,\""ratio\"":1.32,\""ratio_str\"":\""1.32\""},{\""name\"":\""视频推荐\"",\""value\"":1045,\""ratio\"":0.44,\""ratio_str\"":\""0.44\""},{\""name\"":\""商业化\"",\""value\"":51,\""ratio\"":0.030000000000005116,\""ratio_str\"":\""0.03\""},{\""name\"":\""同城\"",\""value\"":2,\""ratio\"":0,\""ratio_str\"":\""0.00\""}]""","""[{\""name\"":\""直播推荐\"",\""value\"":20595,\""ratio\"":82.6,\""ratio_str\"":\""82.60\""},{\""name\"":\""其他\"",\""value\"":1880,\""ratio\"":7.54,\""ratio_str\"":\""7.54\""},{\""name\"":\""关注\"",\""value\"":1602,\""ratio\"":6.43,\""ratio_str\"":\""6.43\""},{\""name\"":\""搜索\"",\""value\"":410,\""ratio\"":1.64,\""ratio_str\"":\""1.64\""},{\""name\"":\""个人主页\"",\""value\"":398,\""ratio\"":1.6,\""ratio_str\"":\""1.60\""},{\""name\"":\""视频推荐\"",\""value\"":37,\""ratio\"":0.15,\""ratio_str\"":\""0.15\""},{\""name\"":\""商业化\"",\""value\"":11,\""ratio\"":0.03999999999998579,\""ratio_str\"":\""0.04\""}]""",1697,3841,0.1519,0.0086,0.0370,0.0092,0.2257,0.7921,0.9313,0.5556,0.8894,0.3064,2025-11-14 22:41:51
财经葛先生,7572448631758424841,"黄金再次冲上960，该解套了吧",2025-11-14 13:28:31,2025-11-14 14:13:31,45,2731,2044,3437,3416,21,821,632,623,9,271,171.00,192634,29670,4061,25609,673,8,229,2.2300,8.7800,0.7000,934,761,173,40700,39021,1679,41,29,12,,,0,0,0.1540,0.0227,0.0315,0.0213,0.1369,0.8148,0.9587,0.7073,0.9858,0.0000,2025-12-30 10:50:27
老桑财知道,7572427257201888046,"黄金回调，当下应该怎么操作？",2025-11-14 12:05:52,2025-11-14 12:56:35,50,1966,1414,604,599,5,189,262,259,3,111,30.00,63460,16374,4604,11770,336,7,87,3.5500,8.4200,0.8500,765,681,84,45002,44383,619,27,24,3,,,1088,3516,0.2580,0.0205,0.0467,0.0160,0.2812,0.8902,0.9862,0.8889,0.9885,0.2363,2025-11-18 22:49:57
财经吴大拿,7572426681252727593,"A股冲击4034，再创新高！下午加速上涨还是会跳水？",2025-11-14 12:03:33,2025-11-14 12:42:22,38,718,471,117,110,7,73,84,77,7,64,5.00,56052,8169,665,7504,131,4,51,1.4700,5.3500,0.9200,309,154,155,6360,3842,2518,9,5,4,,,0,0,0.1457,0.0160,0.0378,0.0103,0.0814,0.4984,0.6041,0.5556,0.9167,0.0000,2025-12-30 10:56:13
戴维李,7572426172898839305,"黄金突破4200！是机会还是风险？",2025-11-14 12:01:20,2025-11-14 13:03:23,62,1861,1362,1146,1119,27,106,214,205,9,33,57.30,114540,23216,6097,17119,157,10,14,2.8400,6.4200,0.7500,704,583,121,42907,41975,932,20,11,9,"""[{\""name\"":\""关注\"",\""value\"":13712,\""ratio\"":7.52,\""ratio_str\"":\""7.52\""},{\""name\"":\""其他\"",\""value\"":27504,\""ratio\"":15.08,\""ratio_str\"":\""15.08\""},{\""name\"":\""商业化\"",\""value\"":71,\""ratio\"":0.04,\""ratio_str\"":\""0.04\""},{\""name\"":\""搜索\"",\""value\"":3794,\""ratio\"":2.08,\""ratio_str\"":\""2.08\""},{\""name\"":\""直播推荐\"",\""value\"":132589,\""ratio\"":72.7,\""ratio_str\"":\""72.70\""},{\""name\"":\""视频推荐\"",\""value\"":1569,\""ratio\"":0.86,\""ratio_str\"":\""0.86\""},{\""name\"":\""个人主页\"",\""value\"":3143,\""ratio\"":1.72,\""ratio_str\"":\""1.72\""}]""","""[{\""name\"":\""个人主页\"",\""value\"":420,\""ratio\"":1.78,\""ratio_str\"":\""1.78\""},{\""name\"":\""关注\"",\""value\"":1723,\""ratio\"":7.31,\""ratio_str\"":\""7.31\""},{\""name\"":\""其他\"",\""value\"":1897,\""ratio\"":8.04,\""ratio_str\"":\""8.04\""},{\""name\"":\""商业化\"",\""value\"":12,\""ratio\"":0.05,\""ratio_str\"":\""0.05\""},{\""name\"":\""搜索\"",\""value\"":418,\""ratio\"":1.77,\""ratio_str\"":\""1.77\""},{\""name\"":\""直播推荐\"",\""value\"":19064,\""ratio\"":80.85,\""ratio_str\"":\""80.85\""},{\""name\"":\""视频推荐\"",\""value\"":46,\""ratio\"":0.2,\""ratio_str\"":\""0.20\""}]""",1826,4271,0.2027,0.0068,0.0303,0.0092,0.2626,0.8281,0.9783,0.5500,0.9579,0.2995,2025-11-14 22:42:35
老桑财知道,7572367912541424410,"黄金回调，当下应该怎么操作？",2025-11-14 08:15:34,2025-11-14 09:17:26,61,2161,1723,2123,2108,15,317,434,427,7,122,106.00,107793,20893,5417,15476,478,6,82,4.2200,9.5700,1.2800,999,859,140,83753,80824,2929,54,42,12,,,1163,4254,0.1938,0.0229,0.0478,0.0208,0.2593,0.8599,0.9650,0.7778,0.9839,0.2147,2025-11-18 22:50:34
戴维李,7572355528500808498,"黄金突破4200！是机会还是风险？",2025-11-14 07:27:51,2025-11-14 09:00:31,92,4139,2412,2137,1877,260,475,536,434,102,192,106.85,387090,54415,8002,46413,820,20,154,3.2500,10.5800,1.2700,1519,1022,497,68815,58082,10733,89,41,48,"""[{\""name\"":\""直播推荐\"",\""value\"":469223,\""ratio\"":87.23,\""ratio_str\"":\""87.23\""},{\""name\"":\""其他\"",\""value\"":36656,\""ratio\"":6.81,\""ratio_str\"":\""6.81\""},{\""name\"":\""关注\"",\""value\"":17980,\""ratio\"":3.34,\""ratio_str\"":\""3.34\""},{\""name\"":\""搜索\"",\""value\"":6642,\""ratio\"":1.23,\""ratio_str\"":\""1.23\""},{\""name\"":\""个人主页\"",\""value\"":4996,\""ratio\"":0.93,\""ratio_str\"":\""0.93\""},{\""name\"":\""视频推荐\"",\""value\"":2331,\""ratio\"":0.43,\""ratio_str\"":\""0.43\""},{\""name\"":\""商业化\"",\""value\"":97,\""ratio\"":0.029999999999990905,\""ratio_str\"":\""0.03\""},{\""name\"":\""同城\"",\""value\"":6,\""ratio\"":0,\""ratio_str\"":\""0.00\""}]""","""[{\""name\"":\""直播推荐\"",\""value\"":48533,\""ratio\"":88.74,\""ratio_str\"":\""88.74\""},{\""name\"":\""视频推荐\"",\""value\"":89,\""ratio\"":0.16,\""ratio_str\"":\""0.16\""},{\""name\"":\""个人主页\"",\""value\"":519,\""ratio\"":0.95,\""ratio_str\"":\""0.95\""},{\""name\"":\""关注\"",\""value\"":2240,\""ratio\"":4.1,\""ratio_str\"":\""4.10\""},{\""name\"":\""其他\"",\""value\"":2513,\""ratio\"":4.59,\""ratio_str\"":\""4.59\""},{\""name\"":\""商业化\"",\""value\"":19,\""ratio\"":0.03,\""ratio_str\"":\""0.03\""},{\""name\"":\""搜索\"",\""value\"":780,\""ratio\"":1.43,\""ratio_str\"":\""1.43\""}]""",2301,5701,0.1406,0.0151,0.0279,0.0099,0.1471,0.6728,0.8440,0.4607,0.8097,0.2876,2025-11-14 22:43:17
财经葛先生,7572144483341519642,"黄金再次冲上960，该解套了吧",2025-11-13 17:48:27,2025-11-13 18:28:22,39,3793,2918,2993,2981,12,707,623,615,8,382,149.00,296708,34940,4998,29942,1500,13,327,2.5500,9.4200,0.8800,1559,1151,408,62891,60087,2804,68,39,29,,,0,0,0.1178,0.0429,0.0446,0.0178,0.1430,0.7383,0.9554,0.5735,0.9872,0.0000,2025-12-30 10:51:03
财经吴大拿,7572133792463276827,"A股冲击4030，刷新10年新高！明天会继续拉升吗？",2025-11-13 17:06:46,2025-11-13 17:48:29,41,910,647,167,155,12,115,120,111,9,99,8.00,80807,11486,839,10647,223,5,80,1.6200,7.5200,0.9800,540,247,293,12884,9946,2938,5,5,0,,,0,0,0.1421,0.0194,0.0470,0.0104,0.0730,0.4574,0.7720,1.0000,0.9250,0.0000,2025-12-30 10:56:50
老桑财知道,7572124891040369418,"黄金突破4200，当下应该怎么操作？",2025-11-13 16:32:21,2025-11-13 17:24:22,52,1771,1255,2047,1975,72,189,296,290,6,72,102.00,90104,17024,4498,12526,226,6,41,2.9800,7.0800,0.7500,753,650,103,77942,77636,306,46,42,4,,,1070,3428,0.1889,0.0133,0.0442,0.0174,0.2642,0.8632,0.9961,0.9130,0.9797,0.2379,2025-11-18 22:51:11
戴维李,7572112179714509618,"黄金突破4200！是机会还是风险？",2025-11-13 15:42:59,2025-11-13 16:53:09,70,1394,1019,717,712,5,54,180,175,5,36,35.85,71576,12866,5802,7064,124,15,17,4.6800,6.4400,1.2800,671,587,84,41234,39420,1814,29,25,4,"""[{\""name\"":\""关注\"",\""value\"":13716,\""ratio\"":10.06,\""ratio_str\"":\""10.06\""},{\""name\"":\""其他\"",\""value\"":29201,\""ratio\"":21.41,\""ratio_str\"":\""21.41\""},{\""name\"":\""商业化\"",\""value\"":45,\""ratio\"":0.03,\""ratio_str\"":\""0.03\""},{\""name\"":\""搜索\"",\""value\"":7212,\""ratio\"":5.29,\""ratio_str\"":\""5.29\""},{\""name\"":\""直播推荐\"",\""value\"":79994,\""ratio\"":58.65,\""ratio_str\"":\""58.65\""},{\""name\"":\""视频推荐\"",\""value\"":3135,\""ratio\"":2.3,\""ratio_str\"":\""2.30\""},{\""name\"":\""个人主页\"",\""value\"":3080,\""ratio\"":2.26,\""ratio_str\"":\""2.26\""}]""","""[{\""name\"":\""直播推荐\"",\""value\"":9559,\""ratio\"":72.19,\""ratio_str\"":\""72.19\""},{\""name\"":\""关注\"",\""value\"":1650,\""ratio\"":12.46,\""ratio_str\"":\""12.46\""},{\""name\"":\""其他\"",\""value\"":1132,\""ratio\"":8.55,\""ratio_str\"":\""8.55\""},{\""name\"":\""搜索\"",\""value\"":416,\""ratio\"":3.14,\""ratio_str\"":\""3.14\""},{\""name\"":\""个人主页\"",\""value\"":384,\""ratio\"":2.9,\""ratio_str\"":\""2.90\""},{\""name\"":\""视频推荐\"",\""value\"":93,\""ratio\"":0.7,\""ratio_str\"":\""0.70\""},{\""name\"":\""商业化\"",\""value\"":7,\""ratio\"":0.06000000000000512,\""ratio_str\"":\""0.06\""}]""",1627,4175,0.1798,0.0096,0.0522,0.0140,0.4510,0.8748,0.9560,0.8621,0.9722,0.2804,2025-11-14 22:44:00
财经葛先生,7572109047587932979,"黄金再次冲上960，该解套了吧",2025-11-13 15:30:38,2025-11-13 16:13:39,43,2259,1731,1603,1597,6,446,444,439,5,242,80.00,135418,22134,3674,18460,907,8,204,2.5800,8.7300,0.7700,1019,802,217,32975,29769,3206,49,41,8,,,0,0,0.1634,0.0410,0.0460,0.0201,0.1660,0.7870,0.9028,0.8367,0.9887,0.0000,2025-12-30 10:51:40
财经吴大拿,7572056968785890090,"紧急加播！A股4000点震荡，咱们普通人的路在何方？",2025-11-13 12:08:49,2025-11-13 12:49:49,41,716,467,170,157,13,121,118,107,11,93,8.00,51744,8073,714,7359,181,5,81,1.6200,7.1500,0.8700,332,196,136,4943,3471,1472,3,3,0,,,0,0,0.1560,0.0224,0.0411,0.0146,0.0884,0.5904,0.7022,1.0000,0.9068,0.0000,2025-12-30 10:57:25
老桑财知道,7572054315897047818,"黄金突破4200，当下应该怎么操作？",2025-11-13 11:58:27,2025-11-13 12:53:24,54,2194,1614,1050,1044,6,125,251,247,4,80,52.00,73994,20284,5098,15186,418,7,58,3.5000,8.8800,0.9500,837,735,102,58652,57914,738,53,46,7,,,1147,3951,0.2741,0.0206,0.0413,0.0124,0.2513,0.8781,0.9874,0.8679,0.9841,0.2250,2025-11-18 22:52:26
戴维李,7572051496516930330,"黄金突破4200！是机会还是风险？",2025-11-13 11:47:39,2025-11-13 12:55:45,68,2495,1825,1609,1608,1,144,370,369,1,63,80.45,171288,31506,7764,23742,298,14,45,3.1400,7.6400,0.8000,1327,1101,226,49579,46814,2765,46,36,10,"""[{\""name\"":\""直播推荐\"",\""value\"":190963,\""ratio\"":69.96,\""ratio_str\"":\""69.96\""},{\""name\"":\""其他\"",\""value\"":34374,\""ratio\"":12.59,\""ratio_str\"":\""12.59\""},{\""name\"":\""搜索\"",\""value\"":20879,\""ratio\"":7.65,\""ratio_str\"":\""7.65\""},{\""name\"":\""关注\"",\""value\"":16739,\""ratio\"":6.13,\""ratio_str\"":\""6.13\""},{\""name\"":\""视频推荐\"",\""value\"":5819,\""ratio\"":2.13,\""ratio_str\"":\""2.13\""},{\""name\"":\""个人主页\"",\""value\"":4083,\""ratio\"":1.5,\""ratio_str\"":\""1.50\""},{\""name\"":\""商业化\"",\""value\"":99,\""ratio\"":0.04000000000001421,\""ratio_str\"":\""0.04\""},{\""name\"":\""同城\"",\""value\"":1,\""ratio\"":0,\""ratio_str\"":\""0.00\""}]""","""[{\""name\"":\""直播推荐\"",\""value\"":26110,\""ratio\"":81.31,\""ratio_str\"":\""81.31\""},{\""name\"":\""其他\"",\""value\"":2447,\""ratio\"":7.62,\""ratio_str\"":\""7.62\""},{\""name\"":\""关注\"",\""value\"":2001,\""ratio\"":6.23,\""ratio_str\"":\""6.23\""},{\""name\"":\""搜索\"",\""value\"":845,\""ratio\"":2.63,\""ratio_str\"":\""2.63\""},{\""name\"":\""个人主页\"",\""value\"":518,\""ratio\"":1.61,\""ratio_str\"":\""1.61\""},{\""name\"":\""视频推荐\"",\""value\"":169,\""ratio\"":0.53,\""ratio_str\"":\""0.53\""},{\""name\"":\""商业化\"",\""value\"":20,\""ratio\"":0.0699999999999909,\""ratio_str\"":\""0.07\""}]""",2162,5602,0.1839,0.0095,0.0421,0.0117,0.2464,0.8297,0.9442,0.7826,0.9973,0.2785,2025-11-14 22:44:43
财经葛先生,7572041151004363570,"黄金再次冲上960，该解套了吧",2025-11-13 11:07:20,2025-11-13 11:48:55,41,2962,2209,5906,5635,271,739,589,580,9,228,295.00,184197,26868,3983,22885,926,10,166,2.6200,9.3700,0.8800,963,743,220,38993,37676,1317,60,41,19,,,0,0,0.1459,0.0345,0.0358,0.0219,0.1482,0.7715,0.9662,0.6833,0.9847,0.0000,2025-12-30 10:52:16
老桑财知道,7572009167112637230,"黄金突破4200，当下应该怎么操作？",2025-11-13 09:03:09,2025-11-13 09:42:49,39,2678,1966,652,644,8,73,211,205,6,55,32.00,103838,19923,4374,15549,410,10,38,3.0700,7.6700,0.9300,727,601,126,38118,37082,1036,18,13,5,,,974,3400,0.1919,0.0206,0.0365,0.0106,0.2195,0.8267,0.9728,0.7222,0.9716,0.2227,2025-11-18 22:53:03
戴维李,7571989455159266074,"黄金突破4200！是机会还是风险？",2025-11-13 07:47:09,2025-11-13 09:10:07,82,4591,2537,1569,1501,68,630,437,416,21,124,78.45,328122,47662,9559,38103,954,22,76,3.5500,9.6300,1.2100,1530,1119,411,74148,71495,2653,121,87,34,"""[{\""name\"":\""直播推荐\"",\""value\"":386986,\""ratio\"":79.57,\""ratio_str\"":\""79.57\""},{\""name\"":\""其他\"",\""value\"":36056,\""ratio\"":7.41,\""ratio_str\"":\""7.41\""},{\""name\"":\""搜索\"",\""value\"":29925,\""ratio\"":6.15,\""ratio_str\"":\""6.15\""},{\""name\"":\""关注\"",\""value\"":18930,\""ratio\"":3.89,\""ratio_str\"":\""3.89\""},{\""name\"":\""视频推荐\"",\""value\"":8994,\""ratio\"":1.85,\""ratio_str\"":\""1.85\""},{\""name\"":\""个人主页\"",\""value\"":5355,\""ratio\"":1.1,\""ratio_str\"":\""1.10\""},{\""name\"":\""商业化\"",\""value\"":103,\""ratio\"":0.030000000000005116,\""ratio_str\"":\""0.03\""},{\""name\"":\""同城\"",\""value\"":3,\""ratio\"":0,\""ratio_str\"":\""0.00\""}]""","""[{\""name\"":\""直播推荐\"",\""value\"":41150,\""ratio\"":85.5,\""ratio_str\"":\""85.50\""},{\""name\"":\""其他\"",\""value\"":2654,\""ratio\"":5.51,\""ratio_str\"":\""5.51\""},{\""name\"":\""关注\"",\""value\"":2174,\""ratio\"":4.52,\""ratio_str\"":\""4.52\""},{\""name\"":\""搜索\"",\""value\"":1339,\""ratio\"":2.78,\""ratio_str\"":\""2.78\""},{\""name\"":\""个人主页\"",\""value\"":532,\""ratio\"":1.11,\""ratio_str\"":\""1.11\""},{\""name\"":\""视频推荐\"",\""value\"":257,\""ratio\"":0.53,\""ratio_str\"":\""0.53\""},{\""name\"":\""商业化\"",\""value\"":20,\""ratio\"":0.05000000000000512,\""ratio_str\"":\""0.05\""}]""",2357,7202,0.1453,0.0200,0.0321,0.0092,0.2006,0.7314,0.9642,0.7190,0.9519,0.2466,2025-11-14 22:45:26
财经葛先生,7571772069168302886,"黄金再次直线飙升，怎么操",2025-11-12 17:43:13,2025-11-12 18:28:35,45,2075,1638,1855,1828,27,777,545,537,8,299,92.00,103394,16761,3595,13166,677,3,247,3.6000,10.5000,0.9700,889,743,146,40252,38853,1399,30,22,8,,,0,0,0.1621,0.0404,0.0530,0.0325,0.2145,0.8358,0.9652,0.7333,0.9853,0.0000,2025-12-30 10:52:54
财经吴大拿,7571764576933382922,"紧急加播！A股4000点震荡，咱们普通人的路在何方？",2025-11-12 17:14:05,2025-11-12 17:59:00,44,670,477,133,113,20,111,104,88,16,88,6.00,51483,9106,711,8395,187,3,72,1.6800,7.4800,0.9800,393,197,196,8082,5482,2600,4,3,1,,,0,0,0.1769,0.0205,0.0432,0.0114,0.0781,0.5013,0.6783,0.7500,0.8462,0.0000,2025-12-30 10:58:01
老桑财知道,7571753546656369459,"黄金站稳4000，当下震荡行情应该怎么操作？",2025-11-12 16:31:14,2025-11-12 17:24:29,53,2253,1616,1126,1121,5,193,317,314,3,115,56.00,75429,23569,4626,18943,397,5,92,2.8000,9.6300,0.5800,838,772,66,72553,70047,2506,46,42,4,,,1100,3526,0.3125,0.0168,0.0356,0.0134,0.1963,0.9212,0.9655,0.9130,0.9905,0.2378,2025-11-18 22:53:40
戴维李,7571743868199537458,"黄金暴涨，机会来了吗？",2025-11-12 15:53:46,2025-11-12 16:55:57,62,2041,1168,954,949,5,89,181,178,3,52,47.70,99786,26349,5335,21014,116,9,39,1.9400,5.9800,0.4400,622,558,64,32838,32457,381,15,8,7,"""[{\""name\"":\""关注\"",\""value\"":10993,\""ratio\"":6.97,\""ratio_str\"":\""6.97\""},{\""name\"":\""其他\"",\""value\"":26816,\""ratio\"":17,\""ratio_str\"":\""17.00\""},{\""name\"":\""同城\"",\""value\"":1,\""ratio\"":0,\""ratio_str\"":\""0.00\""},{\""name\"":\""商业化\"",\""value\"":79,\""ratio\"":0.05,\""ratio_str\"":\""0.05\""},{\""name\"":\""搜索\"",\""value\"":2073,\""ratio\"":1.31,\""ratio_str\"":\""1.31\""},{\""name\"":\""直播推荐\"",\""value\"":114486,\""ratio\"":72.58,\""ratio_str\"":\""72.58\""},{\""name\"":\""视频推荐\"",\""value\"":741,\""ratio\"":0.47,\""ratio_str\"":\""0.47\""},{\""name\"":\""个人主页\"",\""value\"":2558,\""ratio\"":1.62,\""ratio_str\"":\""1.62\""}]""","""[{\""name\"":\""直播推荐\"",\""value\"":22751,\""ratio\"":84.27,\""ratio_str\"":\""84.27\""},{\""name\"":\""其他\"",\""value\"":2317,\""ratio\"":8.58,\""ratio_str\"":\""8.58\""},{\""name\"":\""关注\"",\""value\"":1330,\""ratio\"":4.93,\""ratio_str\"":\""4.93\""},{\""name\"":\""个人主页\"",\""value\"":341,\""ratio\"":1.26,\""ratio_str\"":\""1.26\""},{\""name\"":\""搜索\"",\""value\"":214,\""ratio\"":0.79,\""ratio_str\"":\""0.79\""},{\""name\"":\""视频推荐\"",\""value\"":27,\""ratio\"":0.1,\""ratio_str\"":\""0.10\""},{\""name\"":\""商业化\"",\""value\"":17,\""ratio\"":0.07000000000000511,\""ratio_str\"":\""0.07\""}]""",1693,3642,0.2641,0.0044,0.0236,0.0069,0.2025,0.8971,0.9884,0.5333,0.9834,0.3173,2025-11-14 22:46:02
财经葛先生,7571708260661283611,"黄金再次直线飙升，怎么操",2025-11-12 13:35:30,2025-11-12 14:13:38,38,2069,1447,1814,1781,33,387,413,405,8,197,90.00,80999,15534,2854,12680,548,6,138,2.7500,8.2800,0.8800,749,607,142,26411,25462,949,27,20,7,,,0,0,0.1918,0.0353,0.0482,0.0266,0.1837,0.8104,0.9641,0.7407,0.9806,0.0000,2025-12-30 10:53:30
财经吴大拿,7571696395331750690,"紧急加播！4000家个股下跌",2025-11-12 12:49:36,2025-11-12 13:19:30,29,629,432,65,59,6,59,55,50,5,49,3.00,38963,6839,464,6375,104,0,39,1.2300,4.3300,0.7200,211,102,109,3504,2617,887,2,0,2,,,0,0,0.1755,0.0152,0.0309,0.0080,0.0678,0.4834,0.7469,0.0000,0.9091,0.0000,2025-12-30 10:58:39
戴维李,7571680702442375945,"黄金暴涨，机会来了吗？",2025-11-12 11:48:43,2025-11-12 13:00:42,71,2014,1522,1500,1186,314,403,268,260,8,55,75.00,138608,23160,7336,15824,203,15,35,3.8700,7.5200,0.9400,896,788,108,43926,43055,871,23,17,6,"""[{\""name\"":\""视频推荐\"",\""value\"":1115,\""ratio\"":0.49,\""ratio_str\"":\""0.49\""},{\""name\"":\""个人主页\"",\""value\"":3520,\""ratio\"":1.56,\""ratio_str\"":\""1.56\""},{\""name\"":\""关注\"",\""value\"":16233,\""ratio\"":7.18,\""ratio_str\"":\""7.18\""},{\""name\"":\""其他\"",\""value\"":36204,\""ratio\"":16.01,\""ratio_str\"":\""16.01\""},{\""name\"":\""同城\"",\""value\"":12,\""ratio\"":0.01,\""ratio_str\"":\""0.01\""},{\""name\"":\""商业化\"",\""value\"":77,\""ratio\"":0.03,\""ratio_str\"":\""0.03\""},{\""name\"":\""搜索\"",\""value\"":5587,\""ratio\"":2.47,\""ratio_str\"":\""2.47\""},{\""name\"":\""直播推荐\"",\""value\"":163383,\""ratio\"":72.25,\""ratio_str\"":\""72.25\""}]""","""[{\""name\"":\""视频推荐\"",\""value\"":41,\""ratio\"":0.17,\""ratio_str\"":\""0.17\""},{\""name\"":\""个人主页\"",\""value\"":510,\""ratio\"":2.15,\""ratio_str\"":\""2.15\""},{\""name\"":\""关注\"",\""value\"":2000,\""ratio\"":8.43,\""ratio_str\"":\""8.43\""},{\""name\"":\""其他\"",\""value\"":2327,\""ratio\"":9.81,\""ratio_str\"":\""9.81\""},{\""name\"":\""同城\"",\""value\"":10,\""ratio\"":0.04,\""ratio_str\"":\""0.04\""},{\""name\"":\""商业化\"",\""value\"":16,\""ratio\"":0.07,\""ratio_str\"":\""0.07\""},{\""name\"":\""搜索\"",\""value\"":658,\""ratio\"":2.77,\""ratio_str\"":\""2.77\""},{\""name\"":\""直播推荐\"",\""value\"":18169,\""ratio\"":76.56,\""ratio_str\"":\""76.56\""}]""",2248,5088,0.1671,0.0088,0.0387,0.0116,0.3168,0.8795,0.9802,0.7391,0.9701,0.3064,2025-11-14 22:46:41
老桑财知道,7571678357981596462,"黄金站稳4000，当下震荡行情应该怎么操作？",2025-11-12 11:39:48,2025-11-12 12:28:09,48,2207,1665,751,740,11,231,354,349,5,134,37.00,67606,22330,4658,17672,533,1,113,2.8500,8.6500,0.6500,924,802,122,50126,49659,467,44,35,9,,,1082,3576,0.3303,0.0239,0.0414,0.0159,0.2086,0.8680,0.9907,0.7955,0.9859,0.2323,2025-11-18 22:54:16
财经葛先生,7571655941725162250,"黄金再次直线飙升，怎么操",2025-11-12 10:12:34,2025-11-12 10:53:56,41,1301,918,326,320,6,141,193,188,5,94,16.00,70818,12602,2307,10295,308,12,79,2.2500,6.9500,0.6800,538,441,97,20167,19564,603,36,12,24,,,0,0,0.1779,0.0244,0.0427,0.0153,0.1831,0.8197,0.9701,0.3333,0.9741,0.0000,2025-12-30 10:54:05
老桑财知道,7571637736151468838,"黄金站稳4000，当下震荡行情应该怎么操作？",2025-11-12 09:01:49,2025-11-12 09:33:05,31,2459,1667,654,650,4,184,277,275,2,113,32.00,64897,16341,3759,12582,519,5,93,2.5700,6.8200,0.7500,694,617,77,68334,67745,589,45,39,6,,,852,2907,0.2518,0.0318,0.0425,0.0170,0.2300,0.8890,0.9914,0.8667,0.9928,0.2267,2025-11-18 22:54:53
戴维李,7571614041827805961,"黄金暴涨，机会来了吗？",2025-11-12 07:30:13,2025-11-12 08:40:44,70,3652,2071,700,673,27,100,292,280,12,55,35.00,223513,45927,7224,38703,432,14,25,2.3500,8.5600,0.7800,1127,868,259,52205,48422,3783,69,42,27,"""[{\""name\"":\""商业化\"",\""value\"":97,\""ratio\"":0.03,\""ratio_str\"":\""0.03\""},{\""name\"":\""搜索\"",\""value\"":5485,\""ratio\"":1.75,\""ratio_str\"":\""1.75\""},{\""name\"":\""直播推荐\"",\""value\"":265319,\""ratio\"":84.62,\""ratio_str\"":\""84.62\""},{\""name\"":\""视频推荐\"",\""value\"":1111,\""ratio\"":0.35,\""ratio_str\"":\""0.35\""},{\""name\"":\""个人主页\"",\""value\"":3344,\""ratio\"":1.07,\""ratio_str\"":\""1.07\""},{\""name\"":\""关注\"",\""value\"":12985,\""ratio\"":4.14,\""ratio_str\"":\""4.14\""},{\""name\"":\""其他\"",\""value\"":25202,\""ratio\"":8.04,\""ratio_str\"":\""8.04\""},{\""name\"":\""同城\"",\""value\"":6,\""ratio\"":0,\""ratio_str\"":\""0.00\""}]""","""[{\""name\"":\""直播推荐\"",\""value\"":40965,\""ratio\"":89.28,\""ratio_str\"":\""89.28\""},{\""name\"":\""其他\"",\""value\"":2184,\""ratio\"":4.76,\""ratio_str\"":\""4.76\""},{\""name\"":\""关注\"",\""value\"":1633,\""ratio\"":3.56,\""ratio_str\"":\""3.56\""},{\""name\"":\""搜索\"",\""value\"":655,\""ratio\"":1.43,\""ratio_str\"":\""1.43\""},{\""name\"":\""个人主页\"",\""value\"":387,\""ratio\"":0.84,\""ratio_str\"":\""0.84\""},{\""name\"":\""视频推荐\"",\""value\"":40,\""ratio\"":0.09,\""ratio_str\"":\""0.09\""},{\""name\"":\""商业化\"",\""value\"":17,\""ratio\"":0.029999999999980674,\""ratio_str\"":\""0.03\""},{\""name\"":\""同城\"",\""value\"":5,\""ratio\"":0.01,\""ratio_str\"":\""0.01\""}]""",2022,5202,0.2055,0.0094,0.0245,0.0064,0.1573,0.7702,0.9275,0.6087,0.9589,0.2799,2025-11-14 22:47:25
财经葛先生,7571407393607797514,"黄金再次直线飙升，怎么操",2025-11-11 18:08:01,2025-11-11 18:54:03,46,2370,1834,766,752,14,439,385,376,9,278,38.00,137521,25884,3706,22178,783,7,247,2.3800,9.7000,0.7300,864,669,195,28411,27104,1307,42,35,7,,,0,0,0.1882,0.0303,0.0334,0.0149,0.1432,0.7743,0.9540,0.8333,0.9766,0.0000,2025-12-30 10:54:42
老桑财知道,7571390574490651401,"黄金站稳4000，当下震荡行情应该怎么操作？",2025-11-11 17:02:47,2025-11-11 17:52:59,50,2580,1858,508,498,10,197,258,251,7,123,25.00,122406,30505,4803,25702,627,7,103,2.2200,8.1000,0.6500,861,710,151,66104,62605,3499,50,37,13,,,1062,3741,0.2492,0.0206,0.0282,0.0085,0.1574,0.8246,0.9471,0.7400,0.9729,0.2211,2025-11-18 22:55:30
戴维李,7571377211383515930,"黄金暴涨，机会来了吗？",2025-11-11 16:10:49,2025-11-11 17:23:22,72,3207,1727,677,655,22,117,215,206,9,57,33.85,151352,38851,6733,32118,325,7,31,2.3700,8.0800,0.6000,997,829,168,45970,43716,2254,50,39,11,"""[{\""name\"":\""直播推荐\"",\""value\"":178133,\""ratio\"":76.55,\""ratio_str\"":\""76.55\""},{\""name\"":\""其他\"",\""value\"":33118,\""ratio\"":14.23,\""ratio_str\"":\""14.23\""},{\""name\"":\""关注\"",\""value\"":12977,\""ratio\"":5.58,\""ratio_str\"":\""5.58\""},{\""name\"":\""搜索\"",\""value\"":3886,\""ratio\"":1.67,\""ratio_str\"":\""1.67\""},{\""name\"":\""个人主页\"",\""value\"":3301,\""ratio\"":1.42,\""ratio_str\"":\""1.42\""},{\""name\"":\""视频推荐\"",\""value\"":1211,\""ratio\"":0.52,\""ratio_str\"":\""0.52\""},{\""name\"":\""商业化\"",\""value\"":71,\""ratio\"":0.03000000000001421,\""ratio_str\"":\""0.03\""},{\""name\"":\""同城\"",\""value\"":9,\""ratio\"":0,\""ratio_str\"":\""0.00\""}]""","""[{\""name\"":\""直播推荐\"",\""value\"":34141,\""ratio\"":87.82,\""ratio_str\"":\""87.82\""},{\""name\"":\""其他\"",\""value\"":2110,\""ratio\"":5.43,\""ratio_str\"":\""5.43\""},{\""name\"":\""关注\"",\""value\"":1684,\""ratio\"":4.33,\""ratio_str\"":\""4.33\""},{\""name\"":\""个人主页\"",\""value\"":439,\""ratio\"":1.13,\""ratio_str\"":\""1.13\""},{\""name\"":\""搜索\"",\""value\"":438,\""ratio\"":1.13,\""ratio_str\"":\""1.13\""},{\""name\"":\""视频推荐\"",\""value\"":41,\""ratio\"":0.11,\""ratio_str\"":\""0.11\""},{\""name\"":\""商业化\"",\""value\"":17,\""ratio\"":0.04,\""ratio_str\"":\""0.04\""},{\""name\"":\""同城\"",\""value\"":7,\""ratio\"":0.010000000000009095,\""ratio_str\"":\""0.01\""}]""",1905,4828,0.2567,0.0084,0.0257,0.0055,0.1733,0.8315,0.9510,0.7800,0.9581,0.2829,2025-11-14 22:48:09
财经葛先生,7571334615017720586,"黄金再次直线飙升，怎么操",2025-11-11 13:25:37,2025-11-11 13:57:29,31,3301,2342,996,988,8,682,526,520,6,376,49.00,180518,38412,3102,35310,866,7,334,1.1500,7.3800,0.4000,749,578,171,19940,18736,1204,48,35,13,,,0,0,0.2128,0.0225,0.0195,0.0137,0.0808,0.7717,0.9396,0.7292,0.9886,0.0000,2025-12-30 10:55:54
老桑财知道,7571314997226146587,"黄金站稳4000，当下震荡行情应该怎么操作？",2025-11-11 12:09:25,2025-11-11 12:57:53,48,2225,1529,1266,1255,11,247,335,330,5,150,63.00,76913,19456,4492,14964,508,7,121,2.9700,7.9800,0.8200,926,780,146,43077,39633,3444,52,42,10,,,957,3535,0.2530,0.0261,0.0476,0.0172,0.2309,0.8423,0.9201,0.8077,0.9851,0.2130,2025-11-18 22:56:07
戴维李,7571311917009079086,"黄金暴涨，机会来了吗？",2025-11-11 11:57:33,2025-11-11 12:59:59,62,4604,2920,859,837,22,175,345,330,15,105,42.95,223443,49352,8475,40877,828,16,73,2.8600,9.1100,0.9500,1638,1254,384,51624,48674,2950,93,72,21,"""[{\""name\"":\""直播推荐\"",\""value\"":275593,\""ratio\"":83.05,\""ratio_str\"":\""83.05\""},{\""name\"":\""其他\"",\""value\"":30483,\""ratio\"":9.19,\""ratio_str\"":\""9.19\""},{\""name\"":\""关注\"",\""value\"":14864,\""ratio\"":4.48,\""ratio_str\"":\""4.48\""},{\""name\"":\""搜索\"",\""value\"":6234,\""ratio\"":1.88,\""ratio_str\"":\""1.88\""},{\""name\"":\""个人主页\"",\""value\"":3841,\""ratio\"":1.16,\""ratio_str\"":\""1.16\""},{\""name\"":\""视频推荐\"",\""value\"":759,\""ratio\"":0.23,\""ratio_str\"":\""0.23\""},{\""name\"":\""商业化\"",\""value\"":74,\""ratio\"":0.010000000000009095,\""ratio_str\"":\""0.01\""},{\""name\"":\""同城\"",\""value\"":2,\""ratio\"":0,\""ratio_str\"":\""0.00\""}]""","""[{\""name\"":\""个人主页\"",\""value\"":509,\""ratio\"":1.03,\""ratio_str\"":\""1.03\""},{\""name\"":\""关注\"",\""value\"":2009,\""ratio\"":4.06,\""ratio_str\"":\""4.06\""},{\""name\"":\""其他\"",\""value\"":2352,\""ratio\"":4.76,\""ratio_str\"":\""4.76\""},{\""name\"":\""同城\"",\""value\"":1,\""ratio\"":0,\""ratio_str\"":\""0.00\""},{\""name\"":\""商业化\"",\""value\"":30,\""ratio\"":0.06,\""ratio_str\"":\""0.06\""},{\""name\"":\""搜索\"",\""value\"":863,\""ratio\"":1.75,\""ratio_str\"":\""1.75\""},{\""name\"":\""直播推荐\"",\""value\"":43641,\""ratio\"":88.29,\""ratio_str\"":\""88.29\""},{\""name\"":\""视频推荐\"",\""value\"":24,\""ratio\"":0.05,\""ratio_str\"":\""0.05\""}]""",2175,6300,0.2209,0.0168,0.0332,0.0070,0.1717,0.7656,0.9429,0.7742,0.9565,0.2566,2025-11-14 22:49:35
老桑财知道,7571264853105445682,"黄金站稳4000，当下震荡行情应该怎么操作？",2025-11-11 08:55:03,2025-11-11 09:32:53,37,2700,1833,897,886,11,209,358,352,6,133,44.00,90763,17164,4242,12922,744,10,100,3.1800,7.2300,1.0000,690,582,108,40439,39624,815,49,38,11,,,932,3310,0.1891,0.0433,0.0402,0.0209,0.2471,0.8435,0.9798,0.7755,0.9832,0.2197,2025-11-18 22:56:45
戴维李,7571249782251440922,"黄金暴涨，机会来了吗？",2025-11-11 07:56:50,2025-11-11 09:04:37,67,3576,2496,759,732,27,184,374,357,17,98,37.85,195402,32818,7903,24915,835,13,60,4.2900,10.4200,1.4000,1374,1119,255,53623,50955,2668,122,91,31,"""[{\""name\"":\""直播推荐\"",\""value\"":239655,\""ratio\"":82.36,\""ratio_str\"":\""82.36\""},{\""name\"":\""其他\"",\""value\"":28251,\""ratio\"":9.71,\""ratio_str\"":\""9.71\""},{\""name\"":\""关注\"",\""value\"":12484,\""ratio\"":4.29,\""ratio_str\"":\""4.29\""},{\""name\"":\""搜索\"",\""value\"":5975,\""ratio\"":2.05,\""ratio_str\"":\""2.05\""},{\""name\"":\""个人主页\"",\""value\"":3555,\""ratio\"":1.22,\""ratio_str\"":\""1.22\""},{\""name\"":\""视频推荐\"",\""value\"":982,\""ratio\"":0.34,\""ratio_str\"":\""0.34\""},{\""name\"":\""商业化\"",\""value\"":69,\""ratio\"":0.030000000000005116,\""ratio_str\"":\""0.03\""},{\""name\"":\""同城\"",\""value\"":6,\""ratio\"":0,\""ratio_str\"":\""0.00\""}]""","""[{\""name\"":\""视频推荐\"",\""value\"":36,\""ratio\"":0.11,\""ratio_str\"":\""0.11\""},{\""name\"":\""个人主页\"",\""value\"":408,\""ratio\"":1.23,\""ratio_str\"":\""1.23\""},{\""name\"":\""关注\"",\""value\"":1650,\""ratio\"":4.98,\""ratio_str\"":\""4.98\""},{\""name\"":\""其他\"",\""value\"":2292,\""ratio\"":6.92,\""ratio_str\"":\""6.92\""},{\""name\"":\""同城\"",\""value\"":3,\""ratio\"":0.01,\""ratio_str\"":\""0.01\""},{\""name\"":\""商业化\"",\""value\"":17,\""ratio\"":0.05,\""ratio_str\"":\""0.05\""},{\""name\"":\""搜索\"",\""value\"":678,\""ratio\"":2.05,\""ratio_str\"":\""2.05\""},{\""name\"":\""直播推荐\"",\""value\"":28047,\""ratio\"":84.65,\""ratio_str\"":\""84.65\""}]""",2064,5839,0.1680,0.0254,0.0419,0.0114,0.2408,0.8144,0.9502,0.7459,0.9545,0.2612,2025-11-14 22:50:17
财经葛先生,7571026884734044974,"黄金跌破900，重点后续怎么走",2025-11-10 17:31:22,2025-11-10 18:14:37,43,4263,2733,1932,1893,39,1322,878,863,15,763,96.00,337833,40001,4765,35236,2212,17,659,2.1500,9.5500,0.8000,1479,1039,440,43795,40282,3513,75,49,26,,,0,0,0.1184,0.0553,0.0370,0.0219,0.1191,0.7025,0.9198,0.6533,0.9829,0.0000,2025-12-30 10:56:30
财经吴大拿,7571020227816033065,"紧急加播！11月主线新方向",2025-11-10 17:05:39,2025-11-10 17:51:15,45,601,406,91,79,12,77,79,70,9,66,4.00,56490,8346,633,7713,156,5,43,1.4700,5.9000,0.9500,371,158,213,3791,2759,1032,0,0,0,,,0,0,0.1477,0.0187,0.0445,0.0095,0.0758,0.4259,0.7278,0.0000,0.8861,0.0000,2025-12-30 11:01:21
老桑财知道,7571011017704639283,"黄金站稳破4000，当下震荡行情应该怎么操作？",2025-11-10 16:29:58,2025-11-10 17:25:42,55,1671,1307,1192,1191,1,155,363,362,1,100,59.00,78129,27191,4235,22956,288,8,80,1.8500,7.3500,0.3700,586,528,58,53999,53891,108,47,45,2,,,0,0,0.3480,0.0106,0.0216,0.0134,0.1558,0.9010,0.9980,0.9574,0.9972,0.0000,2025-11-18 22:57:22
戴维李,7570998714915932937,"大A黄鱼，反弹调整结束了吗",2025-11-10 15:42:11,2025-11-10 16:42:16,60,1458,1084,1079,1076,3,67,227,224,3,40,53.95,48474,10019,5237,4782,111,10,21,5.7000,7.4300,1.4000,785,724,61,47319,47275,44,28,25,3,"""[{\""name\"":\""直播推荐\"",\""value\"":56856,\""ratio\"":58.87,\""ratio_str\"":\""58.87\""},{\""name\"":\""其他\"",\""value\"":23773,\""ratio\"":24.62,\""ratio_str\"":\""24.62\""},{\""name\"":\""关注\"",\""value\"":11026,\""ratio\"":11.42,\""ratio_str\"":\""11.42\""},{\""name\"":\""个人主页\"",\""value\"":2484,\""ratio\"":2.57,\""ratio_str\"":\""2.57\""},{\""name\"":\""搜索\"",\""value\"":1243,\""ratio\"":1.29,\""ratio_str\"":\""1.29\""},{\""name\"":\""视频推荐\"",\""value\"":1136,\""ratio\"":1.18,\""ratio_str\"":\""1.18\""},{\""name\"":\""商业化\"",\""value\"":49,\""ratio\"":0.03999999999999489,\""ratio_str\"":\""0.04\""},{\""name\"":\""同城\"",\""value\"":7,\""ratio\"":0.01,\""ratio_str\"":\""0.01\""}]""","""[{\""name\"":\""搜索\"",\""value\"":114,\""ratio\"":1.09,\""ratio_str\"":\""1.09\""},{\""name\"":\""直播推荐\"",\""value\"":7229,\""ratio\"":68.98,\""ratio_str\"":\""68.98\""},{\""name\"":\""视频推荐\"",\""value\"":41,\""ratio\"":0.39,\""ratio_str\"":\""0.39\""},{\""name\"":\""个人主页\"",\""value\"":320,\""ratio\"":3.05,\""ratio_str\"":\""3.05\""},{\""name\"":\""关注\"",\""value\"":1415,\""ratio\"":13.5,\""ratio_str\"":\""13.50\""},{\""name\"":\""其他\"",\""value\"":1356,\""ratio\"":12.94,\""ratio_str\"":\""12.94\""},{\""name\"":\""同城\"",\""value\"":2,\""ratio\"":0.02,\""ratio_str\"":\""0.02\""},{\""name\"":\""商业化\"",\""value\"":3,\""ratio\"":0.03,\""ratio_str\"":\""0.03\""}]""",1686,3551,0.2067,0.0111,0.0784,0.0227,0.5227,0.9223,0.9991,0.8929,0.9868,0.3219,2025-11-14 22:50:59
老桑财知道,7570955820876221193,"黄金再次跌破4000，当下震荡行情应该怎么操作？",2025-11-10 12:55:48,2025-11-10 13:39:02,43,2074,1451,2517,2512,5,297,467,463,4,163,125.00,77556,20183,3832,16351,402,7,126,2.2700,7.0700,0.5500,705,610,95,53650,52887,763,41,35,6,,,0,0,0.2602,0.0199,0.0349,0.0231,0.1899,0.8652,0.9858,0.8537,0.9914,0.0000,2025-11-18 22:57:58
财经吴大拿,7570942024833583923,"紧急加播！11月主线新方向",2025-11-10 12:02:13,2025-11-10 12:43:19,41,705,423,112,109,3,75,83,80,3,56,5.00,42937,7112,580,6532,122,6,39,1.6700,6.7200,1.0200,279,132,147,8931,7322,1609,4,1,3,,,0,0,0.1656,0.0172,0.0392,0.0117,0.0816,0.4731,0.8198,0.2500,0.9639,0.0000,2025-12-30 11:02:26
财经葛先生,7570940887023274762,"黄金跌破900，重点后续怎么走",2025-11-10 11:57:51,2025-11-10 12:44:59,47,2686,1708,861,848,13,697,521,512,9,421,43.00,188256,29579,3375,26204,1174,10,343,1.9000,8.7700,0.6700,892,655,237,19411,18476,935,41,29,12,,,0,0,0.1571,0.0397,0.0302,0.0176,0.1141,0.7343,0.9518,0.7073,0.9827,0.0000,2025-12-30 10:57:05
戴维李,7570938208704285486,"大A黄鱼，反弹调整结束了吗",2025-11-10 11:47:30,2025-11-10 12:52:11,64,2354,1709,1166,1151,15,88,394,387,7,44,58.30,103810,25009,6812,18197,181,7,20,3.5700,8.3800,0.7600,1064,958,106,73135,68475,4660,27,24,3,"""[{\""name\"":\""关注\"",\""value\"":14448,\""ratio\"":8.39,\""ratio_str\"":\""8.39\""},{\""name\"":\""其他\"",\""value\"":30161,\""ratio\"":17.51,\""ratio_str\"":\""17.51\""},{\""name\"":\""同城\"",\""value\"":11,\""ratio\"":0.01,\""ratio_str\"":\""0.01\""},{\""name\"":\""商业化\"",\""value\"":39,\""ratio\"":0.02,\""ratio_str\"":\""0.02\""},{\""name\"":\""搜索\"",\""value\"":1660,\""ratio\"":0.96,\""ratio_str\"":\""0.96\""},{\""name\"":\""直播推荐\"",\""value\"":121692,\""ratio\"":70.66,\""ratio_str\"":\""70.66\""},{\""name\"":\""视频推荐\"",\""value\"":1318,\""ratio\"":0.77,\""ratio_str\"":\""0.77\""},{\""name\"":\""个人主页\"",\""value\"":2898,\""ratio\"":1.68,\""ratio_str\"":\""1.68\""}]""","""[{\""name\"":\""直播推荐\"",\""value\"":20631,\""ratio\"":80.86,\""ratio_str\"":\""80.86\""},{\""name\"":\""其他\"",\""value\"":2292,\""ratio\"":8.98,\""ratio_str\"":\""8.98\""},{\""name\"":\""关注\"",\""value\"":1891,\""ratio\"":7.41,\""ratio_str\"":\""7.41\""},{\""name\"":\""个人主页\"",\""value\"":464,\""ratio\"":1.82,\""ratio_str\"":\""1.82\""},{\""name\"":\""搜索\"",\""value\"":181,\""ratio\"":0.71,\""ratio_str\"":\""0.71\""},{\""name\"":\""视频推荐\"",\""value\"":39,\""ratio\"":0.15,\""ratio_str\"":\""0.15\""},{\""name\"":\""商业化\"",\""value\"":10,\""ratio\"":0.04,\""ratio_str\"":\""0.04\""},{\""name\"":\""同城\"",\""value\"":6,\""ratio\"":0.030000000000005116,\""ratio_str\"":\""0.03\""}]""",2151,4661,0.2409,0.0072,0.0425,0.0158,0.2724,0.9004,0.9363,0.8889,0.9822,0.3158,2025-11-14 22:51:42
戴维李,7570878877329804083,"黄金美股暴跌，今天怎么办？",2025-11-10 07:57:18,2025-11-10 08:44:31,47,2963,2228,1231,1195,36,126,466,456,10,75,61.50,196054,36944,5576,31368,378,6,40,2.0800,8.0600,0.6600,933,791,142,51893,49355,2538,60,37,23,"""[{\""name\"":\""直播推荐\"",\""value\"":232646,\""ratio\"":87.65,\""ratio_str\"":\""87.65\""},{\""name\"":\""其他\"",\""value\"":17758,\""ratio\"":6.69,\""ratio_str\"":\""6.69\""},{\""name\"":\""关注\"",\""value\"":8927,\""ratio\"":3.36,\""ratio_str\"":\""3.36\""},{\""name\"":\""搜索\"",\""value\"":2903,\""ratio\"":1.09,\""ratio_str\"":\""1.09\""},{\""name\"":\""个人主页\"",\""value\"":2642,\""ratio\"":1,\""ratio_str\"":\""1.00\""},{\""name\"":\""视频推荐\"",\""value\"":526,\""ratio\"":0.2,\""ratio_str\"":\""0.20\""},{\""name\"":\""商业化\"",\""value\"":24,\""ratio\"":0.00999999999998579,\""ratio_str\"":\""0.01\""},{\""name\"":\""同城\"",\""value\"":4,\""ratio\"":0,\""ratio_str\"":\""0.00\""}]""","""[{\""name\"":\""直播推荐\"",\""value\"":32752,\""ratio\"":88,\""ratio_str\"":\""88.00\""},{\""name\"":\""其他\"",\""value\"":2528,\""ratio\"":6.79,\""ratio_str\"":\""6.79\""},{\""name\"":\""关注\"",\""value\"":1223,\""ratio\"":3.29,\""ratio_str\"":\""3.29\""},{\""name\"":\""搜索\"",\""value\"":404,\""ratio\"":1.09,\""ratio_str\"":\""1.09\""},{\""name\"":\""个人主页\"",\""value\"":282,\""ratio\"":0.76,\""ratio_str\"":\""0.76\""},{\""name\"":\""视频推荐\"",\""value\"":18,\""ratio\"":0.05,\""ratio_str\"":\""0.05\""},{\""name\"":\""商业化\"",\""value\"":9,\""ratio\"":0.009999999999994885,\""ratio_str\"":\""0.01\""},{\""name\"":\""同城\"",\""value\"":2,\""ratio\"":0.01,\""ratio_str\"":\""0.01\""}]""",1733,3843,0.1884,0.0102,0.0253,0.0126,0.1509,0.8478,0.9511,0.6167,0.9785,0.3108,2025-11-14 22:52:25
财经葛先生,7569917400658135834,"黄金跌破900，重点后续怎么走",2025-11-07 17:46:07,2025-11-07 18:30:39,44,1295,912,800,797,3,748,193,191,2,150,40.00,101246,13636,2089,11547,363,5,115,2.1300,7.2700,0.8200,459,334,125,10894,10278,616,15,14,1,,,0,0,0.1347,0.0266,0.0337,0.0142,0.1532,0.7277,0.9435,0.9333,0.9896,0.0000,2025-12-30 10:57:41
财经吴大拿,7569828756756515647,"财经吴大拿正在直播",2025-11-07 12:02:06,2025-11-07 12:42:23,40,706,439,56,51,5,45,53,49,4,42,2.00,51165,8438,549,7889,130,2,35,1.3500,6.0000,0.8800,273,128,145,4219,3355,864,4,4,0,,,0,0,0.1649,0.0154,0.0324,0.0063,0.0651,0.4689,0.7952,1.0000,0.9245,0.0000,2025-12-30 11:04:04
老桑财知道,7569828633139612443,"黄金再次跌破4000，当下震荡行情应该怎么操作？",2025-11-07 12:01:34,2025-11-07 12:55:00,53,2959,2078,1284,1270,14,187,357,348,9,111,64.00,140498,42485,4819,37666,432,8,83,1.7700,9.1000,0.5000,821,728,93,75526,71814,3712,27,21,6,,,0,0,0.3024,0.0102,0.0193,0.0084,0.1134,0.8867,0.9509,0.7778,0.9748,0.0000,2025-11-18 22:58:36
老桑财知道,7569783994804374323,"黄金再次跌破4000，当下震荡行情应该怎么操作？",2025-11-07 09:08:28,2025-11-07 09:31:40,23,2140,1339,758,757,1,188,251,250,1,92,37.00,85321,14535,2516,12019,286,5,72,1.4000,4.2800,0.4700,378,313,65,35887,32838,3049,16,8,8,,,0,0,0.1704,0.0197,0.0260,0.0173,0.1731,0.8280,0.9150,0.5000,0.9960,0.0000,2025-11-18 22:59:13
戴维李,7569759719839582985,"黄金美股暴跌，今天怎么办？",2025-11-07 07:34:28,2025-11-07 08:28:42,54,5048,3590,2332,2287,45,643,826,799,27,353,116.60,388023,47836,8562,39274,1468,16,264,3.2500,10.4300,1.1500,2092,1658,434,162887,154886,8001,115,88,27,"""[{\""name\"":\""直播推荐\"",\""value\"":480514,\""ratio\"":91.62,\""ratio_str\"":\""91.62\""},{\""name\"":\""其他\"",\""value\"":21111,\""ratio\"":4.03,\""ratio_str\"":\""4.03\""},{\""name\"":\""关注\"",\""value\"":12695,\""ratio\"":2.42,\""ratio_str\"":\""2.42\""},{\""name\"":\""个人主页\"",\""value\"":4651,\""ratio\"":0.89,\""ratio_str\"":\""0.89\""},{\""name\"":\""搜索\"",\""value\"":4338,\""ratio\"":0.83,\""ratio_str\"":\""0.83\""},{\""name\"":\""视频推荐\"",\""value\"":1136,\""ratio\"":0.19999999999998977,\""ratio_str\"":\""0.20\""},{\""name\"":\""商业化\"",\""value\"":31,\""ratio\"":0.01,\""ratio_str\"":\""0.01\""},{\""name\"":\""同城\"",\""value\"":6,\""ratio\"":0,\""ratio_str\"":\""0.00\""}]""","""[{\""name\"":\""直播推荐\"",\""value\"":42495,\""ratio\"":88.82,\""ratio_str\"":\""88.82\""},{\""name\"":\""其他\"",\""value\"":2476,\""ratio\"":5.18,\""ratio_str\"":\""5.18\""},{\""name\"":\""关注\"",\""value\"":1758,\""ratio\"":3.67,\""ratio_str\"":\""3.67\""},{\""name\"":\""搜索\"",\""value\"":593,\""ratio\"":1.24,\""ratio_str\"":\""1.24\""},{\""name\"":\""个人主页\"",\""value\"":464,\""ratio\"":0.97,\""ratio_str\"":\""0.97\""},{\""name\"":\""视频推荐\"",\""value\"":36,\""ratio\"":0.08,\""ratio_str\"":\""0.08\""},{\""name\"":\""商业化\"",\""value\"":20,\""ratio\"":0.04000000000001421,\""ratio_str\"":\""0.04\""},{\""name\"":\""同城\"",\""value\"":1,\""ratio\"":0,\""ratio_str\"":\""0.00\""}]""",2275,6287,0.1233,0.0307,0.0437,0.0173,0.1790,0.7925,0.9509,0.7652,0.9673,0.2657,2025-11-14 22:53:08
财经葛先生,7569539863188441906,"黄金跌破900，重点后续怎么走",2025-11-06 17:21:08,2025-11-06 18:06:31,45,1227,907,299,292,7,227,186,180,6,152,14.00,85361,12349,2154,10195,355,8,131,2.4800,7.8000,0.9800,477,368,109,15636,15027,609,15,8,7,,,0,0,0.1447,0.0287,0.0386,0.0151,0.1744,0.7715,0.9611,0.5333,0.9677,0.0000,2025-12-30 10:58:18
财经吴大拿,7569533693048474404,"财经吴大拿正在直播",2025-11-06 16:57:12,2025-11-06 17:39:25,42,758,570,166,148,18,118,110,100,10,97,8.00,68051,10627,716,9911,251,5,82,1.4800,7.5500,0.9000,368,182,186,7641,6059,1582,9,3,6,,,0,0,0.1562,0.0236,0.0346,0.0104,0.0674,0.4946,0.7930,0.3333,0.9091,0.0000,2025-12-30 11:04:46
老桑财知道,7569527899616086822,"黄金大A再次突破4000，当下震荡行情应该怎么操作？",2025-11-06 16:34:37,2025-11-06 17:33:21,58,1944,1414,2545,2537,8,315,513,507,6,157,127.00,117877,20142,4501,15641,397,16,123,3.2700,9.1000,0.7800,903,785,118,75793,74887,906,12,11,1,,,0,0,0.1709,0.0197,0.0448,0.0255,0.2235,0.8693,0.9880,0.9167,0.9883,0.0000,2025-11-18 23:00:27
戴维李,7569460330217229065,"大A黄鱼反弹调整结束了吗",2025-11-06 12:12:37,2025-11-06 12:56:39,44,2074,1639,977,975,2,217,476,475,1,115,48.85,97287,21411,5636,15775,168,12,82,2.5800,6.5300,0.5700,957,873,84,108477,106796,1681,25,20,5,"""[{\""name\"":\""其他\"",\""value\"":20545,\""ratio\"":13.78,\""ratio_str\"":\""13.78\""},{\""name\"":\""同城\"",\""value\"":3,\""ratio\"":0,\""ratio_str\"":\""0.00\""},{\""name\"":\""商业化\"",\""value\"":16,\""ratio\"":0.01,\""ratio_str\"":\""0.01\""},{\""name\"":\""搜索\"",\""value\"":1221,\""ratio\"":0.82,\""ratio_str\"":\""0.82\""},{\""name\"":\""直播推荐\"",\""value\"":112904,\""ratio\"":75.72,\""ratio_str\"":\""75.72\""},{\""name\"":\""视频推荐\"",\""value\"":929,\""ratio\"":0.62,\""ratio_str\"":\""0.62\""},{\""name\"":\""个人主页\"",\""value\"":2606,\""ratio\"":1.75,\""ratio_str\"":\""1.75\""},{\""name\"":\""关注\"",\""value\"":10877,\""ratio\"":7.3,\""ratio_str\"":\""7.30\""}]""","""[{\""name\"":\""个人主页\"",\""value\"":367,\""ratio\"":1.7,\""ratio_str\"":\""1.70\""},{\""name\"":\""关注\"",\""value\"":1491,\""ratio\"":6.89,\""ratio_str\"":\""6.89\""},{\""name\"":\""其他\"",\""value\"":1755,\""ratio\"":8.11,\""ratio_str\"":\""8.11\""},{\""name\"":\""同城\"",\""value\"":3,\""ratio\"":0.01,\""ratio_str\"":\""0.01\""},{\""name\"":\""商业化\"",\""value\"":8,\""ratio\"":0.04,\""ratio_str\"":\""0.04\""},{\""name\"":\""搜索\"",\""value\"":109,\""ratio\"":0.5,\""ratio_str\"":\""0.50\""},{\""name\"":\""直播推荐\"",\""value\"":17875,\""ratio\"":82.6,\""ratio_str\"":\""82.60\""},{\""name\"":\""视频推荐\"",\""value\"":32,\""ratio\"":0.15,\""ratio_str\"":\""0.15\""}]""",0,0,0.2201,0.0078,0.0447,0.0222,0.2632,0.9122,0.9845,0.8000,0.9979,0.0000,2025-11-14 22:53:51
财经葛先生,7569459058191272730,"黄金跌破900，重点后续怎么走",2025-11-06 12:07:36,2025-11-06 12:54:11,46,1422,1015,371,357,14,314,244,234,10,206,18.00,105232,16419,2079,14340,496,4,185,2.0300,7.8000,0.9200,553,385,168,10970,9132,1838,16,6,10,,,0,0,0.1560,0.0302,0.0337,0.0149,0.1266,0.6962,0.8325,0.3750,0.9590,0.0000,2025-12-30 10:58:53
财经吴大拿,7569457823499766538,"财经吴大拿正在直播",2025-11-06 12:02:38,2025-11-06 12:44:45,42,671,457,119,99,20,97,80,68,12,70,5.00,46187,8066,568,7498,158,3,55,1.6200,7.6000,1.0000,285,145,140,8326,7274,1052,6,2,4,,,0,0,0.1746,0.0196,0.0353,0.0099,0.0704,0.5088,0.8736,0.3333,0.8500,0.0000,2025-12-30 11:05:50
财经葛先生,7569173277944613641,"黄金跌破900，重点后续怎么走",2025-11-05 17:38:31,2025-11-05 18:26:09,47,1900,1285,344,340,4,267,219,215,4,183,17.00,182955,19752,2376,17376,659,9,159,2.2500,8.4700,1.0700,775,485,290,9928,8929,999,43,32,11,,,0,0,0.1080,0.0334,0.0392,0.0111,0.1203,0.6258,0.8994,0.7442,0.9817,0.0000,2025-12-30 10:59:29
财经吴大拿,7569164359948159753,"财经吴大拿正在直播",2025-11-05 17:03:54,2025-11-05 17:42:42,38,917,700,125,118,7,110,91,85,6,83,6.00,76415,11734,737,10997,320,6,75,1.5700,8.9200,0.9500,411,211,200,6445,5843,602,7,2,5,,,0,0,0.1536,0.0273,0.0350,0.0078,0.0628,0.5134,0.9066,0.2857,0.9341,0.0000,2025-12-30 11:06:42
戴维李,7569142121597307658,"黄金美股暴跌！今天怎么办？",2025-11-05 15:37:31,2025-11-05 16:35:10,57,1775,1324,3286,3203,83,1686,373,328,45,143,164.30,109563,18931,5075,13856,203,11,116,3.2100,6.8800,0.8300,864,723,141,118147,110624,7523,17,13,4,"""[{\""name\"":\""直播推荐\"",\""value\"":129606,\""ratio\"":76.86,\""ratio_str\"":\""76.86\""},{\""name\"":\""其他\"",\""value\"":21541,\""ratio\"":12.77,\""ratio_str\"":\""12.77\""},{\""name\"":\""关注\"",\""value\"":9669,\""ratio\"":5.73,\""ratio_str\"":\""5.73\""},{\""name\"":\""搜索\"",\""value\"":3260,\""ratio\"":1.93,\""ratio_str\"":\""1.93\""},{\""name\"":\""个人主页\"",\""value\"":2695,\""ratio\"":1.6,\""ratio_str\"":\""1.60\""},{\""name\"":\""视频推荐\"",\""value\"":1781,\""ratio\"":1.06,\""ratio_str\"":\""1.06\""},{\""name\"":\""商业化\"",\""value\"":69,\""ratio\"":0.049999999999990906,\""ratio_str\"":\""0.05\""},{\""name\"":\""同城\"",\""value\"":5,\""ratio\"":0,\""ratio_str\"":\""0.00\""}]""","""[{\""name\"":\""直播推荐\"",\""value\"":15823,\""ratio\"":82.99,\""ratio_str\"":\""82.99\""},{\""name\"":\""关注\"",\""value\"":1356,\""ratio\"":7.11,\""ratio_str\"":\""7.11\""},{\""name\"":\""其他\"",\""value\"":1122,\""ratio\"":5.88,\""ratio_str\"":\""5.88\""},{\""name\"":\""搜索\"",\""value\"":362,\""ratio\"":1.9,\""ratio_str\"":\""1.90\""},{\""name\"":\""个人主页\"",\""value\"":339,\""ratio\"":1.78,\""ratio_str\"":\""1.78\""},{\""name\"":\""视频推荐\"",\""value\"":49,\""ratio\"":0.26,\""ratio_str\"":\""0.26\""},{\""name\"":\""商业化\"",\""value\"":13,\""ratio\"":0.07,\""ratio_str\"":\""0.07\""},{\""name\"":\""同城\"",\""value\"":3,\""ratio\"":0.009999999999994885,\""ratio_str\"":\""0.01\""}]""",1507,3568,0.1728,0.0107,0.0456,0.0197,0.2681,0.8368,0.9363,0.7647,0.8794,0.2969,2025-11-05 22:42:15
财经葛先生,7569088865785350938,"黄金跌破900，重点后续怎么走",2025-11-05 12:10:56,2025-11-05 13:00:38,49,2013,1365,452,449,3,381,301,298,3,259,22.00,145987,22163,2620,19543,1019,2,237,2.2300,8.6000,1.0300,733,467,266,12561,11386,1175,29,21,8,,,0,0,0.1518,0.0460,0.0331,0.0136,0.1182,0.6371,0.9065,0.7241,0.9900,0.0000,2025-12-30 11:00:06
财经吴大拿,7569085404348468004,"财经吴大拿正在直播",2025-11-05 11:57:46,2025-11-05 12:40:50,43,671,438,117,105,12,97,88,79,9,77,5.00,51868,9292,552,8740,186,5,68,1.3000,7.3200,0.7500,320,158,162,10041,9259,782,6,3,3,,,0,0,0.1791,0.0200,0.0344,0.0095,0.0594,0.4938,0.9221,0.5000,0.8977,0.0000,2025-12-30 11:07:46
戴维李,7569082364597472010,"黄金美股暴跌！今天怎么办？",2025-11-05 11:45:49,2025-11-05 12:21:28,35,3331,2219,1742,1615,127,450,380,304,76,184,87.10,150898,26056,4991,21065,452,5,148,2.3100,6.1900,0.9100,1065,795,270,59996,53142,6854,33,26,7,"""[{\""name\"":\""同城\"",\""value\"":3,\""ratio\"":0,\""ratio_str\"":\""0.00\""},{\""name\"":\""商业化\"",\""value\"":255,\""ratio\"":0.12,\""ratio_str\"":\""0.12\""},{\""name\"":\""搜索\"",\""value\"":2585,\""ratio\"":1.22,\""ratio_str\"":\""1.22\""},{\""name\"":\""直播推荐\"",\""value\"":178724,\""ratio\"":84.33,\""ratio_str\"":\""84.33\""},{\""name\"":\""视频推荐\"",\""value\"":798,\""ratio\"":0.38,\""ratio_str\"":\""0.38\""},{\""name\"":\""个人主页\"",\""value\"":2465,\""ratio\"":1.16,\""ratio_str\"":\""1.16\""},{\""name\"":\""关注\"",\""value\"":8963,\""ratio\"":4.23,\""ratio_str\"":\""4.23\""},{\""name\"":\""其他\"",\""value\"":18150,\""ratio\"":8.56,\""ratio_str\"":\""8.56\""}]""","""[{\""name\"":\""直播推荐\"",\""value\"":22281,\""ratio\"":85.37,\""ratio_str\"":\""85.37\""},{\""name\"":\""其他\"",\""value\"":1753,\""ratio\"":6.72,\""ratio_str\"":\""6.72\""},{\""name\"":\""关注\"",\""value\"":1327,\""ratio\"":5.08,\""ratio_str\"":\""5.08\""},{\""name\"":\""搜索\"",\""value\"":354,\""ratio\"":1.36,\""ratio_str\"":\""1.36\""},{\""name\"":\""个人主页\"",\""value\"":336,\""ratio\"":1.29,\""ratio_str\"":\""1.29\""},{\""name\"":\""视频推荐\"",\""value\"":37,\""ratio\"":0.14,\""ratio_str\"":\""0.14\""},{\""name\"":\""商业化\"",\""value\"":9,\""ratio\"":0.03,\""ratio_str\"":\""0.03\""},{\""name\"":\""同城\"",\""value\"":2,\""ratio\"":0.00999999999998579,\""ratio_str\"":\""0.01\""}]""",1553,3438,0.1727,0.0173,0.0409,0.0146,0.1915,0.7465,0.8858,0.7879,0.8000,0.3112,2025-11-05 22:42:59
戴维李,7569022832064105267,"黄金美股暴跌！今天怎么办？",2025-11-05 07:54:58,2025-11-05 08:49:06,54,3617,2728,2187,1966,221,406,574,460,114,232,109.35,239667,33513,6411,27102,798,12,165,3.5900,8.9100,1.5500,1589,1044,545,96517,81420,15097,83,60,23,"""[{\""name\"":\""商业化\"",\""value\"":881,\""ratio\"":0.26,\""ratio_str\"":\""0.26\""},{\""name\"":\""搜索\"",\""value\"":5790,\""ratio\"":1.72,\""ratio_str\"":\""1.72\""},{\""name\"":\""直播推荐\"",\""value\"":291961,\""ratio\"":86.56,\""ratio_str\"":\""86.56\""},{\""name\"":\""视频推荐\"",\""value\"":1017,\""ratio\"":0.3,\""ratio_str\"":\""0.30\""},{\""name\"":\""个人主页\"",\""value\"":3426,\""ratio\"":1.02,\""ratio_str\"":\""1.02\""},{\""name\"":\""关注\"",\""value\"":11137,\""ratio\"":3.3,\""ratio_str\"":\""3.30\""},{\""name\"":\""其他\"",\""value\"":23065,\""ratio\"":6.84,\""ratio_str\"":\""6.84\""},{\""name\"":\""同城\"",\""value\"":9,\""ratio\"":0,\""ratio_str\"":\""0.00\""}]""","""[{\""name\"":\""直播推荐\"",\""value\"":28604,\""ratio\"":84.84,\""ratio_str\"":\""84.84\""},{\""name\"":\""其他\"",\""value\"":2189,\""ratio\"":6.49,\""ratio_str\"":\""6.49\""},{\""name\"":\""关注\"",\""value\"":1632,\""ratio\"":4.84,\""ratio_str\"":\""4.84\""},{\""name\"":\""搜索\"",\""value\"":841,\""ratio\"":2.49,\""ratio_str\"":\""2.49\""},{\""name\"":\""个人主页\"",\""value\"":388,\""ratio\"":1.15,\""ratio_str\"":\""1.15\""},{\""name\"":\""视频推荐\"",\""value\"":40,\""ratio\"":0.12,\""ratio_str\"":\""0.12\""},{\""name\"":\""商业化\"",\""value\"":19,\""ratio\"":0.06,\""ratio_str\"":\""0.06\""},{\""name\"":\""同城\"",\""value\"":2,\""ratio\"":0.00999999999998579,\""ratio_str\"":\""0.01\""}]""",1832,4579,0.1398,0.0238,0.0474,0.0171,0.1913,0.6570,0.8436,0.7229,0.8014,0.2858,2025-11-05 22:43:44
财经葛先生,7568800943656291082,"黄金跌破900，重点后续怎么走",2025-11-04 17:33:35,2025-11-04 18:15:53,42,1523,1005,407,396,11,297,205,198,7,182,20.00,95463,13803,1882,11921,539,8,159,2.2700,7.4800,1.0800,534,343,191,12414,11433,981,19,7,12,,,0,0,0.1446,0.0390,0.0387,0.0149,0.1363,0.6423,0.9210,0.3684,0.9659,0.0000,2025-12-30 11:00:45
财经吴大拿,7568792203033086771,"紧急加播！11月主线方向！",2025-11-04 16:59:43,2025-11-04 17:47:37,47,1261,841,308,288,20,293,139,126,13,125,15.00,131420,16120,955,15165,531,5,103,1.6800,9.1700,1.0300,806,314,492,12117,9401,2716,13,5,8,,,0,0,0.1227,0.0329,0.0500,0.0086,0.0592,0.3896,0.7759,0.3846,0.9065,0.0000,2025-12-30 11:08:36
戴维李,7568772826027592458,"黄鱼大A双双跌破4000！未来走势怎么走？",2025-11-04 15:44:30,2025-11-04 16:22:55,38,1955,1337,744,695,49,88,207,183,24,50,37.20,111130,16776,4310,12466,131,12,34,2.2900,5.4700,0.6500,668,561,107,43765,41822,1943,17,11,6,"""[{\""name\"":\""直播推荐\"",\""value\"":126654,\""ratio\"":80.34,\""ratio_str\"":\""80.34\""},{\""name\"":\""其他\"",\""value\"":17831,\""ratio\"":11.31,\""ratio_str\"":\""11.31\""},{\""name\"":\""关注\"",\""value\"":7823,\""ratio\"":4.96,\""ratio_str\"":\""4.96\""},{\""name\"":\""搜索\"",\""value\"":2201,\""ratio\"":1.4,\""ratio_str\"":\""1.40\""},{\""name\"":\""个人主页\"",\""value\"":1877,\""ratio\"":1.19,\""ratio_str\"":\""1.19\""},{\""name\"":\""视频推荐\"",\""value\"":1232,\""ratio\"":0.78,\""ratio_str\"":\""0.78\""},{\""name\"":\""商业化\"",\""value\"":26,\""ratio\"":0.02,\""ratio_str\"":\""0.02\""},{\""name\"":\""同城\"",\""value\"":13,\""ratio\"":9.0951551845464e-15,\""ratio_str\"":\""0.00\""}]""","""[{\""name\"":\""直播推荐\"",\""value\"":13877,\""ratio\"":82.6,\""ratio_str\"":\""82.60\""},{\""name\"":\""其他\"",\""value\"":1187,\""ratio\"":7.07,\""ratio_str\"":\""7.07\""},{\""name\"":\""关注\"",\""value\"":1179,\""ratio\"":7.02,\""ratio_str\"":\""7.02\""},{\""name\"":\""个人主页\"",\""value\"":266,\""ratio\"":1.58,\""ratio_str\"":\""1.58\""},{\""name\"":\""搜索\"",\""value\"":241,\""ratio\"":1.43,\""ratio_str\"":\""1.43\""},{\""name\"":\""视频推荐\"",\""value\"":33,\""ratio\"":0.2,\""ratio_str\"":\""0.20\""},{\""name\"":\""商业化\"",\""value\"":11,\""ratio\"":0.07,\""ratio_str\"":\""0.07\""},{\""name\"":\""同城\"",\""value\"":7,\""ratio\"":0.030000000000009096,\""ratio_str\"":\""0.03\""}]""",1419,2891,0.1510,0.0078,0.0398,0.0123,0.2569,0.8398,0.9556,0.6471,0.8841,0.3292,2025-11-04 22:42:02
财经葛先生,7568745702857706250,"黄金跌破900，重点后续怎么走",2025-11-04 13:59:10,2025-11-04 14:39:26,40,1351,970,438,430,8,336,265,259,6,234,21.00,85569,14293,1742,12551,462,6,193,1.8800,6.6800,0.7800,533,343,190,13242,12804,438,12,3,9,,,0,0,0.1670,0.0323,0.0373,0.0185,0.1219,0.6435,0.9669,0.2500,0.9774,0.0000,2025-12-30 11:01:48
财经吴大拿,7568715605516602166,"紧急加播！11月全线主线方向！股民快进",2025-11-04 12:02:30,2025-11-04 12:44:16,41,766,483,110,96,14,105,88,80,8,84,5.00,52819,8908,538,8370,233,1,68,1.5500,7.5300,1.0300,349,151,198,3958,2961,997,3,1,2,,,0,0,0.1687,0.0262,0.0392,0.0099,0.0604,0.4327,0.7481,0.3333,0.9091,0.0000,2025-12-30 11:09:53
老桑财知道,7568715117467355955,"黄金大A再次跌破4000，当下震荡行情应该怎么操作？",2025-11-04 12:00:25,2025-11-04 12:53:28,53,2247,1392,1110,1005,105,208,371,313,58,117,55.50,94032,24871,3847,21024,399,4,100,2.2200,8.0600,0.7600,643,502,141,50848,49327,1521,13,9,4,"""[{\""name\"":\""直播推荐\"",\""value\"":107621,\""ratio\"":78.31,\""ratio_str\"":\""78.31\""},{\""name\"":\""其他\"",\""value\"":12933,\""ratio\"":9.41,\""ratio_str\"":\""9.41\""},{\""name\"":\""关注\"",\""value\"":8799,\""ratio\"":6.4,\""ratio_str\"":\""6.40\""},{\""name\"":\""搜索\"",\""value\"":4898,\""ratio\"":3.56,\""ratio_str\"":\""3.56\""},{\""name\"":\""个人主页\"",\""value\"":2037,\""ratio\"":1.48,\""ratio_str\"":\""1.48\""},{\""name\"":\""视频推荐\"",\""value\"":1131,\""ratio\"":0.82,\""ratio_str\"":\""0.82\""},{\""name\"":\""商业化\"",\""value\"":9,\""ratio\"":0.019999999999990907,\""ratio_str\"":\""0.02\""},{\""name\"":\""同城\"",\""value\"":5,\""ratio\"":0,\""ratio_str\"":\""0.00\""}]""","""[{\""name\"":\""直播推荐\"",\""value\"":21670,\""ratio\"":87.59,\""ratio_str\"":\""87.59\""},{\""name\"":\""关注\"",\""value\"":1285,\""ratio\"":5.19,\""ratio_str\"":\""5.19\""},{\""name\"":\""其他\"",\""value\"":891,\""ratio\"":3.6,\""ratio_str\"":\""3.60\""},{\""name\"":\""搜索\"",\""value\"":523,\""ratio\"":2.11,\""ratio_str\"":\""2.11\""},{\""name\"":\""个人主页\"",\""value\"":326,\""ratio\"":1.32,\""ratio_str\"":\""1.32\""},{\""name\"":\""视频推荐\"",\""value\"":40,\""ratio\"":0.16,\""ratio_str\"":\""0.16\""},{\""name\"":\""商业化\"",\""value\"":6,\""ratio\"":0.030000000000005116,\""ratio_str\"":\""0.03\""}]""",939,2908,0.2645,0.0160,0.0259,0.0149,0.1547,0.7807,0.9701,0.6923,0.8437,0.2441,2025-11-04 22:47:17
戴维李,7568713688971086618,"黄鱼大A双双跌破4000！未来走势怎么走？",2025-11-04 11:55:17,2025-11-04 12:28:58,33,2094,1470,855,780,75,157,356,308,48,109,42.75,111371,17856,4431,13425,176,11,87,2.0800,5.1700,0.6400,679,581,98,46769,45330,1439,20,12,8,"""[{\""name\"":\""直播推荐\"",\""value\"":128033,\""ratio\"":81.43,\""ratio_str\"":\""81.43\""},{\""name\"":\""其他\"",\""value\"":15777,\""ratio\"":10.03,\""ratio_str\"":\""10.03\""},{\""name\"":\""关注\"",\""value\"":8189,\""ratio\"":5.21,\""ratio_str\"":\""5.21\""},{\""name\"":\""搜索\"",\""value\"":2198,\""ratio\"":1.4,\""ratio_str\"":\""1.40\""},{\""name\"":\""个人主页\"",\""value\"":1940,\""ratio\"":1.23,\""ratio_str\"":\""1.23\""},{\""name\"":\""视频推荐\"",\""value\"":1071,\""ratio\"":0.68,\""ratio_str\"":\""0.68\""},{\""name\"":\""商业化\"",\""value\"":12,\""ratio\"":0.019999999999990907,\""ratio_str\"":\""0.02\""},{\""name\"":\""同城\"",\""value\"":6,\""ratio\"":0,\""ratio_str\"":\""0.00\""}]""","""[{\""name\"":\""直播推荐\"",\""value\"":14857,\""ratio\"":83.08,\""ratio_str\"":\""83.08\""},{\""name\"":\""其他\"",\""value\"":1339,\""ratio\"":7.49,\""ratio_str\"":\""7.49\""},{\""name\"":\""关注\"",\""value\"":1137,\""ratio\"":6.36,\""ratio_str\"":\""6.36\""},{\""name\"":\""个人主页\"",\""value\"":258,\""ratio\"":1.44,\""ratio_str\"":\""1.44\""},{\""name\"":\""搜索\"",\""value\"":240,\""ratio\"":1.34,\""ratio_str\"":\""1.34\""},{\""name\"":\""视频推荐\"",\""value\"":40,\""ratio\"":0.22,\""ratio_str\"":\""0.22\""},{\""name\"":\""商业化\"",\""value\"":9,\""ratio\"":0.05,\""ratio_str\"":\""0.05\""},{\""name\"":\""同城\"",\""value\"":2,\""ratio\"":0.020000000000005118,\""ratio_str\"":\""0.02\""}]""",1615,2816,0.1603,0.0099,0.0380,0.0199,0.2482,0.8557,0.9692,0.6000,0.8652,0.3645,2025-11-04 22:42:47
老桑财知道,7568668752311847707,"黄金再次跌破4000，当下震荡行情应该怎么操作？",2025-11-04 09:00:31,2025-11-04 09:33:34,33,1464,1115,935,883,52,205,304,270,34,112,46.75,61634,13145,2657,10488,195,4,82,2.0600,5.5100,0.6900,420,337,83,50599,47499,3100,22,22,0,"""[{\""name\"":\""直播推荐\"",\""value\"":66920,\""ratio\"":74.22,\""ratio_str\"":\""74.22\""},{\""name\"":\""其他\"",\""value\"":11846,\""ratio\"":13.14,\""ratio_str\"":\""13.14\""},{\""name\"":\""关注\"",\""value\"":5526,\""ratio\"":6.13,\""ratio_str\"":\""6.13\""},{\""name\"":\""搜索\"",\""value\"":4241,\""ratio\"":4.7,\""ratio_str\"":\""4.70\""},{\""name\"":\""个人主页\"",\""value\"":1182,\""ratio\"":1.31,\""ratio_str\"":\""1.31\""},{\""name\"":\""视频推荐\"",\""value\"":437,\""ratio\"":0.48,\""ratio_str\"":\""0.48\""},{\""name\"":\""商业化\"",\""value\"":10,\""ratio\"":0.019999999999990907,\""ratio_str\"":\""0.02\""},{\""name\"":\""同城\"",\""value\"":1,\""ratio\"":0,\""ratio_str\"":\""0.00\""}]""","""[{\""name\"":\""搜索\"",\""value\"":493,\""ratio\"":3.76,\""ratio_str\"":\""3.76\""},{\""name\"":\""直播推荐\"",\""value\"":11065,\""ratio\"":84.31,\""ratio_str\"":\""84.31\""},{\""name\"":\""视频推荐\"",\""value\"":7,\""ratio\"":0.05,\""ratio_str\"":\""0.05\""},{\""name\"":\""个人主页\"",\""value\"":213,\""ratio\"":1.62,\""ratio_str\"":\""1.62\""},{\""name\"":\""关注\"",\""value\"":710,\""ratio\"":5.41,\""ratio_str\"":\""5.41\""},{\""name\"":\""其他\"",\""value\"":632,\""ratio\"":4.82,\""ratio_str\"":\""4.82\""},{\""name\"":\""商业化\"",\""value\"":4,\""ratio\"":0.03,\""ratio_str\"":\""0.03\""}]""",656,2001,0.2133,0.0148,0.0320,0.0231,0.2021,0.8024,0.9387,1.0000,0.8882,0.2469,2025-11-04 22:47:54
戴维李,7568656009741224731,"黄鱼大A双双跌破4000！未来走势怎么走？",2025-11-04 08:11:13,2025-11-04 08:51:54,40,2372,1887,858,764,94,191,358,297,61,132,42.90,180088,25197,4135,21062,363,13,106,2.2700,6.6800,1.0100,650,488,162,70118,63551,6567,20,9,11,"""[{\""name\"":\""直播推荐\"",\""value\"":211290,\""ratio\"":87.32,\""ratio_str\"":\""87.32\""},{\""name\"":\""其他\"",\""value\"":14598,\""ratio\"":6.03,\""ratio_str\"":\""6.03\""},{\""name\"":\""关注\"",\""value\"":8258,\""ratio\"":3.41,\""ratio_str\"":\""3.41\""},{\""name\"":\""搜索\"",\""value\"":3096,\""ratio\"":1.28,\""ratio_str\"":\""1.28\""},{\""name\"":\""个人主页\"",\""value\"":2411,\""ratio\"":1,\""ratio_str\"":\""1.00\""},{\""name\"":\""视频推荐\"",\""value\"":2296,\""ratio\"":0.9600000000000051,\""ratio_str\"":\""0.96\""},{\""name\"":\""商业化\"",\""value\"":12,\""ratio\"":0,\""ratio_str\"":\""0.00\""},{\""name\"":\""同城\"",\""value\"":3,\""ratio\"":0,\""ratio_str\"":\""0.00\""}]""","""[{\""name\"":\""直播推荐\"",\""value\"":22258,\""ratio\"":88.79,\""ratio_str\"":\""88.79\""},{\""name\"":\""关注\"",\""value\"":1146,\""ratio\"":4.57,\""ratio_str\"":\""4.57\""},{\""name\"":\""其他\"",\""value\"":914,\""ratio\"":3.65,\""ratio_str\"":\""3.65\""},{\""name\"":\""搜索\"",\""value\"":349,\""ratio\"":1.39,\""ratio_str\"":\""1.39\""},{\""name\"":\""个人主页\"",\""value\"":304,\""ratio\"":1.21,\""ratio_str\"":\""1.21\""},{\""name\"":\""视频推荐\"",\""value\"":91,\""ratio\"":0.36,\""ratio_str\"":\""0.36\""},{\""name\"":\""商业化\"",\""value\"":6,\""ratio\"":0.029999999999990905,\""ratio_str\"":\""0.03\""}]""",1157,2978,0.1399,0.0144,0.0258,0.0142,0.1641,0.7508,0.9063,0.4500,0.8296,0.2798,2025-11-04 22:44:13
财经葛先生,7568432854212873010,"黄金跌破900，重点后续怎么走",2025-11-03 17:45:19,2025-11-03 18:30:40,45,1903,1404,414,395,19,309,245,232,13,213,20.00,131121,23622,2027,21595,572,3,164,1.8500,8.4700,0.9300,642,363,279,23019,21888,1131,25,12,13,,,0,0,0.1802,0.0242,0.0272,0.0104,0.0858,0.5654,0.9509,0.4800,0.9469,0.0000,2025-12-30 11:02:36
财经吴大拿,7568422231355427626,"紧急加播！11月全线主线方向！股民快进",2025-11-03 17:04:02,2025-11-03 17:51:20,47,877,586,103,91,12,85,74,66,8,60,5.00,73659,10498,588,9910,235,3,46,1.8200,8.4300,1.2500,383,140,243,5742,4710,1032,11,3,8,,,0,0,0.1425,0.0224,0.0365,0.0070,0.0560,0.3655,0.8203,0.2727,0.8919,0.0000,2025-12-30 11:11:39
老桑财知道,7568413562893257482,"黄金上涨重回4000.当下需要操作吗，来我直播间给你讲清楚！",2025-11-03 16:30:17,2025-11-03 16:57:58,27,2118,1413,1141,944,197,340,379,322,57,137,57.05,90830,18500,2601,15899,254,4,109,1.4000,5.3100,0.5000,478,360,118,35104,31327,3777,10,6,4,"""[{\""name\"":\""直播推荐\"",\""value\"":102637,\""ratio\"":86.14,\""ratio_str\"":\""86.14\""},{\""name\"":\""其他\"",\""value\"":8456,\""ratio\"":7.1,\""ratio_str\"":\""7.10\""},{\""name\"":\""关注\"",\""value\"":3822,\""ratio\"":3.21,\""ratio_str\"":\""3.21\""},{\""name\"":\""搜索\"",\""value\"":2355,\""ratio\"":1.98,\""ratio_str\"":\""1.98\""},{\""name\"":\""个人主页\"",\""value\"":1306,\""ratio\"":1.1,\""ratio_str\"":\""1.10\""},{\""name\"":\""视频推荐\"",\""value\"":565,\""ratio\"":0.45999999999999486,\""ratio_str\"":\""0.46\""},{\""name\"":\""商业化\"",\""value\"":11,\""ratio\"":0.01,\""ratio_str\"":\""0.01\""},{\""name\"":\""同城\"",\""value\"":3,\""ratio\"":0,\""ratio_str\"":\""0.00\""}]""","""[{\""name\"":\""直播推荐\"",\""value\"":16540,\""ratio\"":90.1,\""ratio_str\"":\""90.10\""},{\""name\"":\""其他\"",\""value\"":695,\""ratio\"":3.79,\""ratio_str\"":\""3.79\""},{\""name\"":\""关注\"",\""value\"":645,\""ratio\"":3.51,\""ratio_str\"":\""3.51\""},{\""name\"":\""搜索\"",\""value\"":258,\""ratio\"":1.41,\""ratio_str\"":\""1.41\""},{\""name\"":\""个人主页\"",\""value\"":201,\""ratio\"":1.09,\""ratio_str\"":\""1.09\""},{\""name\"":\""视频推荐\"",\""value\"":16,\""ratio\"":0.09,\""ratio_str\"":\""0.09\""},{\""name\"":\""商业化\"",\""value\"":3,\""ratio\"":0.010000000000009095,\""ratio_str\"":\""0.01\""}]""",662,1939,0.2037,0.0137,0.0258,0.0205,0.1406,0.7531,0.8924,0.6000,0.8496,0.2545,2025-11-03 22:46:50
戴维李,7568406002390944558,"黄鱼大A双双反弹！调整结束了吗？",2025-11-03 16:00:58,2025-11-03 16:38:04,37,2632,1873,1421,1359,62,163,306,266,40,99,71.05,116949,26471,4443,22028,328,20,76,1.8500,5.9000,0.6800,864,666,198,40388,35954,4434,27,16,11,"""[{\""name\"":\""直播推荐\"",\""value\"":135258,\""ratio\"":82.03,\""ratio_str\"":\""82.03\""},{\""name\"":\""其他\"",\""value\"":16441,\""ratio\"":9.97,\""ratio_str\"":\""9.97\""},{\""name\"":\""关注\"",\""value\"":8089,\""ratio\"":4.91,\""ratio_str\"":\""4.91\""},{\""name\"":\""搜索\"",\""value\"":2428,\""ratio\"":1.47,\""ratio_str\"":\""1.47\""},{\""name\"":\""个人主页\"",\""value\"":2042,\""ratio\"":1.24,\""ratio_str\"":\""1.24\""},{\""name\"":\""视频推荐\"",\""value\"":595,\""ratio\"":0.36,\""ratio_str\"":\""0.36\""},{\""name\"":\""商业化\"",\""value\"":26,\""ratio\"":0.02000000000001421,\""ratio_str\"":\""0.02\""},{\""name\"":\""同城\"",\""value\"":6,\""ratio\"":0,\""ratio_str\"":\""0.00\""}]""","""[{\""name\"":\""直播推荐\"",\""value\"":23204,\""ratio\"":87.71,\""ratio_str\"":\""87.71\""},{\""name\"":\""其他\"",\""value\"":1548,\""ratio\"":5.85,\""ratio_str\"":\""5.85\""},{\""name\"":\""关注\"",\""value\"":1128,\""ratio\"":4.26,\""ratio_str\"":\""4.26\""},{\""name\"":\""搜索\"",\""value\"":273,\""ratio\"":1.03,\""ratio_str\"":\""1.03\""},{\""name\"":\""个人主页\"",\""value\"":269,\""ratio\"":1.02,\""ratio_str\"":\""1.02\""},{\""name\"":\""视频推荐\"",\""value\"":18,\""ratio\"":0.07,\""ratio_str\"":\""0.07\""},{\""name\"":\""商业化\"",\""value\"":10,\""ratio\"":0.04,\""ratio_str\"":\""0.04\""},{\""name\"":\""同城\"",\""value\"":4,\""ratio\"":0.02000000000001421,\""ratio_str\"":\""0.02\""}]""",1454,2989,0.2263,0.0124,0.0326,0.0116,0.1678,0.7708,0.8902,0.5926,0.8693,0.3273,2025-11-03 22:41:49
财经葛先生,7568366592271141682,"黄金跌破900，重点后续怎么走",2025-11-03 13:28:13,2025-11-03 14:10:12,41,1860,1366,329,318,11,265,195,186,9,163,16.00,156249,24575,1875,22700,611,5,129,1.5000,7.4500,0.7500,511,302,209,14258,12769,1489,34,18,16,,,0,0,0.1573,0.0249,0.0208,0.0079,0.0763,0.5910,0.8956,0.5294,0.9538,0.0000,2025-12-30 11:03:40
老桑财知道,7568345988176317211,"黄金上涨重回4000.当下需要操作吗，来我直播间给你讲清楚！",2025-11-03 12:08:21,2025-11-03 12:47:17,38,1984,1368,1704,1555,149,422,548,477,71,201,85.20,124923,20156,3480,16676,269,6,170,1.8700,6.1700,0.6000,589,490,99,36942,34705,2237,32,24,8,"""[{\""name\"":\""直播推荐\"",\""value\"":140169,\""ratio\"":83.53,\""ratio_str\"":\""83.53\""},{\""name\"":\""其他\"",\""value\"":13005,\""ratio\"":7.75,\""ratio_str\"":\""7.75\""},{\""name\"":\""关注\"",\""value\"":6552,\""ratio\"":3.9,\""ratio_str\"":\""3.90\""},{\""name\"":\""搜索\"",\""value\"":5039,\""ratio\"":3,\""ratio_str\"":\""3.00\""},{\""name\"":\""个人主页\"",\""value\"":1961,\""ratio\"":1.17,\""ratio_str\"":\""1.17\""},{\""name\"":\""视频推荐\"",\""value\"":1070,\""ratio\"":0.6499999999999909,\""ratio_str\"":\""0.65\""},{\""name\"":\""商业化\"",\""value\"":5,\""ratio\"":0,\""ratio_str\"":\""0.00\""},{\""name\"":\""同城\"",\""value\"":3,\""ratio\"":0,\""ratio_str\"":\""0.00\""}]""","""[{\""name\"":\""关注\"",\""value\"":1024,\""ratio\"":5.06,\""ratio_str\"":\""5.06\""},{\""name\"":\""其他\"",\""value\"":1360,\""ratio\"":6.72,\""ratio_str\"":\""6.72\""},{\""name\"":\""商业化\"",\""value\"":3,\""ratio\"":0.01,\""ratio_str\"":\""0.01\""},{\""name\"":\""搜索\"",\""value\"":568,\""ratio\"":2.81,\""ratio_str\"":\""2.81\""},{\""name\"":\""直播推荐\"",\""value\"":16982,\""ratio\"":83.92,\""ratio_str\"":\""83.92\""},{\""name\"":\""视频推荐\"",\""value\"":18,\""ratio\"":0.09,\""ratio_str\"":\""0.09\""},{\""name\"":\""个人主页\"",\""value\"":281,\""ratio\"":1.39,\""ratio_str\"":\""1.39\""}]""",859,2621,0.1613,0.0133,0.0292,0.0272,0.1727,0.8319,0.9394,0.7500,0.8704,0.2468,2025-11-03 22:47:33
戴维李,7568338977882901286,"黄鱼大A跌破4000，未来走势怎么走？",2025-11-03 11:41:04,2025-11-03 12:23:59,42,2516,1904,1225,1163,62,191,393,350,43,114,61.25,150944,22819,5404,17415,333,9,85,2.8200,6.4900,1.0100,985,797,188,59168,55947,3221,45,27,18,"""[{\""name\"":\""视频推荐\"",\""value\"":632,\""ratio\"":0.3,\""ratio_str\"":\""0.30\""},{\""name\"":\""个人主页\"",\""value\"":2453,\""ratio\"":1.15,\""ratio_str\"":\""1.15\""},{\""name\"":\""关注\"",\""value\"":10404,\""ratio\"":4.89,\""ratio_str\"":\""4.89\""},{\""name\"":\""其他\"",\""value\"":19730,\""ratio\"":9.27,\""ratio_str\"":\""9.27\""},{\""name\"":\""同城\"",\""value\"":6,\""ratio\"":0,\""ratio_str\"":\""0.00\""},{\""name\"":\""商业化\"",\""value\"":24,\""ratio\"":0.01,\""ratio_str\"":\""0.01\""},{\""name\"":\""搜索\"",\""value\"":3552,\""ratio\"":1.67,\""ratio_str\"":\""1.67\""},{\""name\"":\""直播推荐\"",\""value\"":176038,\""ratio\"":82.71,\""ratio_str\"":\""82.71\""}]""","""[{\""name\"":\""直播推荐\"",\""value\"":18874,\""ratio\"":81.71,\""ratio_str\"":\""81.71\""},{\""name\"":\""其他\"",\""value\"":2014,\""ratio\"":8.72,\""ratio_str\"":\""8.72\""},{\""name\"":\""关注\"",\""value\"":1437,\""ratio\"":6.22,\""ratio_str\"":\""6.22\""},{\""name\"":\""搜索\"",\""value\"":403,\""ratio\"":1.74,\""ratio_str\"":\""1.74\""},{\""name\"":\""个人主页\"",\""value\"":342,\""ratio\"":1.48,\""ratio_str\"":\""1.48\""},{\""name\"":\""视频推荐\"",\""value\"":15,\""ratio\"":0.06,\""ratio_str\"":\""0.06\""},{\""name\"":\""商业化\"",\""value\"":12,\""ratio\"":0.05,\""ratio_str\"":\""0.05\""},{\""name\"":\""同城\"",\""value\"":3,\""ratio\"":0.020000000000005118,\""ratio_str\"":\""0.02\""}]""",1822,3582,0.1512,0.0146,0.0432,0.0172,0.2368,0.8091,0.9456,0.6000,0.8906,0.3372,2025-11-03 22:42:33
戴维李,7568285118948084530,"黄鱼大A跌破4000，未来走势怎么走？",2025-11-03 08:12:23,2025-11-03 08:57:39,45,3816,2617,1126,998,128,280,447,379,68,140,56.30,247077,31646,5836,25810,736,3,97,2.9700,7.4200,1.5000,1228,796,432,47773,40076,7697,71,34,37,"""[{\""name\"":\""直播推荐\"",\""value\"":299159,\""ratio\"":88.84,\""ratio_str\"":\""88.84\""},{\""name\"":\""其他\"",\""value\"":18782,\""ratio\"":5.58,\""ratio_str\"":\""5.58\""},{\""name\"":\""关注\"",\""value\"":10246,\""ratio\"":3.04,\""ratio_str\"":\""3.04\""},{\""name\"":\""搜索\"",\""value\"":4585,\""ratio\"":1.36,\""ratio_str\"":\""1.36\""},{\""name\"":\""个人主页\"",\""value\"":3284,\""ratio\"":0.98,\""ratio_str\"":\""0.98\""},{\""name\"":\""视频推荐\"",\""value\"":643,\""ratio\"":0.19,\""ratio_str\"":\""0.19\""},{\""name\"":\""商业化\"",\""value\"":33,\""ratio\"":0.00999999999998579,\""ratio_str\"":\""0.01\""},{\""name\"":\""同城\"",\""value\"":6,\""ratio\"":0,\""ratio_str\"":\""0.00\""}]""","""[{\""name\"":\""搜索\"",\""value\"":572,\""ratio\"":1.8,\""ratio_str\"":\""1.80\""},{\""name\"":\""直播推荐\"",\""value\"":26777,\""ratio\"":84.08,\""ratio_str\"":\""84.08\""},{\""name\"":\""视频推荐\"",\""value\"":32,\""ratio\"":0.1,\""ratio_str\"":\""0.10\""},{\""name\"":\""个人主页\"",\""value\"":337,\""ratio\"":1.06,\""ratio_str\"":\""1.06\""},{\""name\"":\""关注\"",\""value\"":1507,\""ratio\"":4.73,\""ratio_str\"":\""4.73\""},{\""name\"":\""其他\"",\""value\"":2603,\""ratio\"":8.17,\""ratio_str\"":\""8.17\""},{\""name\"":\""同城\"",\""value\"":2,\""ratio\"":0.01,\""ratio_str\"":\""0.01\""},{\""name\"":\""商业化\"",\""value\"":16,\""ratio\"":0.05,\""ratio_str\"":\""0.05\""}]""",1767,4069,0.1281,0.0233,0.0388,0.0141,0.1844,0.6482,0.8389,0.4789,0.8479,0.3028,2025-11-03 22:43:15
财经葛先生,7567320111095663406,"黄金跌破900，重点后续怎么走",2025-10-31 17:47:18,2025-10-31 18:29:48,42,2212,1670,743,732,11,708,448,440,8,430,37.00,144797,21165,2733,18432,1499,10,410,2.4700,9.8500,1.0000,980,668,312,27003,26067,936,42,28,14,,,0,0,0.1462,0.0708,0.0463,0.0212,0.1291,0.6816,0.9653,0.6667,0.9821,0.0000,2025-12-30 11:05:06
财经吴大拿,7567308431179238194,"紧急加播！11月份主线提前看",2025-10-31 17:01:57,2025-10-31 17:45:27,43,1442,950,103,92,11,96,86,77,9,80,5.00,125837,14543,825,13718,496,6,66,2.0500,8.6800,1.4000,673,224,449,6533,5066,1467,10,4,6,,,0,0,0.1156,0.0341,0.0463,0.0059,0.0567,0.3328,0.7754,0.4000,0.8953,0.0000,2025-12-30 11:13:13
老桑财知道,7567300472462396169,"黄金上涨重回4000.当下需要操作吗，来我直播间给你讲清楚！",2025-10-31 16:31:09,2025-10-31 17:22:06,50,1611,1296,541,535,6,214,262,257,5,106,27.05,97744,25599,4186,21413,315,3,90,1.7800,6.6200,0.4800,576,496,80,74740,74227,513,30,29,1,"""[{\""name\"":\""直播推荐\"",\""value\"":111394,\""ratio\"":78.26,\""ratio_str\"":\""78.26\""},{\""name\"":\""其他\"",\""value\"":13427,\""ratio\"":9.43,\""ratio_str\"":\""9.43\""},{\""name\"":\""关注\"",\""value\"":7040,\""ratio\"":4.95,\""ratio_str\"":\""4.95\""},{\""name\"":\""搜索\"",\""value\"":4913,\""ratio\"":3.45,\""ratio_str\"":\""3.45\""},{\""name\"":\""视频推荐\"",\""value\"":3212,\""ratio\"":2.26,\""ratio_str\"":\""2.26\""},{\""name\"":\""个人主页\"",\""value\"":2329,\""ratio\"":1.64,\""ratio_str\"":\""1.64\""},{\""name\"":\""商业化\"",\""value\"":22,\""ratio\"":0.009999999999994885,\""ratio_str\"":\""0.01\""},{\""name\"":\""同城\"",\""value\"":3,\""ratio\"":0,\""ratio_str\"":\""0.00\""}]""","""[{\""name\"":\""直播推荐\"",\""value\"":22477,\""ratio\"":88.12,\""ratio_str\"":\""88.12\""},{\""name\"":\""关注\"",\""value\"":1068,\""ratio\"":4.19,\""ratio_str\"":\""4.19\""},{\""name\"":\""其他\"",\""value\"":1020,\""ratio\"":4,\""ratio_str\"":\""4.00\""},{\""name\"":\""搜索\"",\""value\"":617,\""ratio\"":2.42,\""ratio_str\"":\""2.42\""},{\""name\"":\""个人主页\"",\""value\"":274,\""ratio\"":1.07,\""ratio_str\"":\""1.07\""},{\""name\"":\""视频推荐\"",\""value\"":38,\""ratio\"":0.15,\""ratio_str\"":\""0.15\""},{\""name\"":\""商业化\"",\""value\"":12,\""ratio\"":0.04999999999998579,\""ratio_str\"":\""0.05\""}]""",899,3287,0.2619,0.0123,0.0225,0.0102,0.1635,0.8611,0.9931,0.9667,0.9809,0.2148,2025-11-03 22:48:16
戴维李,7567293596431452966,"黄鱼大A跌破4000，未来走势怎么走？",2025-10-31 16:04:26,2025-10-31 16:51:50,47,1597,1162,3891,3858,33,92,241,221,20,53,194.55,111022,18211,4313,13898,154,13,39,2.2200,5.3700,0.6400,628,510,118,91220,85314,5906,14,8,6,"""[{\""name\"":\""直播推荐\"",\""value\"":127953,\""ratio\"":78.91,\""ratio_str\"":\""78.91\""},{\""name\"":\""其他\"",\""value\"":17403,\""ratio\"":10.73,\""ratio_str\"":\""10.73\""},{\""name\"":\""关注\"",\""value\"":9149,\""ratio\"":5.64,\""ratio_str\"":\""5.64\""},{\""name\"":\""搜索\"",\""value\"":3929,\""ratio\"":2.42,\""ratio_str\"":\""2.42\""},{\""name\"":\""个人主页\"",\""value\"":2527,\""ratio\"":1.56,\""ratio_str\"":\""1.56\""},{\""name\"":\""视频推荐\"",\""value\"":1150,\""ratio\"":0.71,\""ratio_str\"":\""0.71\""},{\""name\"":\""商业化\"",\""value\"":34,\""ratio\"":0.030000000000005116,\""ratio_str\"":\""0.03\""},{\""name\"":\""同城\"",\""value\"":6,\""ratio\"":0,\""ratio_str\"":\""0.00\""}]""","""[{\""name\"":\""直播推荐\"",\""value\"":15295,\""ratio\"":83.72,\""ratio_str\"":\""83.72\""},{\""name\"":\""关注\"",\""value\"":1293,\""ratio\"":7.08,\""ratio_str\"":\""7.08\""},{\""name\"":\""其他\"",\""value\"":991,\""ratio\"":5.42,\""ratio_str\"":\""5.42\""},{\""name\"":\""搜索\"",\""value\"":378,\""ratio\"":2.07,\""ratio_str\"":\""2.07\""},{\""name\"":\""个人主页\"",\""value\"":262,\""ratio\"":1.43,\""ratio_str\"":\""1.43\""},{\""name\"":\""视频推荐\"",\""value\"":39,\""ratio\"":0.21,\""ratio_str\"":\""0.21\""},{\""name\"":\""商业化\"",\""value\"":10,\""ratio\"":0.05,\""ratio_str\"":\""0.05\""},{\""name\"":\""同城\"",\""value\"":1,\""ratio\"":0.020000000000005118,\""ratio_str\"":\""0.02\""}]""",1167,3146,0.1640,0.0085,0.0345,0.0132,0.2368,0.8121,0.9353,0.5714,0.9170,0.2706,2025-10-31 22:41:51
戴维李,7567242676708248370,"黄鱼大A跌破4000，未来走势怎么走？",2025-10-31 12:46:52,2025-10-31 13:32:05,45,2355,1879,3135,2467,668,890,516,438,78,195,156.75,132867,26133,5606,20527,347,16,164,2.4100,5.5900,0.8300,796,614,182,103883,99778,4105,35,23,12,"""[{\""name\"":\""视频推荐\"",\""value\"":1185,\""ratio\"":0.6,\""ratio_str\"":\""0.60\""},{\""name\"":\""个人主页\"",\""value\"":3671,\""ratio\"":1.84,\""ratio_str\"":\""1.84\""},{\""name\"":\""关注\"",\""value\"":11458,\""ratio\"":5.76,\""ratio_str\"":\""5.76\""},{\""name\"":\""其他\"",\""value\"":20679,\""ratio\"":10.39,\""ratio_str\"":\""10.39\""},{\""name\"":\""同城\"",\""value\"":11,\""ratio\"":0.01,\""ratio_str\"":\""0.01\""},{\""name\"":\""商业化\"",\""value\"":29,\""ratio\"":0.01,\""ratio_str\"":\""0.01\""},{\""name\"":\""搜索\"",\""value\"":5927,\""ratio\"":2.98,\""ratio_str\"":\""2.98\""},{\""name\"":\""直播推荐\"",\""value\"":156061,\""ratio\"":78.41,\""ratio_str\"":\""78.41\""}]""","""[{\""name\"":\""视频推荐\"",\""value\"":37,\""ratio\"":0.14,\""ratio_str\"":\""0.14\""},{\""name\"":\""个人主页\"",\""value\"":414,\""ratio\"":1.59,\""ratio_str\"":\""1.59\""},{\""name\"":\""关注\"",\""value\"":1518,\""ratio\"":5.81,\""ratio_str\"":\""5.81\""},{\""name\"":\""其他\"",\""value\"":1241,\""ratio\"":4.75,\""ratio_str\"":\""4.75\""},{\""name\"":\""同城\"",\""value\"":2,\""ratio\"":0.01,\""ratio_str\"":\""0.01\""},{\""name\"":\""商业化\"",\""value\"":18,\""ratio\"":0.07,\""ratio_str\"":\""0.07\""},{\""name\"":\""搜索\"",\""value\"":611,\""ratio\"":2.34,\""ratio_str\"":\""2.34\""},{\""name\"":\""直播推荐\"",\""value\"":22273,\""ratio\"":85.29,\""ratio_str\"":\""85.29\""}]""",1426,4180,0.1967,0.0133,0.0305,0.0197,0.2145,0.7714,0.9605,0.6571,0.8488,0.2544,2025-10-31 22:42:33
财经吴大拿,7567231114826566441,"紧急加播！11月份主线提前看",2025-10-31 12:01:59,2025-10-31 12:42:40,40,757,499,61,48,13,56,48,38,10,43,3.00,55616,9983,423,9560,148,4,29,1.2300,6.1500,0.8700,251,82,169,3105,2042,1063,7,2,5,,,0,0,0.1795,0.0148,0.0251,0.0048,0.0424,0.3267,0.6576,0.2857,0.7917,0.0000,2025-12-30 11:14:15
老桑财知道,7567230998044232474,"黄金大A双双跌破4000！现在怎么操作？",2025-10-31 12:01:24,2025-10-31 12:54:02,52,2279,1847,1335,1333,2,334,397,395,2,177,66.75,78207,27143,4769,22374,393,9,145,2.7300,9.5700,0.6800,792,702,90,60358,59561,797,38,35,3,"""[{\""name\"":\""搜索\"",\""value\"":7202,\""ratio\"":5.91,\""ratio_str\"":\""5.91\""},{\""name\"":\""直播推荐\"",\""value\"":86746,\""ratio\"":71.16,\""ratio_str\"":\""71.16\""},{\""name\"":\""视频推荐\"",\""value\"":4207,\""ratio\"":3.45,\""ratio_str\"":\""3.45\""},{\""name\"":\""个人主页\"",\""value\"":2370,\""ratio\"":1.94,\""ratio_str\"":\""1.94\""},{\""name\"":\""关注\"",\""value\"":8715,\""ratio\"":7.15,\""ratio_str\"":\""7.15\""},{\""name\"":\""其他\"",\""value\"":12641,\""ratio\"":10.37,\""ratio_str\"":\""10.37\""},{\""name\"":\""同城\"",\""value\"":6,\""ratio\"":0,\""ratio_str\"":\""0.00\""},{\""name\"":\""商业化\"",\""value\"":22,\""ratio\"":0.02,\""ratio_str\"":\""0.02\""}]""","""[{\""name\"":\""直播推荐\"",\""value\"":23392,\""ratio\"":86.93,\""ratio_str\"":\""86.93\""},{\""name\"":\""关注\"",\""value\"":1312,\""ratio\"":4.88,\""ratio_str\"":\""4.88\""},{\""name\"":\""其他\"",\""value\"":899,\""ratio\"":3.34,\""ratio_str\"":\""3.34\""},{\""name\"":\""搜索\"",\""value\"":850,\""ratio\"":3.16,\""ratio_str\"":\""3.16\""},{\""name\"":\""个人主页\"",\""value\"":395,\""ratio\"":1.47,\""ratio_str\"":\""1.47\""},{\""name\"":\""视频推荐\"",\""value\"":50,\""ratio\"":0.19,\""ratio_str\"":\""0.19\""},{\""name\"":\""商业化\"",\""value\"":11,\""ratio\"":0.029999999999994885,\""ratio_str\"":\""0.03\""}]""",1041,3728,0.3471,0.0145,0.0292,0.0146,0.1757,0.8864,0.9868,0.9211,0.9950,0.2183,2025-11-03 22:48:59
财经葛先生,7567215480340171558,"黄金跌破900，重点后续怎么走",2025-10-31 11:01:10,2025-10-31 11:43:36,42,2220,1422,811,803,8,782,511,505,6,494,40.00,113142,16190,2608,13582,1706,8,476,2.8700,9.1300,1.1700,804,586,218,30424,27795,2629,30,16,14,,,0,0,0.1431,0.1054,0.0497,0.0316,0.1611,0.7289,0.9136,0.5333,0.9883,0.0000,2025-12-30 11:06:03
老桑财知道,7567181971449711410,"黄金大A双双跌破4000！未来走势如何？！",2025-10-31 08:51:20,2025-10-31 09:19:22,28,2802,1860,408,401,7,127,187,181,6,59,20.40,91176,16797,3687,13110,417,4,52,2.3900,5.7600,1.0200,482,374,108,35844,35092,752,40,35,5,"""[{\""name\"":\""直播推荐\"",\""value\"":100989,\""ratio\"":77.99,\""ratio_str\"":\""77.99\""},{\""name\"":\""其他\"",\""value\"":11576,\""ratio\"":8.94,\""ratio_str\"":\""8.94\""},{\""name\"":\""搜索\"",\""value\"":7898,\""ratio\"":6.1,\""ratio_str\"":\""6.10\""},{\""name\"":\""关注\"",\""value\"":5271,\""ratio\"":4.07,\""ratio_str\"":\""4.07\""},{\""name\"":\""视频推荐\"",\""value\"":2248,\""ratio\"":1.74,\""ratio_str\"":\""1.74\""},{\""name\"":\""个人主页\"",\""value\"":1492,\""ratio\"":1.15,\""ratio_str\"":\""1.15\""},{\""name\"":\""商业化\"",\""value\"":13,\""ratio\"":0.01,\""ratio_str\"":\""0.01\""},{\""name\"":\""同城\"",\""value\"":7,\""ratio\"":9.0951551845464e-15,\""ratio_str\"":\""0.00\""}]""","""[{\""name\"":\""直播推荐\"",\""value\"":13706,\""ratio\"":81.91,\""ratio_str\"":\""81.91\""},{\""name\"":\""其他\"",\""value\"":1008,\""ratio\"":6.02,\""ratio_str\"":\""6.02\""},{\""name\"":\""搜索\"",\""value\"":864,\""ratio\"":5.16,\""ratio_str\"":\""5.16\""},{\""name\"":\""关注\"",\""value\"":861,\""ratio\"":5.15,\""ratio_str\"":\""5.15\""},{\""name\"":\""个人主页\"",\""value\"":248,\""ratio\"":1.48,\""ratio_str\"":\""1.48\""},{\""name\"":\""视频推荐\"",\""value\"":35,\""ratio\"":0.21,\""ratio_str\"":\""0.21\""},{\""name\"":\""商业化\"",\""value\"":9,\""ratio\"":0.05,\""ratio_str\"":\""0.05\""},{\""name\"":\""同城\"",\""value\"":1,\""ratio\"":0.020000000000005118,\""ratio_str\"":\""0.02\""}]""",781,2906,0.1842,0.0248,0.0287,0.0111,0.2195,0.7759,0.9790,0.8750,0.9679,0.2118,2025-11-03 22:49:42
财经葛先生,7566944523796974346,"黄金跌破900，重点后续怎么走",2025-10-30 17:29:54,2025-10-30 18:17:08,47,1396,981,575,570,5,467,283,278,5,277,28.00,89251,14848,1657,13191,840,5,268,2.3000,8.6500,1.1500,599,355,244,14035,12290,1745,21,13,8,,,0,0,0.1664,0.0566,0.0403,0.0191,0.1116,0.5927,0.8757,0.6190,0.9823,0.0000,2025-12-30 11:07:13
财经吴大拿,7566935888850766611,"兄弟请进",2025-10-30 16:56:25,2025-10-30 17:41:51,45,1135,824,96,80,16,59,44,33,11,37,4.00,117381,15678,696,14982,386,3,21,1.5700,8.7500,1.0800,540,151,389,4011,3185,826,17,12,5,,,0,0,0.1336,0.0246,0.0344,0.0028,0.0444,0.2796,0.7941,0.7059,0.7500,0.0000,2025-12-30 11:14:54
老桑财知道,7566930224760359730,"黄金大A双双跌破4000！未来走势如何？！",2025-10-30 16:34:32,2025-10-30 17:13:57,39,3261,1868,407,400,7,81,153,148,5,61,20.35,127179,33540,4043,29497,368,6,51,1.4000,6.2300,0.4400,663,561,102,47313,46139,1174,38,34,4,"""[{\""name\"":\""直播推荐\"",\""value\"":143815,\""ratio\"":83.3,\""ratio_str\"":\""83.30\""},{\""name\"":\""其他\"",\""value\"":10583,\""ratio\"":6.13,\""ratio_str\"":\""6.13\""},{\""name\"":\""搜索\"",\""value\"":8224,\""ratio\"":4.76,\""ratio_str\"":\""4.76\""},{\""name\"":\""关注\"",\""value\"":6073,\""ratio\"":3.52,\""ratio_str\"":\""3.52\""},{\""name\"":\""视频推荐\"",\""value\"":2285,\""ratio\"":1.32,\""ratio_str\"":\""1.32\""},{\""name\"":\""个人主页\"",\""value\"":1649,\""ratio\"":0.96,\""ratio_str\"":\""0.96\""},{\""name\"":\""商业化\"",\""value\"":20,\""ratio\"":0.010000000000028422,\""ratio_str\"":\""0.01\""},{\""name\"":\""同城\"",\""value\"":1,\""ratio\"":0,\""ratio_str\"":\""0.00\""}]""","""[{\""name\"":\""搜索\"",\""value\"":1073,\""ratio\"":3.23,\""ratio_str\"":\""3.23\""},{\""name\"":\""直播推荐\"",\""value\"":29923,\""ratio\"":90.13,\""ratio_str\"":\""90.13\""},{\""name\"":\""视频推荐\"",\""value\"":46,\""ratio\"":0.14,\""ratio_str\"":\""0.14\""},{\""name\"":\""个人主页\"",\""value\"":305,\""ratio\"":0.92,\""ratio_str\"":\""0.92\""},{\""name\"":\""关注\"",\""value\"":951,\""ratio\"":2.86,\""ratio_str\"":\""2.86\""},{\""name\"":\""其他\"",\""value\"":885,\""ratio\"":2.67,\""ratio_str\"":\""2.67\""},{\""name\"":\""商业化\"",\""value\"":15,\""ratio\"":0.05,\""ratio_str\"":\""0.05\""}]""",801,3242,0.2637,0.0110,0.0198,0.0046,0.1205,0.8462,0.9752,0.8947,0.9673,0.1981,2025-11-03 22:50:24
戴维李,7566918222578977587,"黄金跌破4000！是机会？还是风险？",2025-10-30 15:47:44,2025-10-30 16:26:27,38,2732,2016,418,361,57,164,213,179,34,94,20.90,175080,35236,5036,30200,262,15,79,1.4500,4.9000,0.5500,795,567,228,47180,39492,7688,33,19,14,"""[{\""name\"":\""个人主页\"",\""value\"":3069,\""ratio\"":1.27,\""ratio_str\"":\""1.27\""},{\""name\"":\""关注\"",\""value\"":9988,\""ratio\"":4.14,\""ratio_str\"":\""4.14\""},{\""name\"":\""其他\"",\""value\"":18716,\""ratio\"":7.76,\""ratio_str\"":\""7.76\""},{\""name\"":\""同城\"",\""value\"":4,\""ratio\"":0,\""ratio_str\"":\""0.00\""},{\""name\"":\""商业化\"",\""value\"":17,\""ratio\"":0.01,\""ratio_str\"":\""0.01\""},{\""name\"":\""搜索\"",\""value\"":5585,\""ratio\"":2.31,\""ratio_str\"":\""2.31\""},{\""name\"":\""直播推荐\"",\""value\"":202434,\""ratio\"":83.9,\""ratio_str\"":\""83.90\""},{\""name\"":\""视频推荐\"",\""value\"":1477,\""ratio\"":0.61,\""ratio_str\"":\""0.61\""}]""","""[{\""name\"":\""直播推荐\"",\""value\"":31172,\""ratio\"":88.44,\""ratio_str\"":\""88.44\""},{\""name\"":\""其他\"",\""value\"":1693,\""ratio\"":4.8,\""ratio_str\"":\""4.80\""},{\""name\"":\""关注\"",\""value\"":1389,\""ratio\"":3.94,\""ratio_str\"":\""3.94\""},{\""name\"":\""搜索\"",\""value\"":598,\""ratio\"":1.7,\""ratio_str\"":\""1.70\""},{\""name\"":\""个人主页\"",\""value\"":331,\""ratio\"":0.94,\""ratio_str\"":\""0.94\""},{\""name\"":\""视频推荐\"",\""value\"":54,\""ratio\"":0.15,\""ratio_str\"":\""0.15\""},{\""name\"":\""商业化\"",\""value\"":8,\""ratio\"":0.029999999999990905,\""ratio_str\"":\""0.03\""}]""",1273,3763,0.2013,0.0074,0.0226,0.0060,0.1429,0.7132,0.8370,0.5758,0.8404,0.2528,2025-10-30 22:41:57
老桑财知道,7566859256037657390,"黄金再次跌破4000！未来走势如何？！",2025-10-30 11:58:58,2025-10-30 12:58:40,59,3696,2349,1253,1237,16,273,380,371,9,162,62.65,157144,42740,6310,36430,716,11,137,2.4500,8.7000,0.8500,1060,796,264,55267,52840,2427,42,37,5,"""[{\""name\"":\""其他\"",\""value\"":18776,\""ratio\"":7.99,\""ratio_str\"":\""7.99\""},{\""name\"":\""同城\"",\""value\"":5,\""ratio\"":0,\""ratio_str\"":\""0.00\""},{\""name\"":\""商业化\"",\""value\"":26,\""ratio\"":0.01,\""ratio_str\"":\""0.01\""},{\""name\"":\""搜索\"",\""value\"":16255,\""ratio\"":6.92,\""ratio_str\"":\""6.92\""},{\""name\"":\""直播推荐\"",\""value\"":176100,\""ratio\"":74.95,\""ratio_str\"":\""74.95\""},{\""name\"":\""视频推荐\"",\""value\"":10355,\""ratio\"":4.41,\""ratio_str\"":\""4.41\""},{\""name\"":\""个人主页\"",\""value\"":3084,\""ratio\"":1.31,\""ratio_str\"":\""1.31\""},{\""name\"":\""关注\"",\""value\"":10361,\""ratio\"":4.41,\""ratio_str\"":\""4.41\""}]""","""[{\""name\"":\""直播推荐\"",\""value\"":36817,\""ratio\"":86.55,\""ratio_str\"":\""86.55\""},{\""name\"":\""搜索\"",\""value\"":2168,\""ratio\"":5.1,\""ratio_str\"":\""5.10\""},{\""name\"":\""关注\"",\""value\"":1572,\""ratio\"":3.7,\""ratio_str\"":\""3.70\""},{\""name\"":\""其他\"",\""value\"":1400,\""ratio\"":3.29,\""ratio_str\"":\""3.29\""},{\""name\"":\""个人主页\"",\""value\"":494,\""ratio\"":1.16,\""ratio_str\"":\""1.16\""},{\""name\"":\""视频推荐\"",\""value\"":75,\""ratio\"":0.18,\""ratio_str\"":\""0.18\""},{\""name\"":\""商业化\"",\""value\"":14,\""ratio\"":0.019999999999994883,\""ratio_str\"":\""0.02\""}]""",1150,5160,0.2720,0.0168,0.0248,0.0089,0.1476,0.7509,0.9561,0.8810,0.9763,0.1823,2025-11-03 22:52:30
戴维李,7566852999507757834,"黄金跌破4000！是机会？还是风险？",2025-10-30 11:34:55,2025-10-30 12:23:57,49,5072,3391,4155,4023,132,281,437,370,67,138,207.75,210636,46561,7176,39385,808,18,105,2.7700,7.5300,1.3700,1622,957,665,104306,90202,14104,80,39,41,"""[{\""name\"":\""视频推荐\"",\""value\"":1776,\""ratio\"":0.57,\""ratio_str\"":\""0.57\""},{\""name\"":\""个人主页\"",\""value\"":4387,\""ratio\"":1.4,\""ratio_str\"":\""1.40\""},{\""name\"":\""关注\"",\""value\"":12771,\""ratio\"":4.06,\""ratio_str\"":\""4.06\""},{\""name\"":\""其他\"",\""value\"":21563,\""ratio\"":6.86,\""ratio_str\"":\""6.86\""},{\""name\"":\""同城\"",\""value\"":2,\""ratio\"":0,\""ratio_str\"":\""0.00\""},{\""name\"":\""商业化\"",\""value\"":39,\""ratio\"":0.01,\""ratio_str\"":\""0.01\""},{\""name\"":\""搜索\"",\""value\"":11763,\""ratio\"":3.74,\""ratio_str\"":\""3.74\""},{\""name\"":\""直播推荐\"",\""value\"":261919,\""ratio\"":83.36,\""ratio_str\"":\""83.36\""}]""","""[{\""name\"":\""直播推荐\"",\""value\"":40796,\""ratio\"":87.67,\""ratio_str\"":\""87.67\""},{\""name\"":\""其他\"",\""value\"":1982,\""ratio\"":4.26,\""ratio_str\"":\""4.26\""},{\""name\"":\""关注\"",\""value\"":1777,\""ratio\"":3.82,\""ratio_str\"":\""3.82\""},{\""name\"":\""搜索\"",\""value\"":1486,\""ratio\"":3.19,\""ratio_str\"":\""3.19\""},{\""name\"":\""个人主页\"",\""value\"":421,\""ratio\"":0.9,\""ratio_str\"":\""0.90\""},{\""name\"":\""视频推荐\"",\""value\"":56,\""ratio\"":0.12,\""ratio_str\"":\""0.12\""},{\""name\"":\""商业化\"",\""value\"":13,\""ratio\"":0.039999999999990904,\""ratio_str\"":\""0.04\""}]""",1648,5528,0.2210,0.0174,0.0348,0.0094,0.1541,0.5900,0.8648,0.4875,0.8467,0.2297,2025-10-30 22:42:41
财经葛先生,7566845547728554803,"黄金跌破900，重点后续怎么走",2025-10-30 11:05:49,2025-10-30 11:50:23,44,1315,822,454,449,5,453,254,250,4,253,22.00,76182,13027,1466,11561,871,9,243,2.0500,8.3000,1.0300,441,287,154,4631,4249,382,17,13,4,,,0,0,0.1710,0.0669,0.0339,0.0195,0.1125,0.6508,0.9175,0.7647,0.9843,0.0000,2025-12-30 11:08:49
老桑财知道,7566813959068584750,"黄金大A再回4000！未来走势如何？！",2025-10-30 09:03:09,2025-10-30 09:33:42,30,3729,2735,273,263,10,102,175,167,8,72,13.65,143460,26847,4450,22397,698,6,61,2.3500,6.5000,1.0600,552,419,133,35384,33813,1571,33,26,7,"""[{\""name\"":\""直播推荐\"",\""value\"":164499,\""ratio\"":81.16,\""ratio_str\"":\""81.16\""},{\""name\"":\""搜索\"",\""value\"":14011,\""ratio\"":6.91,\""ratio_str\"":\""6.91\""},{\""name\"":\""其他\"",\""value\"":11876,\""ratio\"":5.86,\""ratio_str\"":\""5.86\""},{\""name\"":\""关注\"",\""value\"":6299,\""ratio\"":3.11,\""ratio_str\"":\""3.11\""},{\""name\"":\""视频推荐\"",\""value\"":3817,\""ratio\"":1.88,\""ratio_str\"":\""1.88\""},{\""name\"":\""个人主页\"",\""value\"":2156,\""ratio\"":1.06,\""ratio_str\"":\""1.06\""},{\""name\"":\""商业化\"",\""value\"":23,\""ratio\"":0.020000000000005118,\""ratio_str\"":\""0.02\""},{\""name\"":\""同城\"",\""value\"":2,\""ratio\"":0,\""ratio_str\"":\""0.00\""}]""","""[{\""name\"":\""直播推荐\"",\""value\"":22684,\""ratio\"":84.97,\""ratio_str\"":\""84.97\""},{\""name\"":\""搜索\"",\""value\"":1677,\""ratio\"":6.28,\""ratio_str\"":\""6.28\""},{\""name\"":\""关注\"",\""value\"":978,\""ratio\"":3.66,\""ratio_str\"":\""3.66\""},{\""name\"":\""其他\"",\""value\"":960,\""ratio\"":3.6,\""ratio_str\"":\""3.60\""},{\""name\"":\""个人主页\"",\""value\"":337,\""ratio\"":1.26,\""ratio_str\"":\""1.26\""},{\""name\"":\""视频推荐\"",\""value\"":53,\""ratio\"":0.2,\""ratio_str\"":\""0.20\""},{\""name\"":\""商业化\"",\""value\"":6,\""ratio\"":0.029999999999990905,\""ratio_str\"":\""0.03\""},{\""name\"":\""同城\"",\""value\"":1,\""ratio\"":0,\""ratio_str\"":\""0.00\""}]""",785,3665,0.1871,0.0260,0.0206,0.0065,0.1658,0.7591,0.9556,0.7879,0.9543,0.1764,2025-11-03 22:53:12
财经葛先生,7566572842110290698,"黄金跌破900，重点后续怎么走",2025-10-29 17:27:32,2025-10-29 18:12:22,44,1700,1028,130,120,10,124,55,50,5,53,6.00,110670,19784,1213,18571,732,3,45,1.5200,7.9200,0.9000,479,229,250,7477,6893,584,21,11,10,,,0,0,0.1788,0.0370,0.0242,0.0028,0.0613,0.4781,0.9219,0.5238,0.9091,0.0000,2025-12-30 11:10:12
老桑财知道,7566558352893840154,"黄金大A再回4000！未来走势如何？！",2025-10-29 16:31:15,2025-10-29 17:17:02,45,3059,2005,3157,3146,11,242,292,285,7,146,157.85,156648,38396,4564,33832,492,11,119,1.5800,7.2800,0.4700,913,723,190,73731,71914,1817,39,35,4,"""[{\""name\"":\""直播推荐\"",\""value\"":179117,\""ratio\"":83.48,\""ratio_str\"":\""83.48\""},{\""name\"":\""其他\"",\""value\"":11501,\""ratio\"":5.36,\""ratio_str\"":\""5.36\""},{\""name\"":\""搜索\"",\""value\"":9074,\""ratio\"":4.23,\""ratio_str\"":\""4.23\""},{\""name\"":\""关注\"",\""value\"":6875,\""ratio\"":3.2,\""ratio_str\"":\""3.20\""},{\""name\"":\""视频推荐\"",\""value\"":5753,\""ratio\"":2.68,\""ratio_str\"":\""2.68\""},{\""name\"":\""个人主页\"",\""value\"":2204,\""ratio\"":1.03,\""ratio_str\"":\""1.03\""},{\""name\"":\""商业化\"",\""value\"":22,\""ratio\"":0.01,\""ratio_str\"":\""0.01\""},{\""name\"":\""同城\"",\""value\"":13,\""ratio\"":0.00999999999998579,\""ratio_str\"":\""0.01\""}]""","""[{\""name\"":\""其他\"",\""value\"":920,\""ratio\"":2.44,\""ratio_str\"":\""2.44\""},{\""name\"":\""同城\"",\""value\"":4,\""ratio\"":0.01,\""ratio_str\"":\""0.01\""},{\""name\"":\""商业化\"",\""value\"":12,\""ratio\"":0.03,\""ratio_str\"":\""0.03\""},{\""name\"":\""搜索\"",\""value\"":1218,\""ratio\"":3.22,\""ratio_str\"":\""3.22\""},{\""name\"":\""直播推荐\"",\""value\"":34126,\""ratio\"":90.36,\""ratio_str\"":\""90.36\""},{\""name\"":\""视频推荐\"",\""value\"":99,\""ratio\"":0.26,\""ratio_str\"":\""0.26\""},{\""name\"":\""个人主页\"",\""value\"":331,\""ratio\"":0.88,\""ratio_str\"":\""0.88\""},{\""name\"":\""关注\"",\""value\"":1058,\""ratio\"":2.8,\""ratio_str\"":\""2.80\""}]""",893,3671,0.2451,0.0128,0.0238,0.0076,0.1189,0.7919,0.9754,0.8974,0.9760,0.1957,2025-11-03 22:53:55
戴维李,7566543112336640818,"黄金跌破4000！是机会？还是风险？",2025-10-29 15:32:04,2025-10-29 16:19:43,47,2312,1823,1002,957,45,120,273,244,29,76,50.10,136735,30233,5342,24891,277,16,57,2.0900,5.9900,0.7200,984,729,255,48159,44848,3311,31,19,12,"""[{\""name\"":\""直播推荐\"",\""value\"":159196,\""ratio\"":78.92,\""ratio_str\"":\""78.92\""},{\""name\"":\""其他\"",\""value\"":19043,\""ratio\"":9.44,\""ratio_str\"":\""9.44\""},{\""name\"":\""关注\"",\""value\"":10383,\""ratio\"":5.15,\""ratio_str\"":\""5.15\""},{\""name\"":\""搜索\"",\""value\"":5765,\""ratio\"":2.86,\""ratio_str\"":\""2.86\""},{\""name\"":\""视频推荐\"",\""value\"":4271,\""ratio\"":2.12,\""ratio_str\"":\""2.12\""},{\""name\"":\""个人主页\"",\""value\"":3055,\""ratio\"":1.4999999999999807,\""ratio_str\"":\""1.50\""},{\""name\"":\""商业化\"",\""value\"":15,\""ratio\"":0.01,\""ratio_str\"":\""0.01\""},{\""name\"":\""同城\"",\""value\"":1,\""ratio\"":0,\""ratio_str\"":\""0.00\""}]""","""[{\""name\"":\""商业化\"",\""value\"":6,\""ratio\"":0.02,\""ratio_str\"":\""0.02\""},{\""name\"":\""搜索\"",\""value\"":654,\""ratio\"":2.17,\""ratio_str\"":\""2.17\""},{\""name\"":\""直播推荐\"",\""value\"":26264,\""ratio\"":87.08,\""ratio_str\"":\""87.08\""},{\""name\"":\""视频推荐\"",\""value\"":73,\""ratio\"":0.24,\""ratio_str\"":\""0.24\""},{\""name\"":\""个人主页\"",\""value\"":337,\""ratio\"":1.12,\""ratio_str\"":\""1.12\""},{\""name\"":\""关注\"",\""value\"":1451,\""ratio\"":4.81,\""ratio_str\"":\""4.81\""},{\""name\"":\""其他\"",\""value\"":1375,\""ratio\"":4.56,\""ratio_str\"":\""4.56\""}]""",1338,4004,0.2211,0.0092,0.0325,0.0090,0.1767,0.7409,0.9312,0.6129,0.8938,0.2505,2025-10-29 22:42:01
财经葛先生,7566508125004516123,"黄金跌破900，重点后续怎么走",2025-10-29 13:16:20,2025-10-29 14:05:18,48,1091,687,52,49,3,41,31,28,3,30,2.00,63308,12567,867,11700,481,2,24,1.8700,9.0300,1.1300,300,146,154,4465,4182,283,7,3,4,,,0,0,0.1985,0.0383,0.0239,0.0025,0.0690,0.4867,0.9366,0.4286,0.9032,0.0000,2025-12-30 11:11:36
老桑财知道,7566487720127400755,"黄金再次暴跌！大A失守4000点，未来走势如何？！",2025-10-29 11:57:29,2025-10-29 12:44:15,46,4386,2713,1674,1649,25,306,334,322,12,175,83.70,173740,71565,5168,66397,746,10,158,0.9800,7.0900,0.3700,949,782,167,57929,54976,2953,28,12,16,"""[{\""name\"":\""个人主页\"",\""value\"":2611,\""ratio\"":1.11,\""ratio_str\"":\""1.11\""},{\""name\"":\""关注\"",\""value\"":7726,\""ratio\"":3.27,\""ratio_str\"":\""3.27\""},{\""name\"":\""其他\"",\""value\"":13469,\""ratio\"":5.7,\""ratio_str\"":\""5.70\""},{\""name\"":\""同城\"",\""value\"":17,\""ratio\"":0.01,\""ratio_str\"":\""0.01\""},{\""name\"":\""商业化\"",\""value\"":23,\""ratio\"":0.01,\""ratio_str\"":\""0.01\""},{\""name\"":\""搜索\"",\""value\"":10387,\""ratio\"":4.4,\""ratio_str\"":\""4.40\""},{\""name\"":\""直播推荐\"",\""value\"":196153,\""ratio\"":83.07,\""ratio_str\"":\""83.07\""},{\""name\"":\""视频推荐\"",\""value\"":5739,\""ratio\"":2.43,\""ratio_str\"":\""2.43\""}]""","""[{\""name\"":\""直播推荐\"",\""value\"":66002,\""ratio\"":94.14,\""ratio_str\"":\""94.14\""},{\""name\"":\""搜索\"",\""value\"":1414,\""ratio\"":2.02,\""ratio_str\"":\""2.02\""},{\""name\"":\""关注\"",\""value\"":1178,\""ratio\"":1.68,\""ratio_str\"":\""1.68\""},{\""name\"":\""其他\"",\""value\"":1022,\""ratio\"":1.46,\""ratio_str\"":\""1.46\""},{\""name\"":\""个人主页\"",\""value\"":356,\""ratio\"":0.51,\""ratio_str\"":\""0.51\""},{\""name\"":\""视频推荐\"",\""value\"":122,\""ratio\"":0.17,\""ratio_str\"":\""0.17\""},{\""name\"":\""商业化\"",\""value\"":16,\""ratio\"":0.009999999999994885,\""ratio_str\"":\""0.01\""},{\""name\"":\""同城\"",\""value\"":4,\""ratio\"":0.01,\""ratio_str\"":\""0.01\""}]""",994,4174,0.4119,0.0104,0.0133,0.0047,0.0722,0.8240,0.9490,0.4286,0.9641,0.1923,2025-11-03 22:54:38
戴维李,7566486925335448346,"黄金跌破4000！是机会？还是风险？",2025-10-29 11:54:24,2025-10-29 12:35:02,40,3615,2938,996,896,100,186,340,281,59,116,49.80,194642,45132,5940,39192,626,13,94,1.8700,6.5200,0.8500,1142,758,384,68108,59518,8590,58,33,25,"""[{\""name\"":\""直播推荐\"",\""value\"":230772,\""ratio\"":83.97,\""ratio_str\"":\""83.97\""},{\""name\"":\""其他\"",\""value\"":19111,\""ratio\"":6.95,\""ratio_str\"":\""6.95\""},{\""name\"":\""关注\"",\""value\"":9992,\""ratio\"":3.64,\""ratio_str\"":\""3.64\""},{\""name\"":\""搜索\"",\""value\"":8079,\""ratio\"":2.94,\""ratio_str\"":\""2.94\""},{\""name\"":\""个人主页\"",\""value\"":3457,\""ratio\"":1.26,\""ratio_str\"":\""1.26\""},{\""name\"":\""视频推荐\"",\""value\"":3396,\""ratio\"":1.2299999999999949,\""ratio_str\"":\""1.23\""},{\""name\"":\""商业化\"",\""value\"":20,\""ratio\"":0.01,\""ratio_str\"":\""0.01\""},{\""name\"":\""同城\"",\""value\"":12,\""ratio\"":0,\""ratio_str\"":\""0.00\""}]""","""[{\""name\"":\""直播推荐\"",\""value\"":40551,\""ratio\"":90.37,\""ratio_str\"":\""90.37\""},{\""name\"":\""其他\"",\""value\"":1609,\""ratio\"":3.59,\""ratio_str\"":\""3.59\""},{\""name\"":\""关注\"",\""value\"":1396,\""ratio\"":3.11,\""ratio_str\"":\""3.11\""},{\""name\"":\""搜索\"",\""value\"":892,\""ratio\"":1.99,\""ratio_str\"":\""1.99\""},{\""name\"":\""个人主页\"",\""value\"":331,\""ratio\"":0.74,\""ratio_str\"":\""0.74\""},{\""name\"":\""视频推荐\"",\""value\"":83,\""ratio\"":0.18,\""ratio_str\"":\""0.18\""},{\""name\"":\""商业化\"",\""value\"":8,\""ratio\"":0.01999999999998579,\""ratio_str\"":\""0.02\""}]""",1446,4494,0.2319,0.0139,0.0253,0.0075,0.1316,0.6637,0.8739,0.5690,0.8265,0.2434,2025-10-29 22:42:45
老桑财知道,7566442084429728539,"黄金再次暴跌！大A失守4000点，未来走势如何？！",2025-10-29 08:59:55,2025-10-29 09:29:44,29,3802,2655,868,854,14,206,251,242,9,123,43.40,189051,33160,4345,28815,898,6,105,1.6300,5.5400,0.7300,629,446,183,52174,47912,4262,33,22,11,"""[{\""name\"":\""直播推荐\"",\""value\"":213161,\""ratio\"":81.71,\""ratio_str\"":\""81.71\""},{\""name\"":\""搜索\"",\""value\"":16436,\""ratio\"":6.3,\""ratio_str\"":\""6.30\""},{\""name\"":\""其他\"",\""value\"":13331,\""ratio\"":5.11,\""ratio_str\"":\""5.11\""},{\""name\"":\""视频推荐\"",\""value\"":9629,\""ratio\"":3.69,\""ratio_str\"":\""3.69\""},{\""name\"":\""关注\"",\""value\"":5878,\""ratio\"":2.25,\""ratio_str\"":\""2.25\""},{\""name\"":\""个人主页\"",\""value\"":2415,\""ratio\"":0.9400000000000052,\""ratio_str\"":\""0.94\""},{\""name\"":\""商业化\"",\""value\"":13,\""ratio\"":0,\""ratio_str\"":\""0.00\""},{\""name\"":\""同城\"",\""value\"":9,\""ratio\"":0,\""ratio_str\"":\""0.00\""}]""","""[{\""name\"":\""搜索\"",\""value\"":1814,\""ratio\"":5.61,\""ratio_str\"":\""5.61\""},{\""name\"":\""直播推荐\"",\""value\"":27934,\""ratio\"":86.44,\""ratio_str\"":\""86.44\""},{\""name\"":\""视频推荐\"",\""value\"":178,\""ratio\"":0.55,\""ratio_str\"":\""0.55\""},{\""name\"":\""个人主页\"",\""value\"":286,\""ratio\"":0.89,\""ratio_str\"":\""0.89\""},{\""name\"":\""关注\"",\""value\"":917,\""ratio\"":2.84,\""ratio_str\"":\""2.84\""},{\""name\"":\""其他\"",\""value\"":1174,\""ratio\"":3.63,\""ratio_str\"":\""3.63\""},{\""name\"":\""同城\"",\""value\"":3,\""ratio\"":0.01,\""ratio_str\"":\""0.01\""},{\""name\"":\""商业化\"",\""value\"":9,\""ratio\"":0.03,\""ratio_str\"":\""0.03\""}]""",781,3564,0.1754,0.0271,0.0190,0.0076,0.1310,0.7091,0.9183,0.6667,0.9641,0.1797,2025-11-03 22:55:20
老桑财知道,7566239779008875315,"黄金再次暴跌！大A失守4000点，未来走势如何？！",2025-10-28 19:55:03,2025-10-28 20:41:55,46,5768,4025,1212,1170,42,572,393,375,18,258,60.60,325222,97744,5919,91825,1762,18,216,1.1200,8.6200,0.5000,908,617,291,56553,53256,3297,133,86,47,"""[{\""name\"":\""直播推荐\"",\""value\"":353369,\""ratio\"":80.34,\""ratio_str\"":\""80.34\""},{\""name\"":\""搜索\"",\""value\"":36727,\""ratio\"":8.35,\""ratio_str\"":\""8.35\""},{\""name\"":\""视频推荐\"",\""value\"":21020,\""ratio\"":4.78,\""ratio_str\"":\""4.78\""},{\""name\"":\""其他\"",\""value\"":16018,\""ratio\"":3.64,\""ratio_str\"":\""3.64\""},{\""name\"":\""关注\"",\""value\"":8394,\""ratio\"":1.91,\""ratio_str\"":\""1.91\""},{\""name\"":\""个人主页\"",\""value\"":4227,\""ratio\"":0.96,\""ratio_str\"":\""0.96\""},{\""name\"":\""商业化\"",\""value\"":43,\""ratio\"":0.020000000000005118,\""ratio_str\"":\""0.02\""},{\""name\"":\""同城\"",\""value\"":21,\""ratio\"":0,\""ratio_str\"":\""0.00\""}]""","""[{\""name\"":\""视频推荐\"",\""value\"":388,\""ratio\"":0.4,\""ratio_str\"":\""0.40\""},{\""name\"":\""个人主页\"",\""value\"":384,\""ratio\"":0.4,\""ratio_str\"":\""0.40\""},{\""name\"":\""关注\"",\""value\"":1230,\""ratio\"":1.28,\""ratio_str\"":\""1.28\""},{\""name\"":\""其他\"",\""value\"":1464,\""ratio\"":1.52,\""ratio_str\"":\""1.52\""},{\""name\"":\""同城\"",\""value\"":18,\""ratio\"":0.02,\""ratio_str\"":\""0.02\""},{\""name\"":\""商业化\"",\""value\"":25,\""ratio\"":0.03,\""ratio_str\"":\""0.03\""},{\""name\"":\""搜索\"",\""value\"":2634,\""ratio\"":2.73,\""ratio_str\"":\""2.73\""},{\""name\"":\""直播推荐\"",\""value\"":90211,\""ratio\"":93.62,\""ratio_str\"":\""93.62\""}]""",860,5059,0.3005,0.0180,0.0093,0.0040,0.0606,0.6795,0.9417,0.6466,0.9542,0.1453,2025-11-03 22:56:03
戴维李,7566230093761219355,"黄金跌破4000！是机会？还是风险？",2025-10-28 19:17:29,2025-10-28 19:51:46,34,8415,5833,1046,908,138,780,256,177,79,132,52.30,457871,101977,5246,96731,1652,16,87,1.1800,4.9100,0.7900,1932,579,1353,50940,33866,17074,172,49,123,"""[{\""name\"":\""商业化\"",\""value\"":24,\""ratio\"":0,\""ratio_str\"":\""0.00\""},{\""name\"":\""搜索\"",\""value\"":19040,\""ratio\"":3.1,\""ratio_str\"":\""3.10\""},{\""name\"":\""直播推荐\"",\""value\"":548465,\""ratio\"":89.18,\""ratio_str\"":\""89.18\""},{\""name\"":\""视频推荐\"",\""value\"":12320,\""ratio\"":2,\""ratio_str\"":\""2.00\""},{\""name\"":\""个人主页\"",\""value\"":6178,\""ratio\"":1,\""ratio_str\"":\""1.00\""},{\""name\"":\""关注\"",\""value\"":10282,\""ratio\"":1.67,\""ratio_str\"":\""1.67\""},{\""name\"":\""其他\"",\""value\"":18728,\""ratio\"":3.05,\""ratio_str\"":\""3.05\""}]""","""[{\""name\"":\""个人主页\"",\""value\"":349,\""ratio\"":0.35,\""ratio_str\"":\""0.35\""},{\""name\"":\""关注\"",\""value\"":1429,\""ratio\"":1.42,\""ratio_str\"":\""1.42\""},{\""name\"":\""其他\"",\""value\"":1447,\""ratio\"":1.44,\""ratio_str\"":\""1.44\""},{\""name\"":\""商业化\"",\""value\"":9,\""ratio\"":0.01,\""ratio_str\"":\""0.01\""},{\""name\"":\""搜索\"",\""value\"":2005,\""ratio\"":2,\""ratio_str\"":\""2.00\""},{\""name\"":\""直播推荐\"",\""value\"":94790,\""ratio\"":94.47,\""ratio_str\"":\""94.47\""},{\""name\"":\""视频推荐\"",\""value\"":312,\""ratio\"":0.31,\""ratio_str\"":\""0.31\""}]""",1059,4187,0.2227,0.0162,0.0189,0.0025,0.0514,0.2997,0.6648,0.2849,0.6914,0.2019,2025-10-28 22:42:02
财经葛先生,7566190820509190938,"黄金跌破900，重点后续怎么走",2025-10-28 16:45:07,2025-10-28 17:34:44,49,1235,775,59,54,5,52,44,40,4,41,2.00,91049,14537,1201,13336,920,3,32,1.8500,7.7500,1.0700,560,236,324,5661,4074,1587,33,22,11,,,0,0,0.1597,0.0633,0.0385,0.0030,0.0826,0.4214,0.7197,0.6667,0.9091,0.0000,2025-12-30 11:14:00
老桑财知道,7566183693157436210,"黄金再次暴跌！大A失守4000点，未来走势如何？！",2025-10-28 16:17:25,2025-10-28 17:20:37,63,5721,4295,3702,3659,43,1735,1009,980,29,758,185.10,389073,79057,8038,71019,3115,19,689,2.5900,12.4100,0.9900,2454,1639,815,68638,66121,2517,154,104,50,"""[{\""name\"":\""直播推荐\"",\""value\"":421865,\""ratio\"":73.62,\""ratio_str\"":\""73.62\""},{\""name\"":\""搜索\"",\""value\"":96259,\""ratio\"":16.8,\""ratio_str\"":\""16.80\""},{\""name\"":\""其他\"",\""value\"":23289,\""ratio\"":4.06,\""ratio_str\"":\""4.06\""},{\""name\"":\""视频推荐\"",\""value\"":16862,\""ratio\"":2.94,\""ratio_str\"":\""2.94\""},{\""name\"":\""关注\"",\""value\"":9048,\""ratio\"":1.58,\""ratio_str\"":\""1.58\""},{\""name\"":\""个人主页\"",\""value\"":5639,\""ratio\"":0.98,\""ratio_str\"":\""0.98\""},{\""name\"":\""商业化\"",\""value\"":80,\""ratio\"":0.019999999999990907,\""ratio_str\"":\""0.02\""},{\""name\"":\""同城\"",\""value\"":10,\""ratio\"":0,\""ratio_str\"":\""0.00\""}]""","""[{\""name\"":\""直播推荐\"",\""value\"":65879,\""ratio\"":84.54,\""ratio_str\"":\""84.54\""},{\""name\"":\""视频推荐\"",\""value\"":401,\""ratio\"":0.51,\""ratio_str\"":\""0.51\""},{\""name\"":\""个人主页\"",\""value\"":485,\""ratio\"":0.62,\""ratio_str\"":\""0.62\""},{\""name\"":\""关注\"",\""value\"":1383,\""ratio\"":1.77,\""ratio_str\"":\""1.77\""},{\""name\"":\""其他\"",\""value\"":1746,\""ratio\"":2.24,\""ratio_str\"":\""2.24\""},{\""name\"":\""同城\"",\""value\"":4,\""ratio\"":0.01,\""ratio_str\"":\""0.01\""},{\""name\"":\""商业化\"",\""value\"":15,\""ratio\"":0.02,\""ratio_str\"":\""0.02\""},{\""name\"":\""搜索\"",\""value\"":8017,\""ratio\"":10.29,\""ratio_str\"":\""10.29\""}]""",1289,6749,0.2032,0.0394,0.0310,0.0128,0.1017,0.6679,0.9633,0.6753,0.9713,0.1604,2025-11-03 22:56:46
戴维李,7566168776358546222,"黄金跌破4000！是机会？还是风险？",2025-10-28 15:19:33,2025-10-28 16:07:58,48,11440,6720,2649,1004,1645,1754,523,280,243,309,132.45,627976,136622,6404,130218,2867,24,251,1.5800,6.8000,1.0400,2738,835,1903,70913,50745,20168,274,72,202,"""[{\""name\"":\""直播推荐\"",\""value\"":743248,\""ratio\"":84.22,\""ratio_str\"":\""84.22\""},{\""name\"":\""搜索\"",\""value\"":63948,\""ratio\"":7.25,\""ratio_str\"":\""7.25\""},{\""name\"":\""其他\"",\""value\"":27381,\""ratio\"":3.1,\""ratio_str\"":\""3.10\""},{\""name\"":\""视频推荐\"",\""value\"":25835,\""ratio\"":2.93,\""ratio_str\"":\""2.93\""},{\""name\"":\""关注\"",\""value\"":12671,\""ratio\"":1.44,\""ratio_str\"":\""1.44\""},{\""name\"":\""个人主页\"",\""value\"":9441,\""ratio\"":1.0600000000000092,\""ratio_str\"":\""1.06\""},{\""name\"":\""商业化\"",\""value\"":36,\""ratio\"":0,\""ratio_str\"":\""0.00\""}]""","""[{\""name\"":\""直播推荐\"",\""value\"":123810,\""ratio\"":91.58,\""ratio_str\"":\""91.58\""},{\""name\"":\""搜索\"",\""value\"":6218,\""ratio\"":4.6,\""ratio_str\"":\""4.60\""},{\""name\"":\""其他\"",\""value\"":2181,\""ratio\"":1.61,\""ratio_str\"":\""1.61\""},{\""name\"":\""关注\"",\""value\"":1858,\""ratio\"":1.37,\""ratio_str\"":\""1.37\""},{\""name\"":\""个人主页\"",\""value\"":578,\""ratio\"":0.43,\""ratio_str\"":\""0.43\""},{\""name\"":\""视频推荐\"",\""value\"":528,\""ratio\"":0.39,\""ratio_str\"":\""0.39\""},{\""name\"":\""商业化\"",\""value\"":16,\""ratio\"":0.020000000000005118,\""ratio_str\"":\""0.02\""}]""",1427,4977,0.2176,0.0210,0.0200,0.0038,0.0469,0.3050,0.7156,0.2628,0.5354,0.2228,2025-10-28 22:42:45
老桑财知道,7566117356930452233,"黄金再次暴跌！大A突破4000点，未来走势如何？！",2025-10-28 12:00:01,2025-10-28 13:01:57,61,2437,1796,1214,1198,16,343,226,218,8,77,60.70,188510,38782,4694,34088,717,8,57,2.0500,9.4200,0.6900,773,611,162,65199,63125,2074,40,28,12,"""[{\""name\"":\""直播推荐\"",\""value\"":209168,\""ratio\"":80.44,\""ratio_str\"":\""80.44\""},{\""name\"":\""搜索\"",\""value\"":19336,\""ratio\"":7.44,\""ratio_str\"":\""7.44\""},{\""name\"":\""其他\"",\""value\"":17343,\""ratio\"":6.67,\""ratio_str\"":\""6.67\""},{\""name\"":\""关注\"",\""value\"":8561,\""ratio\"":3.29,\""ratio_str\"":\""3.29\""},{\""name\"":\""视频推荐\"",\""value\"":3289,\""ratio\"":1.26,\""ratio_str\"":\""1.26\""},{\""name\"":\""个人主页\"",\""value\"":2294,\""ratio\"":0.88,\""ratio_str\"":\""0.88\""},{\""name\"":\""商业化\"",\""value\"":18,\""ratio\"":0.019999999999990907,\""ratio_str\"":\""0.02\""},{\""name\"":\""同城\"",\""value\"":8,\""ratio\"":0,\""ratio_str\"":\""0.00\""}]""","""[{\""name\"":\""直播推荐\"",\""value\"":32591,\""ratio\"":84.7,\""ratio_str\"":\""84.70\""},{\""name\"":\""搜索\"",\""value\"":3026,\""ratio\"":7.86,\""ratio_str\"":\""7.86\""},{\""name\"":\""关注\"",\""value\"":1213,\""ratio\"":3.15,\""ratio_str\"":\""3.15\""},{\""name\"":\""其他\"",\""value\"":1151,\""ratio\"":2.99,\""ratio_str\"":\""2.99\""},{\""name\"":\""个人主页\"",\""value\"":399,\""ratio\"":1.04,\""ratio_str\"":\""1.04\""},{\""name\"":\""视频推荐\"",\""value\"":82,\""ratio\"":0.21,\""ratio_str\"":\""0.21\""},{\""name\"":\""商业化\"",\""value\"":11,\""ratio\"":0.03,\""ratio_str\"":\""0.03\""},{\""name\"":\""同城\"",\""value\"":4,\""ratio\"":0.019999999999990907,\""ratio_str\"":\""0.02\""}]""",900,3794,0.2057,0.0185,0.0199,0.0058,0.1210,0.7904,0.9682,0.7000,0.9646,0.1917,2025-11-03 22:57:29
戴维李,7566117280833096474,"黄金跌破4000！是机会？还是风险？",2025-10-28 11:59:40,2025-10-28 12:48:19,48,7217,4653,3496,2651,845,1405,928,503,425,580,174.80,406930,80109,6369,73740,2369,18,499,2.0300,6.8300,1.2700,1981,755,1226,175319,116002,59317,184,43,141,"""[{\""name\"":\""直播推荐\"",\""value\"":503775,\""ratio\"":87.26,\""ratio_str\"":\""87.26\""},{\""name\"":\""搜索\"",\""value\"":29263,\""ratio\"":5.07,\""ratio_str\"":\""5.07\""},{\""name\"":\""其他\"",\""value\"":23028,\""ratio\"":3.99,\""ratio_str\"":\""3.99\""},{\""name\"":\""关注\"",\""value\"":12345,\""ratio\"":2.14,\""ratio_str\"":\""2.14\""},{\""name\"":\""个人主页\"",\""value\"":6984,\""ratio\"":1.21,\""ratio_str\"":\""1.21\""},{\""name\"":\""视频推荐\"",\""value\"":1915,\""ratio\"":0.3199999999999949,\""ratio_str\"":\""0.32\""},{\""name\"":\""商业化\"",\""value\"":37,\""ratio\"":0.01,\""ratio_str\"":\""0.01\""},{\""name\"":\""同城\"",\""value\"":3,\""ratio\"":0,\""ratio_str\"":\""0.00\""}]""","""[{\""name\"":\""直播推荐\"",\""value\"":71961,\""ratio\"":90.45,\""ratio_str\"":\""90.45\""},{\""name\"":\""搜索\"",\""value\"":3728,\""ratio\"":4.69,\""ratio_str\"":\""4.69\""},{\""name\"":\""其他\"",\""value\"":1759,\""ratio\"":2.21,\""ratio_str\"":\""2.21\""},{\""name\"":\""关注\"",\""value\"":1636,\""ratio\"":2.06,\""ratio_str\"":\""2.06\""},{\""name\"":\""个人主页\"",\""value\"":398,\""ratio\"":0.5,\""ratio_str\"":\""0.50\""},{\""name\"":\""视频推荐\"",\""value\"":59,\""ratio\"":0.07,\""ratio_str\"":\""0.07\""},{\""name\"":\""商业化\"",\""value\"":18,\""ratio\"":0.02000000000001421,\""ratio_str\"":\""0.02\""}]""",1528,4841,0.1969,0.0296,0.0247,0.0116,0.0795,0.3811,0.6617,0.2337,0.5420,0.2399,2025-10-28 22:43:28
财经葛先生,7566103790605077257,"A股4000点，重点后续怎么走",2025-10-28 11:07:23,2025-10-28 11:38:18,30,39,25,1,1,0,0,1,1,0,0,0.00,3932,985,92,893,3,1,0,0.6300,2.0000,0.4000,4,2,2,1,0,1,0,0,0,,,0,0,0.2505,0.0030,0.0041,0.0010,0.0934,0.5000,0.0000,0.0000,1.0000,0.0000,2025-12-30 11:14:41
财经葛先生,7566096761018682150,"",2025-10-28 10:40:12,2025-10-28 11:01:21,21,48,25,0,0,0,0,0,0,0,0,0.00,3575,899,73,826,3,1,0,0.4200,1.3200,0.3000,6,1,5,765,761,4,0,0,0,,,0,0,0.2515,0.0033,0.0067,0.0000,0.0812,0.1667,0.9948,0.0000,0.0000,0.0000,2025-12-30 11:15:22
老桑财知道,7566066206055172873,"黄金再次暴跌！未来走势如何？！",2025-10-28 08:41:34,2025-10-28 09:28:26,46,4660,3285,1341,1306,35,629,362,343,19,181,67.05,291795,42951,5913,37038,2344,12,138,2.7900,9.2600,1.3000,1458,993,465,50126,45854,4272,99,64,35,"""[{\""name\"":\""视频推荐\"",\""value\"":1812,\""ratio\"":0.44,\""ratio_str\"":\""0.44\""},{\""name\"":\""个人主页\"",\""value\"":3405,\""ratio\"":0.84,\""ratio_str\"":\""0.84\""},{\""name\"":\""关注\"",\""value\"":6714,\""ratio\"":1.65,\""ratio_str\"":\""1.65\""},{\""name\"":\""其他\"",\""value\"":17052,\""ratio\"":4.18,\""ratio_str\"":\""4.18\""},{\""name\"":\""同城\"",\""value\"":12,\""ratio\"":0,\""ratio_str\"":\""0.00\""},{\""name\"":\""商业化\"",\""value\"":39,\""ratio\"":0.01,\""ratio_str\"":\""0.01\""},{\""name\"":\""搜索\"",\""value\"":25718,\""ratio\"":6.31,\""ratio_str\"":\""6.31\""},{\""name\"":\""直播推荐\"",\""value\"":352914,\""ratio\"":86.57,\""ratio_str\"":\""86.57\""}]""","""[{\""name\"":\""直播推荐\"",\""value\"":36756,\""ratio\"":85.97,\""ratio_str\"":\""85.97\""},{\""name\"":\""搜索\"",\""value\"":3155,\""ratio\"":7.38,\""ratio_str\"":\""7.38\""},{\""name\"":\""其他\"",\""value\"":1410,\""ratio\"":3.3,\""ratio_str\"":\""3.30\""},{\""name\"":\""关注\"",\""value\"":1061,\""ratio\"":2.48,\""ratio_str\"":\""2.48\""},{\""name\"":\""个人主页\"",\""value\"":298,\""ratio\"":0.7,\""ratio_str\"":\""0.70\""},{\""name\"":\""视频推荐\"",\""value\"":46,\""ratio\"":0.11,\""ratio_str\"":\""0.11\""},{\""name\"":\""商业化\"",\""value\"":25,\""ratio\"":0.06,\""ratio_str\"":\""0.06\""},{\""name\"":\""同城\"",\""value\"":3,\""ratio\"":9.0951551845464e-15,\""ratio_str\"":\""0.00\""}]""",873,5040,0.1472,0.0546,0.0339,0.0084,0.1377,0.6811,0.9148,0.6465,0.9475,0.1476,2025-11-03 22:58:53
戴维李,7566046404244310794,"黄金跌破4000！是机会？还是风险？",2025-10-28 07:25:22,2025-10-28 08:18:38,53,5740,4254,2026,1619,407,978,651,435,216,311,101.30,454311,58488,5908,52580,2133,18,238,3.0600,8.5400,2.0600,1669,727,942,65175,44748,20427,214,61,153,"""[{\""name\"":\""直播推荐\"",\""value\"":557739,\""ratio\"":88.94,\""ratio_str\"":\""88.94\""},{\""name\"":\""搜索\"",\""value\"":36051,\""ratio\"":5.75,\""ratio_str\"":\""5.75\""},{\""name\"":\""其他\"",\""value\"":16429,\""ratio\"":2.62,\""ratio_str\"":\""2.62\""},{\""name\"":\""关注\"",\""value\"":9728,\""ratio\"":1.55,\""ratio_str\"":\""1.55\""},{\""name\"":\""个人主页\"",\""value\"":5740,\""ratio\"":0.92,\""ratio_str\"":\""0.92\""},{\""name\"":\""视频推荐\"",\""value\"":1307,\""ratio\"":0.21,\""ratio_str\"":\""0.21\""},{\""name\"":\""商业化\"",\""value\"":124,\""ratio\"":0.010000000000009095,\""ratio_str\"":\""0.01\""},{\""name\"":\""同城\"",\""value\"":6,\""ratio\"":0,\""ratio_str\"":\""0.00\""}]""","""[{\""name\"":\""个人主页\"",\""value\"":368,\""ratio\"":0.63,\""ratio_str\"":\""0.63\""},{\""name\"":\""关注\"",\""value\"":1323,\""ratio\"":2.26,\""ratio_str\"":\""2.26\""},{\""name\"":\""其他\"",\""value\"":1514,\""ratio\"":2.59,\""ratio_str\"":\""2.59\""},{\""name\"":\""商业化\"",\""value\"":10,\""ratio\"":0.02,\""ratio_str\"":\""0.02\""},{\""name\"":\""搜索\"",\""value\"":4806,\""ratio\"":8.23,\""ratio_str\"":\""8.23\""},{\""name\"":\""直播推荐\"",\""value\"":50360,\""ratio\"":86.2,\""ratio_str\"":\""86.20\""},{\""name\"":\""视频推荐\"",\""value\"":42,\""ratio\"":0.07,\""ratio_str\"":\""0.07\""}]""",1326,4582,0.1287,0.0365,0.0285,0.0111,0.1010,0.4356,0.6866,0.2850,0.6682,0.2244,2025-10-28 22:44:11
财经葛先生,7565838075428129587,"黄金止跌，A股回涨，短期怎么操作",2025-10-27 17:56:12,2025-10-27 18:41:19,45,502,261,23,22,1,4,6,5,1,4,1.00,31360,6493,326,6167,89,1,3,1.2700,5.9000,0.9000,149,50,99,1112,941,171,6,0,6,,,0,0,0.2070,0.0137,0.0229,0.0009,0.0502,0.3356,0.8462,0.0000,0.8333,0.0000,2025-12-30 11:15:59
戴维李,7565818321841556251,"市场再创新高！是机会还是风险？",2025-10-27 16:39:38,2025-10-27 17:19:54,40,1024,787,601,586,15,54,252,243,9,41,30.05,60015,9683,3184,6499,70,9,23,2.5200,4.9500,0.6500,339,292,47,41123,40150,973,10,8,2,"""[{\""name\"":\""关注\"",\""value\"":6649,\""ratio\"":7.43,\""ratio_str\"":\""7.43\""},{\""name\"":\""其他\"",\""value\"":13657,\""ratio\"":15.26,\""ratio_str\"":\""15.26\""},{\""name\"":\""同城\"",\""value\"":1,\""ratio\"":0,\""ratio_str\"":\""0.00\""},{\""name\"":\""商业化\"",\""value\"":92,\""ratio\"":0.1,\""ratio_str\"":\""0.10\""},{\""name\"":\""搜索\"",\""value\"":2511,\""ratio\"":2.81,\""ratio_str\"":\""2.81\""},{\""name\"":\""直播推荐\"",\""value\"":64446,\""ratio\"":72.01,\""ratio_str\"":\""72.01\""},{\""name\"":\""视频推荐\"",\""value\"":406,\""ratio\"":0.45,\""ratio_str\"":\""0.45\""},{\""name\"":\""个人主页\"",\""value\"":1739,\""ratio\"":1.94,\""ratio_str\"":\""1.94\""}]""","""[{\""name\"":\""关注\"",\""value\"":907,\""ratio\"":9.35,\""ratio_str\"":\""9.35\""},{\""name\"":\""其他\"",\""value\"":734,\""ratio\"":7.57,\""ratio_str\"":\""7.57\""},{\""name\"":\""商业化\"",\""value\"":4,\""ratio\"":0.04,\""ratio_str\"":\""0.04\""},{\""name\"":\""搜索\"",\""value\"":161,\""ratio\"":1.66,\""ratio_str\"":\""1.66\""},{\""name\"":\""直播推荐\"",\""value\"":7681,\""ratio\"":79.17,\""ratio_str\"":\""79.17\""},{\""name\"":\""视频推荐\"",\""value\"":13,\""ratio\"":0.13,\""ratio_str\"":\""0.13\""},{\""name\"":\""个人主页\"",\""value\"":202,\""ratio\"":2.08,\""ratio_str\"":\""2.08\""}]""",952,2232,0.1613,0.0072,0.0350,0.0260,0.3288,0.8614,0.9763,0.8000,0.9643,0.2990,2025-10-27 22:41:41
老桑财知道,7565816833652280102,"大A4000点可期，接下来怎么办？来我直播间给你讲透！",2025-10-27 16:33:53,2025-10-27 17:40:26,66,1172,894,1978,1972,6,93,260,256,4,60,98.90,73269,16846,2968,13878,217,6,42,2.7000,9.2000,0.7000,427,384,43,70067,69440,627,10,7,3,"""[{\""name\"":\""直播推荐\"",\""value\"":80593,\""ratio\"":75.78,\""ratio_str\"":\""75.78\""},{\""name\"":\""其他\"",\""value\"":14137,\""ratio\"":13.29,\""ratio_str\"":\""13.29\""},{\""name\"":\""关注\"",\""value\"":6671,\""ratio\"":6.27,\""ratio_str\"":\""6.27\""},{\""name\"":\""搜索\"",\""value\"":1752,\""ratio\"":1.65,\""ratio_str\"":\""1.65\""},{\""name\"":\""个人主页\"",\""value\"":1698,\""ratio\"":1.6,\""ratio_str\"":\""1.60\""},{\""name\"":\""视频推荐\"",\""value\"":1488,\""ratio\"":1.4,\""ratio_str\"":\""1.40\""},{\""name\"":\""商业化\"",\""value\"":14,\""ratio\"":0.00999999999998579,\""ratio_str\"":\""0.01\""},{\""name\"":\""同城\"",\""value\"":5,\""ratio\"":0,\""ratio_str\"":\""0.00\""}]""","""[{\""name\"":\""直播推荐\"",\""value\"":14456,\""ratio\"":85.81,\""ratio_str\"":\""85.81\""},{\""name\"":\""关注\"",\""value\"":1002,\""ratio\"":5.95,\""ratio_str\"":\""5.95\""},{\""name\"":\""其他\"",\""value\"":793,\""ratio\"":4.71,\""ratio_str\"":\""4.71\""},{\""name\"":\""个人主页\"",\""value\"":283,\""ratio\"":1.68,\""ratio_str\"":\""1.68\""},{\""name\"":\""搜索\"",\""value\"":260,\""ratio\"":1.54,\""ratio_str\"":\""1.54\""},{\""name\"":\""视频推荐\"",\""value\"":45,\""ratio\"":0.27,\""ratio_str\"":\""0.27\""},{\""name\"":\""商业化\"",\""value\"":6,\""ratio\"":0.029999999999994885,\""ratio_str\"":\""0.03\""},{\""name\"":\""同城\"",\""value\"":2,\""ratio\"":0.01,\""ratio_str\"":\""0.01\""}]""",812,2156,0.2299,0.0129,0.0253,0.0154,0.1762,0.8993,0.9911,0.7000,0.9846,0.2736,2025-11-03 22:59:38
财经葛先生,7565772119393553162,"黄金止跌，A股回涨，短期怎么操作",2025-10-27 13:40:20,2025-10-27 14:25:45,45,87,63,9,8,1,6,6,5,1,4,0.00,14249,3269,190,3079,28,0,2,0.7500,3.5300,0.4800,45,22,23,666,399,267,4,1,3,,,0,0,0.2294,0.0086,0.0138,0.0018,0.0581,0.4889,0.5991,0.2500,0.8333,0.0000,2025-12-30 11:16:35
老桑财知道,7565746578457742106,"大A4000点可期，接下来怎么办？来我直播间给你讲透！",2025-10-27 12:01:11,2025-10-27 12:56:14,55,1461,1146,1058,1057,1,153,353,352,1,77,52.90,81781,19579,3187,16392,234,4,59,2.4000,9.7600,0.4400,467,431,36,35777,35458,319,18,13,5,"""[{\""name\"":\""直播推荐\"",\""value\"":92904,\""ratio\"":81.1,\""ratio_str\"":\""81.10\""},{\""name\"":\""其他\"",\""value\"":10870,\""ratio\"":9.49,\""ratio_str\"":\""9.49\""},{\""name\"":\""关注\"",\""value\"":6400,\""ratio\"":5.59,\""ratio_str\"":\""5.59\""},{\""name\"":\""搜索\"",\""value\"":1863,\""ratio\"":1.63,\""ratio_str\"":\""1.63\""},{\""name\"":\""个人主页\"",\""value\"":1645,\""ratio\"":1.44,\""ratio_str\"":\""1.44\""},{\""name\"":\""视频推荐\"",\""value\"":856,\""ratio\"":0.730000000000004,\""ratio_str\"":\""0.73\""},{\""name\"":\""同城\"",\""value\"":8,\""ratio\"":0.01,\""ratio_str\"":\""0.01\""},{\""name\"":\""商业化\"",\""value\"":7,\""ratio\"":0.01,\""ratio_str\"":\""0.01\""}]""","""[{\""name\"":\""直播推荐\"",\""value\"":17193,\""ratio\"":88.08,\""ratio_str\"":\""88.08\""},{\""name\"":\""关注\"",\""value\"":981,\""ratio\"":5.03,\""ratio_str\"":\""5.03\""},{\""name\"":\""其他\"",\""value\"":767,\""ratio\"":3.93,\""ratio_str\"":\""3.93\""},{\""name\"":\""个人主页\"",\""value\"":306,\""ratio\"":1.57,\""ratio_str\"":\""1.57\""},{\""name\"":\""搜索\"",\""value\"":235,\""ratio\"":1.2,\""ratio_str\"":\""1.20\""},{\""name\"":\""视频推荐\"",\""value\"":32,\""ratio\"":0.16,\""ratio_str\"":\""0.16\""},{\""name\"":\""商业化\"",\""value\"":3,\""ratio\"":0.02,\""ratio_str\"":\""0.02\""},{\""name\"":\""同城\"",\""value\"":2,\""ratio\"":0.010000000000014211,\""ratio_str\"":\""0.01\""}]""",858,2329,0.2394,0.0120,0.0239,0.0180,0.1628,0.9229,0.9911,0.7222,0.9972,0.2692,2025-11-03 23:00:20
财经葛先生,7564719063692266250,"黄金止跌，A股回涨，短期怎么操作",2025-10-24 17:34:01,2025-10-24 18:28:03,54,701,481,42,36,6,42,32,28,4,32,2.00,56511,10514,552,9962,327,5,26,1.6800,8.5500,1.0700,308,120,188,2439,1937,502,16,11,5,,,0,0,0.1861,0.0311,0.0293,0.0030,0.0525,0.3896,0.7942,0.6875,0.8750,0.0000,2025-12-30 11:17:13
老桑财知道,7564702674445863726,"震荡行情下，普通投资者应该怎么办？",2025-10-24 16:30:16,2025-10-24 17:33:33,63,1525,1169,1878,1147,731,866,266,220,46,123,93.90,80251,20382,2792,17590,299,10,106,2.8000,10.7000,0.9100,597,463,134,72863,68546,4317,18,7,11,"""[{\""name\"":\""直播推荐\"",\""value\"":89977,\""ratio\"":79.06,\""ratio_str\"":\""79.06\""},{\""name\"":\""其他\"",\""value\"":11863,\""ratio\"":10.42,\""ratio_str\"":\""10.42\""},{\""name\"":\""关注\"",\""value\"":6081,\""ratio\"":5.34,\""ratio_str\"":\""5.34\""},{\""name\"":\""搜索\"",\""value\"":3222,\""ratio\"":2.83,\""ratio_str\"":\""2.83\""},{\""name\"":\""个人主页\"",\""value\"":1579,\""ratio\"":1.39,\""ratio_str\"":\""1.39\""},{\""name\"":\""视频推荐\"",\""value\"":1058,\""ratio\"":0.93,\""ratio_str\"":\""0.93\""},{\""name\"":\""同城\"",\""value\"":16,\""ratio\"":0.01,\""ratio_str\"":\""0.01\""},{\""name\"":\""商业化\"",\""value\"":12,\""ratio\"":0.019999999999976696,\""ratio_str\"":\""0.02\""}]""","""[{\""name\"":\""直播推荐\"",\""value\"":17840,\""ratio\"":89.2,\""ratio_str\"":\""89.20\""},{\""name\"":\""关注\"",\""value\"":919,\""ratio\"":4.6,\""ratio_str\"":\""4.60\""},{\""name\"":\""其他\"",\""value\"":680,\""ratio\"":3.4,\""ratio_str\"":\""3.40\""},{\""name\"":\""个人主页\"",\""value\"":266,\""ratio\"":1.33,\""ratio_str\"":\""1.33\""},{\""name\"":\""搜索\"",\""value\"":244,\""ratio\"":1.22,\""ratio_str\"":\""1.22\""},{\""name\"":\""视频推荐\"",\""value\"":40,\""ratio\"":0.2,\""ratio_str\"":\""0.20\""},{\""name\"":\""商业化\"",\""value\"":7,\""ratio\"":0.04,\""ratio_str\"":\""0.04\""},{\""name\"":\""同城\"",\""value\"":3,\""ratio\"":0.009999999999994885,\""ratio_str\"":\""0.01\""}]""",753,2039,0.2540,0.0147,0.0293,0.0131,0.1370,0.7755,0.9408,0.3889,0.8271,0.2697,2025-10-24 22:46:39
老桑财知道,7564632809646590770,"震荡行情下，普通投资者应该怎么办？",2025-10-24 11:59:11,2025-10-24 12:58:06,58,1098,852,444,427,17,93,181,170,11,50,22.20,39331,11424,2849,8575,126,6,37,3.5700,8.9600,0.9400,512,443,69,53876,50443,3433,16,13,3,"""[{\""name\"":\""直播推荐\"",\""value\"":40516,\""ratio\"":62.64,\""ratio_str\"":\""62.64\""},{\""name\"":\""其他\"",\""value\"":10772,\""ratio\"":16.65,\""ratio_str\"":\""16.65\""},{\""name\"":\""关注\"",\""value\"":6975,\""ratio\"":10.78,\""ratio_str\"":\""10.78\""},{\""name\"":\""搜索\"",\""value\"":3154,\""ratio\"":4.88,\""ratio_str\"":\""4.88\""},{\""name\"":\""视频推荐\"",\""value\"":1761,\""ratio\"":2.72,\""ratio_str\"":\""2.72\""},{\""name\"":\""个人主页\"",\""value\"":1478,\""ratio\"":2.29,\""ratio_str\"":\""2.29\""},{\""name\"":\""同城\"",\""value\"":16,\""ratio\"":0.02,\""ratio_str\"":\""0.02\""},{\""name\"":\""商业化\"",\""value\"":9,\""ratio\"":0.019999999999990907,\""ratio_str\"":\""0.02\""}]""","""[{\""name\"":\""直播推荐\"",\""value\"":9307,\""ratio\"":81.25,\""ratio_str\"":\""81.25\""},{\""name\"":\""视频推荐\"",\""value\"":61,\""ratio\"":0.53,\""ratio_str\"":\""0.53\""},{\""name\"":\""个人主页\"",\""value\"":302,\""ratio\"":2.64,\""ratio_str\"":\""2.64\""},{\""name\"":\""关注\"",\""value\"":926,\""ratio\"":8.08,\""ratio_str\"":\""8.08\""},{\""name\"":\""其他\"",\""value\"":659,\""ratio\"":5.75,\""ratio_str\"":\""5.75\""},{\""name\"":\""同城\"",\""value\"":3,\""ratio\"":0.03,\""ratio_str\"":\""0.03\""},{\""name\"":\""商业化\"",\""value\"":3,\""ratio\"":0.03,\""ratio_str\"":\""0.03\""},{\""name\"":\""搜索\"",\""value\"":194,\""ratio\"":1.69,\""ratio_str\"":\""1.69\""}]""",797,2052,0.2905,0.0110,0.0448,0.0158,0.2494,0.8652,0.9363,0.8125,0.9392,0.2797,2025-10-24 22:48:01
戴维李,7564626335008738098,"市场再创新高！是机会还是风险？",2025-10-24 11:34:14,2025-10-24 12:32:43,58,1960,1468,1673,1587,86,321,477,419,58,154,83.65,70634,15639,5269,10370,330,7,134,4.6600,8.1400,1.6100,929,726,203,118579,103958,14621,38,25,13,"""[{\""name\"":\""直播推荐\"",\""value\"":84164,\""ratio\"":69.15,\""ratio_str\"":\""69.15\""},{\""name\"":\""其他\"",\""value\"":18181,\""ratio\"":14.94,\""ratio_str\"":\""14.94\""},{\""name\"":\""关注\"",\""value\"":11946,\""ratio\"":9.81,\""ratio_str\"":\""9.81\""},{\""name\"":\""搜索\"",\""value\"":4007,\""ratio\"":3.29,\""ratio_str\"":\""3.29\""},{\""name\"":\""个人主页\"",\""value\"":2659,\""ratio\"":2.18,\""ratio_str\"":\""2.18\""},{\""name\"":\""视频推荐\"",\""value\"":747,\""ratio\"":0.61,\""ratio_str\"":\""0.61\""},{\""name\"":\""商业化\"",\""value\"":7,\""ratio\"":0.019999999999990907,\""ratio_str\"":\""0.02\""},{\""name\"":\""同城\"",\""value\"":2,\""ratio\"":0,\""ratio_str\"":\""0.00\""}]""","""[{\""name\"":\""视频推荐\"",\""value\"":30,\""ratio\"":0.19,\""ratio_str\"":\""0.19\""},{\""name\"":\""个人主页\"",\""value\"":375,\""ratio\"":2.36,\""ratio_str\"":\""2.36\""},{\""name\"":\""关注\"",\""value\"":1539,\""ratio\"":9.7,\""ratio_str\"":\""9.70\""},{\""name\"":\""其他\"",\""value\"":1150,\""ratio\"":7.24,\""ratio_str\"":\""7.24\""},{\""name\"":\""同城\"",\""value\"":2,\""ratio\"":0.01,\""ratio_str\"":\""0.01\""},{\""name\"":\""商业化\"",\""value\"":3,\""ratio\"":0.02,\""ratio_str\"":\""0.02\""},{\""name\"":\""搜索\"",\""value\"":435,\""ratio\"":2.74,\""ratio_str\"":\""2.74\""},{\""name\"":\""直播推荐\"",\""value\"":12340,\""ratio\"":77.74,\""ratio_str\"":\""77.74\""}]""",1449,3820,0.2214,0.0211,0.0594,0.0305,0.3369,0.7815,0.8767,0.6579,0.8784,0.2750,2025-10-24 22:42:31
财经葛先生,7564613157826693898,"黄金止跌，A股回涨，短期怎么操作",2025-10-24 10:42:59,2025-10-24 11:41:59,59,607,260,32,29,3,22,18,16,2,17,1.00,29816,8443,390,8053,184,2,15,1.3800,8.3200,0.8800,152,67,85,3782,2359,1423,10,6,4,,,0,0,0.2832,0.0218,0.0180,0.0021,0.0462,0.4408,0.6237,0.6000,0.8889,0.0000,2025-12-30 11:17:51
老桑财知道,7564586129060530987,"震荡行情下，普通投资者应该怎么",2025-10-24 08:58:02,2025-10-24 09:30:24,32,1214,918,170,160,10,27,118,110,8,20,8.50,30121,7883,2078,5805,185,3,15,3.0300,6.6200,0.9900,206,163,43,32852,31395,1457,15,12,3,"""[{\""name\"":\""直播推荐\"",\""value\"":33057,\""ratio\"":68.24,\""ratio_str\"":\""68.24\""},{\""name\"":\""其他\"",\""value\"":6194,\""ratio\"":12.79,\""ratio_str\"":\""12.79\""},{\""name\"":\""关注\"",\""value\"":5367,\""ratio\"":11.08,\""ratio_str\"":\""11.08\""},{\""name\"":\""搜索\"",\""value\"":1741,\""ratio\"":3.59,\""ratio_str\"":\""3.59\""},{\""name\"":\""个人主页\"",\""value\"":1166,\""ratio\"":2.41,\""ratio_str\"":\""2.41\""},{\""name\"":\""视频推荐\"",\""value\"":910,\""ratio\"":1.88,\""ratio_str\"":\""1.88\""},{\""name\"":\""商业化\"",\""value\"":5,\""ratio\"":0.01,\""ratio_str\"":\""0.01\""},{\""name\"":\""同城\"",\""value\"":4,\""ratio\"":9.0951551845464e-15,\""ratio_str\"":\""0.00\""}]""","""[{\""name\"":\""直播推荐\"",\""value\"":6220,\""ratio\"":79.76,\""ratio_str\"":\""79.76\""},{\""name\"":\""关注\"",\""value\"":741,\""ratio\"":9.5,\""ratio_str\"":\""9.50\""},{\""name\"":\""其他\"",\""value\"":476,\""ratio\"":6.1,\""ratio_str\"":\""6.10\""},{\""name\"":\""个人主页\"",\""value\"":234,\""ratio\"":3,\""ratio_str\"":\""3.00\""},{\""name\"":\""搜索\"",\""value\"":97,\""ratio\"":1.24,\""ratio_str\"":\""1.24\""},{\""name\"":\""视频推荐\"",\""value\"":29,\""ratio\"":0.37,\""ratio_str\"":\""0.37\""},{\""name\"":\""商业化\"",\""value\"":1,\""ratio\"":0.029999999999996023,\""ratio_str\"":\""0.03\""}]""",590,1488,0.2617,0.0235,0.0261,0.0150,0.2636,0.7913,0.9556,0.8000,0.9322,0.2839,2025-10-24 22:48:44
老桑财知道,7564331800718658313,"震荡行情下，普通投资者应该怎么办？",2025-10-23 16:31:13,2025-10-23 17:21:35,50,1088,885,333,310,23,63,139,122,17,40,16.65,49154,11673,2348,9325,157,3,29,3.0200,8.9200,0.9100,491,406,85,60517,57048,3469,18,13,5,"""[{\""name\"":\""直播推荐\"",\""value\"":54305,\""ratio\"":75.61,\""ratio_str\"":\""75.61\""},{\""name\"":\""其他\"",\""value\"":8297,\""ratio\"":11.55,\""ratio_str\"":\""11.55\""},{\""name\"":\""关注\"",\""value\"":5112,\""ratio\"":7.12,\""ratio_str\"":\""7.12\""},{\""name\"":\""视频推荐\"",\""value\"":1574,\""ratio\"":2.19,\""ratio_str\"":\""2.19\""},{\""name\"":\""搜索\"",\""value\"":1223,\""ratio\"":1.7,\""ratio_str\"":\""1.70\""},{\""name\"":\""个人主页\"",\""value\"":1163,\""ratio\"":1.62,\""ratio_str\"":\""1.62\""},{\""name\"":\""商业化\"",\""value\"":135,\""ratio\"":0.19,\""ratio_str\"":\""0.19\""},{\""name\"":\""同城\"",\""value\"":9,\""ratio\"":0.020000000000005118,\""ratio_str\"":\""0.02\""}]""","""[{\""name\"":\""直播推荐\"",\""value\"":9899,\""ratio\"":85.07,\""ratio_str\"":\""85.07\""},{\""name\"":\""关注\"",\""value\"":780,\""ratio\"":6.7,\""ratio_str\"":\""6.70\""},{\""name\"":\""其他\"",\""value\"":574,\""ratio\"":4.93,\""ratio_str\"":\""4.93\""},{\""name\"":\""个人主页\"",\""value\"":196,\""ratio\"":1.68,\""ratio_str\"":\""1.68\""},{\""name\"":\""搜索\"",\""value\"":148,\""ratio\"":1.27,\""ratio_str\"":\""1.27\""},{\""name\"":\""视频推荐\"",\""value\"":37,\""ratio\"":0.32,\""ratio_str\"":\""0.32\""},{\""name\"":\""同城\"",\""value\"":1,\""ratio\"":0.019999999999990907,\""ratio_str\"":\""0.02\""},{\""name\"":\""商业化\"",\""value\"":1,\""ratio\"":0.01,\""ratio_str\"":\""0.01\""}]""",676,1672,0.2375,0.0134,0.0421,0.0119,0.2011,0.8269,0.9427,0.7222,0.8777,0.2879,2025-10-23 22:46:38
戴维李,7564318447335213875,"行情震荡！风险解除了吗？",2025-10-23 15:39:12,2025-10-23 16:26:54,47,1510,1140,595,452,143,338,217,192,25,67,29.75,79808,14372,4079,10293,172,10,54,2.9800,5.9500,0.9400,593,451,142,24441,23358,1083,17,17,0,"""[{\""name\"":\""直播推荐\"",\""value\"":91951,\""ratio\"":75.14,\""ratio_str\"":\""75.14\""},{\""name\"":\""其他\"",\""value\"":15904,\""ratio\"":13,\""ratio_str\"":\""13.00\""},{\""name\"":\""关注\"",\""value\"":8108,\""ratio\"":6.63,\""ratio_str\"":\""6.63\""},{\""name\"":\""搜索\"",\""value\"":2729,\""ratio\"":2.23,\""ratio_str\"":\""2.23\""},{\""name\"":\""个人主页\"",\""value\"":2299,\""ratio\"":1.88,\""ratio_str\"":\""1.88\""},{\""name\"":\""视频推荐\"",\""value\"":1371,\""ratio\"":1.109999999999995,\""ratio_str\"":\""1.11\""},{\""name\"":\""商业化\"",\""value\"":8,\""ratio\"":0.01,\""ratio_str\"":\""0.01\""},{\""name\"":\""同城\"",\""value\"":4,\""ratio\"":0,\""ratio_str\"":\""0.00\""}]""","""[{\""name\"":\""直播推荐\"",\""value\"":11839,\""ratio\"":81.88,\""ratio_str\"":\""81.88\""},{\""name\"":\""关注\"",\""value\"":1109,\""ratio\"":7.67,\""ratio_str\"":\""7.67\""},{\""name\"":\""其他\"",\""value\"":1021,\""ratio\"":7.06,\""ratio_str\"":\""7.06\""},{\""name\"":\""个人主页\"",\""value\"":282,\""ratio\"":1.95,\""ratio_str\"":\""1.95\""},{\""name\"":\""搜索\"",\""value\"":180,\""ratio\"":1.24,\""ratio_str\"":\""1.24\""},{\""name\"":\""视频推荐\"",\""value\"":22,\""ratio\"":0.15,\""ratio_str\"":\""0.15\""},{\""name\"":\""同城\"",\""value\"":3,\""ratio\"":0.030000000000005116,\""ratio_str\"":\""0.03\""},{\""name\"":\""商业化\"",\""value\"":3,\""ratio\"":0.02,\""ratio_str\"":\""0.02\""}]""",1164,2915,0.1801,0.0120,0.0413,0.0151,0.2838,0.7605,0.9557,1.0000,0.8848,0.2854,2025-10-23 22:41:39
财经葛先生,7564298167181675291,"黄金大跌，被套的怎么办",2025-10-23 14:20:28,2025-10-23 15:11:04,50,951,597,62,57,5,62,15,11,4,15,3.00,77747,14438,512,13926,396,1,11,1.3500,7.8800,0.9200,272,94,178,8291,5270,3021,20,11,9,,,0,0,0.1857,0.0274,0.0188,0.0010,0.0355,0.3456,0.6356,0.5500,0.7333,0.0000,2025-12-30 11:18:30
老桑财知道,7564262078320528138,"震荡行情下，普通投资者应该怎么办？",2025-10-23 12:00:21,2025-10-23 12:53:12,52,1721,1317,484,412,72,132,202,175,27,62,24.20,74789,19312,2907,16405,345,8,53,2.8000,9.8300,1.1200,602,460,142,33565,30912,2653,28,18,10,"""[{\""name\"":\""直播推荐\"",\""value\"":85196,\""ratio\"":79.99,\""ratio_str\"":\""79.99\""},{\""name\"":\""其他\"",\""value\"":10409,\""ratio\"":9.77,\""ratio_str\"":\""9.77\""},{\""name\"":\""关注\"",\""value\"":6153,\""ratio\"":5.78,\""ratio_str\"":\""5.78\""},{\""name\"":\""个人主页\"",\""value\"":1621,\""ratio\"":1.52,\""ratio_str\"":\""1.52\""},{\""name\"":\""视频推荐\"",\""value\"":1562,\""ratio\"":1.47,\""ratio_str\"":\""1.47\""},{\""name\"":\""搜索\"",\""value\"":1491,\""ratio\"":1.4,\""ratio_str\"":\""1.40\""},{\""name\"":\""商业化\"",\""value\"":62,\""ratio\"":0.06,\""ratio_str\"":\""0.06\""},{\""name\"":\""同城\"",\""value\"":14,\""ratio\"":0.010000000000014211,\""ratio_str\"":\""0.01\""}]""","""[{\""name\"":\""直播推荐\"",\""value\"":16988,\""ratio\"":88.8,\""ratio_str\"":\""88.80\""},{\""name\"":\""关注\"",\""value\"":877,\""ratio\"":4.58,\""ratio_str\"":\""4.58\""},{\""name\"":\""其他\"",\""value\"":768,\""ratio\"":4.01,\""ratio_str\"":\""4.01\""},{\""name\"":\""个人主页\"",\""value\"":271,\""ratio\"":1.42,\""ratio_str\"":\""1.42\""},{\""name\"":\""搜索\"",\""value\"":159,\""ratio\"":0.83,\""ratio_str\"":\""0.83\""},{\""name\"":\""视频推荐\"",\""value\"":61,\""ratio\"":0.32,\""ratio_str\"":\""0.32\""},{\""name\"":\""商业化\"",\""value\"":4,\""ratio\"":0.02,\""ratio_str\"":\""0.02\""},{\""name\"":\""同城\"",\""value\"":3,\""ratio\"":0.02000000000001421,\""ratio_str\"":\""0.02\""}]""",785,2122,0.2582,0.0179,0.0312,0.0105,0.1505,0.7641,0.9210,0.6429,0.8663,0.2700,2025-10-23 22:47:20
戴维李,7564254598232574729,"行情震荡！风险解除了吗？",2025-10-23 11:31:31,2025-10-23 12:34:49,63,1789,1382,1177,1103,74,174,290,270,20,65,58.85,105755,20959,5629,15330,230,14,51,3.3200,7.1600,1.0500,780,595,185,72888,68276,4612,25,16,9,"""[{\""name\"":\""直播推荐\"",\""value\"":123427,\""ratio\"":74.25,\""ratio_str\"":\""74.25\""},{\""name\"":\""其他\"",\""value\"":21434,\""ratio\"":12.89,\""ratio_str\"":\""12.89\""},{\""name\"":\""关注\"",\""value\"":12284,\""ratio\"":7.39,\""ratio_str\"":\""7.39\""},{\""name\"":\""搜索\"",\""value\"":3417,\""ratio\"":2.06,\""ratio_str\"":\""2.06\""},{\""name\"":\""个人主页\"",\""value\"":3077,\""ratio\"":1.85,\""ratio_str\"":\""1.85\""},{\""name\"":\""视频推荐\"",\""value\"":2579,\""ratio\"":1.5600000000000052,\""ratio_str\"":\""1.56\""},{\""name\"":\""商业化\"",\""value\"":8,\""ratio\"":0,\""ratio_str\"":\""0.00\""},{\""name\"":\""同城\"",\""value\"":2,\""ratio\"":0,\""ratio_str\"":\""0.00\""}]""","""[{\""name\"":\""直播推荐\"",\""value\"":17434,\""ratio\"":82.54,\""ratio_str\"":\""82.54\""},{\""name\"":\""关注\"",\""value\"":1606,\""ratio\"":7.6,\""ratio_str\"":\""7.60\""},{\""name\"":\""其他\"",\""value\"":1318,\""ratio\"":6.24,\""ratio_str\"":\""6.24\""},{\""name\"":\""个人主页\"",\""value\"":436,\""ratio\"":2.06,\""ratio_str\"":\""2.06\""},{\""name\"":\""搜索\"",\""value\"":257,\""ratio\"":1.22,\""ratio_str\"":\""1.22\""},{\""name\"":\""视频推荐\"",\""value\"":64,\""ratio\"":0.3,\""ratio_str\"":\""0.30\""},{\""name\"":\""商业化\"",\""value\"":5,\""ratio\"":0.039999999999996025,\""ratio_str\"":\""0.04\""},{\""name\"":\""同城\"",\""value\"":1,\""ratio\"":0,\""ratio_str\"":\""0.00\""}]""",1506,4123,0.1982,0.0110,0.0372,0.0138,0.2686,0.7628,0.9367,0.6400,0.9310,0.2675,2025-10-23 22:42:20
财经葛先生,7563975597136153353,"黄金大跌，被套的怎么办",2025-10-22 17:29:01,2025-10-22 18:17:38,48,1419,669,16,14,2,13,11,9,2,9,0.00,92961,12974,634,12340,565,3,4,1.7300,7.3300,1.2300,445,136,309,5490,4306,1184,14,5,9,,,0,0,0.1396,0.0435,0.0343,0.0008,0.0489,0.3056,0.7843,0.3571,0.8182,0.0000,2025-12-30 11:19:08
老桑财知道,7563952910564870963,"黄金暴跌6%，到底发生了什么，普通人该怎么办？",2025-10-22 16:00:36,2025-10-22 17:01:18,60,2525,1917,1724,1710,14,219,254,244,10,138,86.20,218248,38957,4027,34930,1134,10,119,2.1600,10.1000,0.7800,1060,755,305,65679,62860,2819,67,44,23,"""[{\""name\"":\""其他\"",\""value\"":13921,\""ratio\"":4.67,\""ratio_str\"":\""4.67\""},{\""name\"":\""同城\"",\""value\"":26,\""ratio\"":0.01,\""ratio_str\"":\""0.01\""},{\""name\"":\""商业化\"",\""value\"":93,\""ratio\"":0.03,\""ratio_str\"":\""0.03\""},{\""name\"":\""搜索\"",\""value\"":20426,\""ratio\"":6.86,\""ratio_str\"":\""6.86\""},{\""name\"":\""直播推荐\"",\""value\"":252294,\""ratio\"":84.68,\""ratio_str\"":\""84.68\""},{\""name\"":\""视频推荐\"",\""value\"":2093,\""ratio\"":0.7,\""ratio_str\"":\""0.70\""},{\""name\"":\""个人主页\"",\""value\"":2792,\""ratio\"":0.94,\""ratio_str\"":\""0.94\""},{\""name\"":\""关注\"",\""value\"":6294,\""ratio\"":2.11,\""ratio_str\"":\""2.11\""}]""","""[{\""name\"":\""直播推荐\"",\""value\"":34346,\""ratio\"":88.71,\""ratio_str\"":\""88.71\""},{\""name\"":\""搜索\"",\""value\"":1889,\""ratio\"":4.88,\""ratio_str\"":\""4.88\""},{\""name\"":\""其他\"",\""value\"":1178,\""ratio\"":3.04,\""ratio_str\"":\""3.04\""},{\""name\"":\""关注\"",\""value\"":948,\""ratio\"":2.45,\""ratio_str\"":\""2.45\""},{\""name\"":\""个人主页\"",\""value\"":260,\""ratio\"":0.67,\""ratio_str\"":\""0.67\""},{\""name\"":\""视频推荐\"",\""value\"":77,\""ratio\"":0.2,\""ratio_str\"":\""0.20\""},{\""name\"":\""同城\"",\""value\"":15,\""ratio\"":0.04,\""ratio_str\"":\""0.04\""},{\""name\"":\""商业化\"",\""value\"":6,\""ratio\"":0.009999999999994885,\""ratio_str\"":\""0.01\""}]""",791,3236,0.1785,0.0291,0.0272,0.0065,0.1034,0.7123,0.9571,0.6567,0.9606,0.1964,2025-10-23 22:48:41
戴维李,7563935384397400842,"行情反弹！调整结束了吗？",2025-10-22 14:52:50,2025-10-22 15:44:17,51,3120,2333,801,496,305,394,330,174,156,209,40.05,263953,41675,4646,37029,961,14,173,2.0800,5.5600,1.2200,1212,476,736,47530,37309,10221,54,20,34,"""[{\""name\"":\""直播推荐\"",\""value\"":308204,\""ratio\"":80.5,\""ratio_str\"":\""80.50\""},{\""name\"":\""搜索\"",\""value\"":28023,\""ratio\"":7.32,\""ratio_str\"":\""7.32\""},{\""name\"":\""其他\"",\""value\"":21041,\""ratio\"":5.5,\""ratio_str\"":\""5.50\""},{\""name\"":\""关注\"",\""value\"":10553,\""ratio\"":2.76,\""ratio_str\"":\""2.76\""},{\""name\"":\""视频推荐\"",\""value\"":10527,\""ratio\"":2.75,\""ratio_str\"":\""2.75\""},{\""name\"":\""个人主页\"",\""value\"":4484,\""ratio\"":1.150000000000004,\""ratio_str\"":\""1.15\""},{\""name\"":\""商业化\"",\""value\"":27,\""ratio\"":0.01,\""ratio_str\"":\""0.01\""},{\""name\"":\""同城\"",\""value\"":23,\""ratio\"":0.01,\""ratio_str\"":\""0.01\""}]""","""[{\""name\"":\""其他\"",\""value\"":1873,\""ratio\"":4.57,\""ratio_str\"":\""4.57\""},{\""name\"":\""同城\"",\""value\"":16,\""ratio\"":0.04,\""ratio_str\"":\""0.04\""},{\""name\"":\""商业化\"",\""value\"":10,\""ratio\"":0.02,\""ratio_str\"":\""0.02\""},{\""name\"":\""搜索\"",\""value\"":1046,\""ratio\"":2.55,\""ratio_str\"":\""2.55\""},{\""name\"":\""直播推荐\"",\""value\"":36076,\""ratio\"":87.98,\""ratio_str\"":\""87.98\""},{\""name\"":\""视频推荐\"",\""value\"":184,\""ratio\"":0.45,\""ratio_str\"":\""0.45\""},{\""name\"":\""个人主页\"",\""value\"":355,\""ratio\"":0.87,\""ratio_str\"":\""0.87\""},{\""name\"":\""关注\"",\""value\"":1444,\""ratio\"":3.52,\""ratio_str\"":\""3.52\""}]""",1160,3486,0.1579,0.0231,0.0291,0.0079,0.1115,0.3927,0.7850,0.3704,0.5273,0.2497,2025-10-22 22:41:59
财经葛先生,7563930443058268955,"黄金大跌，被套的怎么办",2025-10-22 14:33:36,2025-10-22 15:25:31,51,61,36,3,3,0,2,2,2,0,1,0.00,18565,1224,85,1139,24,1,1,1.2800,3.2500,0.9800,46,16,30,1787,798,989,3,3,0,,,0,0,0.0659,0.0196,0.0376,0.0016,0.0694,0.3478,0.4466,1.0000,1.0000,0.0000,2025-12-30 11:19:45
老桑财知道,7563891313448454939,"黄金暴跌6%，到底发生了什么，普通人该怎么办？",2025-10-22 12:01:50,2025-10-22 12:59:44,57,3624,2352,998,980,18,387,384,373,11,196,49.90,186475,35756,4896,30860,1671,12,170,3.0100,11.8800,1.1700,1337,1012,325,58938,57251,1687,89,55,34,"""[{\""name\"":\""个人主页\"",\""value\"":3237,\""ratio\"":1.24,\""ratio_str\"":\""1.24\""},{\""name\"":\""关注\"",\""value\"":6634,\""ratio\"":2.53,\""ratio_str\"":\""2.53\""},{\""name\"":\""其他\"",\""value\"":12972,\""ratio\"":4.95,\""ratio_str\"":\""4.95\""},{\""name\"":\""同城\"",\""value\"":26,\""ratio\"":0.01,\""ratio_str\"":\""0.01\""},{\""name\"":\""商业化\"",\""value\"":392,\""ratio\"":0.15,\""ratio_str\"":\""0.15\""},{\""name\"":\""搜索\"",\""value\"":16601,\""ratio\"":6.33,\""ratio_str\"":\""6.33\""},{\""name\"":\""直播推荐\"",\""value\"":221110,\""ratio\"":84.36,\""ratio_str\"":\""84.36\""},{\""name\"":\""视频推荐\"",\""value\"":1116,\""ratio\"":0.43,\""ratio_str\"":\""0.43\""}]""","""[{\""name\"":\""个人主页\"",\""value\"":334,\""ratio\"":0.94,\""ratio_str\"":\""0.94\""},{\""name\"":\""关注\"",\""value\"":991,\""ratio\"":2.79,\""ratio_str\"":\""2.79\""},{\""name\"":\""其他\"",\""value\"":1132,\""ratio\"":3.18,\""ratio_str\"":\""3.18\""},{\""name\"":\""同城\"",\""value\"":10,\""ratio\"":0.03,\""ratio_str\"":\""0.03\""},{\""name\"":\""商业化\"",\""value\"":10,\""ratio\"":0.03,\""ratio_str\"":\""0.03\""},{\""name\"":\""搜索\"",\""value\"":2145,\""ratio\"":6.03,\""ratio_str\"":\""6.03\""},{\""name\"":\""直播推荐\"",\""value\"":30906,\""ratio\"":86.93,\""ratio_str\"":\""86.93\""},{\""name\"":\""视频推荐\"",\""value\"":26,\""ratio\"":0.07,\""ratio_str\"":\""0.07\""}]""",1011,3885,0.1917,0.0467,0.0374,0.0107,0.1369,0.7569,0.9714,0.6180,0.9714,0.2065,2025-10-23 22:49:23
戴维李,7563882694099733257,"行情反弹！调整结束了吗？",2025-10-22 11:28:30,2025-10-22 12:19:24,50,5786,4317,1289,979,310,493,451,263,188,245,64.45,410627,66738,5646,61092,2445,21,188,2.4800,6.9100,1.6000,2057,683,1374,125403,83788,41615,166,31,135,"""[{\""name\"":\""同城\"",\""value\"":14,\""ratio\"":0,\""ratio_str\"":\""0.00\""},{\""name\"":\""商业化\"",\""value\"":30,\""ratio\"":0.01,\""ratio_str\"":\""0.01\""},{\""name\"":\""搜索\"",\""value\"":31214,\""ratio\"":5.28,\""ratio_str\"":\""5.28\""},{\""name\"":\""直播推荐\"",\""value\"":496403,\""ratio\"":83.92,\""ratio_str\"":\""83.92\""},{\""name\"":\""视频推荐\"",\""value\"":18893,\""ratio\"":3.19,\""ratio_str\"":\""3.19\""},{\""name\"":\""个人主页\"",\""value\"":7255,\""ratio\"":1.23,\""ratio_str\"":\""1.23\""},{\""name\"":\""关注\"",\""value\"":12446,\""ratio\"":2.1,\""ratio_str\"":\""2.10\""},{\""name\"":\""其他\"",\""value\"":25237,\""ratio\"":4.27,\""ratio_str\"":\""4.27\""}]""","""[{\""name\"":\""直播推荐\"",\""value\"":60426,\""ratio\"":90.82,\""ratio_str\"":\""90.82\""},{\""name\"":\""其他\"",\""value\"":2127,\""ratio\"":3.2,\""ratio_str\"":\""3.20\""},{\""name\"":\""关注\"",\""value\"":1644,\""ratio\"":2.47,\""ratio_str\"":\""2.47\""},{\""name\"":\""搜索\"",\""value\"":1572,\""ratio\"":2.36,\""ratio_str\"":\""2.36\""},{\""name\"":\""个人主页\"",\""value\"":492,\""ratio\"":0.74,\""ratio_str\"":\""0.74\""},{\""name\"":\""视频推荐\"",\""value\"":247,\""ratio\"":0.37,\""ratio_str\"":\""0.37\""},{\""name\"":\""商业化\"",\""value\"":16,\""ratio\"":0.02,\""ratio_str\"":\""0.02\""},{\""name\"":\""同城\"",\""value\"":9,\""ratio\"":0.020000000000005118,\""ratio_str\"":\""0.02\""}]""",1411,4235,0.1625,0.0366,0.0308,0.0068,0.0846,0.3320,0.6681,0.1867,0.5831,0.2499,2025-10-22 22:42:42
财经葛先生,7563859189496335114,"行情反弹，明天大盘怎么走",2025-10-22 09:57:13,2025-10-22 10:46:55,49,26,9,5,5,0,3,3,3,0,2,0.00,1486,320,31,289,3,1,0,1.0300,4.5000,0.5700,6,4,2,353,51,302,0,0,0,,,0,0,0.2153,0.0094,0.0188,0.0094,0.0969,0.6667,0.1445,0.0000,1.0000,0.0000,2025-12-30 11:20:24
老桑财知道,7563848603131775754,"事件的底层逻辑分析，授人以渔直播间！",2025-10-22 09:16:08,2025-10-22 09:45:23,29,2375,1562,936,928,8,163,206,199,7,112,46.80,103048,14095,2552,11543,1014,4,91,2.5600,6.5500,1.1300,474,345,129,18780,18142,638,40,27,13,"""[{\""name\"":\""直播推荐\"",\""value\"":123048,\""ratio\"":88.54,\""ratio_str\"":\""88.54\""},{\""name\"":\""其他\"",\""value\"":6089,\""ratio\"":4.38,\""ratio_str\"":\""4.38\""},{\""name\"":\""搜索\"",\""value\"":4280,\""ratio\"":3.08,\""ratio_str\"":\""3.08\""},{\""name\"":\""关注\"",\""value\"":3392,\""ratio\"":2.44,\""ratio_str\"":\""2.44\""},{\""name\"":\""个人主页\"",\""value\"":1562,\""ratio\"":1.12,\""ratio_str\"":\""1.12\""},{\""name\"":\""视频推荐\"",\""value\"":467,\""ratio\"":0.34,\""ratio_str\"":\""0.34\""},{\""name\"":\""商业化\"",\""value\"":120,\""ratio\"":0.09,\""ratio_str\"":\""0.09\""},{\""name\"":\""同城\"",\""value\"":10,\""ratio\"":0.00999999999998579,\""ratio_str\"":\""0.01\""}]""","""[{\""name\"":\""直播推荐\"",\""value\"":12476,\""ratio\"":88.9,\""ratio_str\"":\""88.90\""},{\""name\"":\""搜索\"",\""value\"":528,\""ratio\"":3.76,\""ratio_str\"":\""3.76\""},{\""name\"":\""其他\"",\""value\"":464,\""ratio\"":3.31,\""ratio_str\"":\""3.31\""},{\""name\"":\""关注\"",\""value\"":431,\""ratio\"":3.07,\""ratio_str\"":\""3.07\""},{\""name\"":\""个人主页\"",\""value\"":111,\""ratio\"":0.79,\""ratio_str\"":\""0.79\""},{\""name\"":\""视频推荐\"",\""value\"":16,\""ratio\"":0.11,\""ratio_str\"":\""0.11\""},{\""name\"":\""同城\"",\""value\"":4,\""ratio\"":0.03,\""ratio_str\"":\""0.03\""},{\""name\"":\""商业化\"",\""value\"":3,\""ratio\"":0.029999999999990905,\""ratio_str\"":\""0.03\""}]""",513,2039,0.1368,0.0719,0.0336,0.0146,0.1811,0.7278,0.9660,0.6750,0.9660,0.2010,2025-10-23 22:50:45
戴维李,7563828025754766126,"行情反弹！调整结束了吗？",2025-10-22 07:56:40,2025-10-22 08:33:45,37,5482,3381,1525,1207,318,413,391,225,166,221,76.25,321126,42992,4104,38888,1469,11,181,2.1900,5.9800,1.4500,1366,521,845,40520,32963,7557,111,37,74,"""[{\""name\"":\""直播推荐\"",\""value\"":399584,\""ratio\"":91.66,\""ratio_str\"":\""91.66\""},{\""name\"":\""其他\"",\""value\"":12511,\""ratio\"":2.87,\""ratio_str\"":\""2.87\""},{\""name\"":\""搜索\"",\""value\"":11739,\""ratio\"":2.69,\""ratio_str\"":\""2.69\""},{\""name\"":\""关注\"",\""value\"":6559,\""ratio\"":1.5,\""ratio_str\"":\""1.50\""},{\""name\"":\""个人主页\"",\""value\"":3864,\""ratio\"":0.89,\""ratio_str\"":\""0.89\""},{\""name\"":\""视频推荐\"",\""value\"":1652,\""ratio\"":0.38,\""ratio_str\"":\""0.38\""},{\""name\"":\""商业化\"",\""value\"":28,\""ratio\"":0.010000000000014211,\""ratio_str\"":\""0.01\""},{\""name\"":\""同城\"",\""value\"":6,\""ratio\"":0,\""ratio_str\"":\""0.00\""}]""","""[{\""name\"":\""直播推荐\"",\""value\"":38987,\""ratio\"":90.75,\""ratio_str\"":\""90.75\""},{\""name\"":\""搜索\"",\""value\"":1537,\""ratio\"":3.58,\""ratio_str\"":\""3.58\""},{\""name\"":\""其他\"",\""value\"":1261,\""ratio\"":2.94,\""ratio_str\"":\""2.94\""},{\""name\"":\""关注\"",\""value\"":914,\""ratio\"":2.13,\""ratio_str\"":\""2.13\""},{\""name\"":\""个人主页\"",\""value\"":230,\""ratio\"":0.54,\""ratio_str\"":\""0.54\""},{\""name\"":\""视频推荐\"",\""value\"":16,\""ratio\"":0.04,\""ratio_str\"":\""0.04\""},{\""name\"":\""商业化\"",\""value\"":14,\""ratio\"":0.009999999999989767,\""ratio_str\"":\""0.01\""},{\""name\"":\""同城\"",\""value\"":3,\""ratio\"":0.01,\""ratio_str\"":\""0.01\""}]""",1019,3085,0.1339,0.0342,0.0318,0.0091,0.0955,0.3814,0.8135,0.3333,0.5754,0.2483,2025-10-22 22:43:24
财经葛先生,7563600416953453362,"行情反弹，明天大盘怎么走",2025-10-21 17:13:06,2025-10-21 17:56:22,43,22,12,4,4,0,4,1,1,0,1,0.00,1765,1247,53,1194,4,0,0,0.2500,1.9800,0.1800,6,2,4,1179,1177,2,2,2,0,,,0,0,0.7065,0.0032,0.0048,0.0008,0.0425,0.3333,0.9983,1.0000,1.0000,0.0000,2025-12-30 11:21:04
老桑财知道,7563589649558522650,"事件的底层逻辑分析，授人以渔直播间！",2025-10-21 16:31:11,2025-10-21 17:22:25,51,874,690,796,792,4,51,125,123,2,26,39.80,59409,11408,1948,9460,156,7,17,2.3200,7.5900,0.8000,251,221,30,38622,38471,151,7,5,2,"""[{\""name\"":\""直播推荐\"",\""value\"":63747,\""ratio\"":78.96,\""ratio_str\"":\""78.96\""},{\""name\"":\""其他\"",\""value\"":8275,\""ratio\"":10.25,\""ratio_str\"":\""10.25\""},{\""name\"":\""关注\"",\""value\"":3960,\""ratio\"":4.91,\""ratio_str\"":\""4.91\""},{\""name\"":\""视频推荐\"",\""value\"":2677,\""ratio\"":3.32,\""ratio_str\"":\""3.32\""},{\""name\"":\""搜索\"",\""value\"":1101,\""ratio\"":1.36,\""ratio_str\"":\""1.36\""},{\""name\"":\""个人主页\"",\""value\"":911,\""ratio\"":1.13,\""ratio_str\"":\""1.13\""},{\""name\"":\""商业化\"",\""value\"":48,\""ratio\"":0.06,\""ratio_str\"":\""0.06\""},{\""name\"":\""同城\"",\""value\"":10,\""ratio\"":0.010000000000014211,\""ratio_str\"":\""0.01\""}]""","""[{\""name\"":\""直播推荐\"",\""value\"":9904,\""ratio\"":87.32,\""ratio_str\"":\""87.32\""},{\""name\"":\""关注\"",\""value\"":593,\""ratio\"":5.23,\""ratio_str\"":\""5.23\""},{\""name\"":\""其他\"",\""value\"":523,\""ratio\"":4.61,\""ratio_str\"":\""4.61\""},{\""name\"":\""个人主页\"",\""value\"":153,\""ratio\"":1.35,\""ratio_str\"":\""1.35\""},{\""name\"":\""搜索\"",\""value\"":124,\""ratio\"":1.09,\""ratio_str\"":\""1.09\""},{\""name\"":\""视频推荐\"",\""value\"":41,\""ratio\"":0.36,\""ratio_str\"":\""0.36\""},{\""name\"":\""同城\"",\""value\"":2,\""ratio\"":0.02000000000001421,\""ratio_str\"":\""0.02\""},{\""name\"":\""商业化\"",\""value\"":2,\""ratio\"":0.02,\""ratio_str\"":\""0.02\""}]""",603,1345,0.1920,0.0137,0.0220,0.0110,0.1708,0.8805,0.9961,0.7143,0.9840,0.3095,2025-10-23 22:51:26
戴维李,7563565794492156718,"行情反弹！调整结束了吗？",2025-10-21 14:58:32,2025-10-21 16:11:56,73,1333,957,3153,3089,64,185,247,219,28,70,157.65,77823,15832,4419,11413,191,16,50,3.5800,7.1500,1.0800,568,459,109,109967,104472,5495,27,17,10,"""[{\""name\"":\""商业化\"",\""value\"":16,\""ratio\"":0.01,\""ratio_str\"":\""0.01\""},{\""name\"":\""搜索\"",\""value\"":2419,\""ratio\"":1.94,\""ratio_str\"":\""1.94\""},{\""name\"":\""直播推荐\"",\""value\"":87971,\""ratio\"":70.39,\""ratio_str\"":\""70.39\""},{\""name\"":\""视频推荐\"",\""value\"":1707,\""ratio\"":1.37,\""ratio_str\"":\""1.37\""},{\""name\"":\""个人主页\"",\""value\"":2488,\""ratio\"":1.99,\""ratio_str\"":\""1.99\""},{\""name\"":\""关注\"",\""value\"":11069,\""ratio\"":8.86,\""ratio_str\"":\""8.86\""},{\""name\"":\""其他\"",\""value\"":19296,\""ratio\"":15.44,\""ratio_str\"":\""15.44\""},{\""name\"":\""同城\"",\""value\"":6,\""ratio\"":0,\""ratio_str\"":\""0.00\""}]""","""[{\""name\"":\""直播推荐\"",\""value\"":12742,\""ratio\"":78.86,\""ratio_str\"":\""78.86\""},{\""name\"":\""其他\"",\""value\"":1443,\""ratio\"":8.93,\""ratio_str\"":\""8.93\""},{\""name\"":\""关注\"",\""value\"":1393,\""ratio\"":8.62,\""ratio_str\"":\""8.62\""},{\""name\"":\""个人主页\"",\""value\"":299,\""ratio\"":1.85,\""ratio_str\"":\""1.85\""},{\""name\"":\""搜索\"",\""value\"":248,\""ratio\"":1.53,\""ratio_str\"":\""1.53\""},{\""name\"":\""视频推荐\"",\""value\"":20,\""ratio\"":0.12,\""ratio_str\"":\""0.12\""},{\""name\"":\""同城\"",\""value\"":6,\""ratio\"":0.05000000000000512,\""ratio_str\"":\""0.05\""},{\""name\"":\""商业化\"",\""value\"":6,\""ratio\"":0.04,\""ratio_str\"":\""0.04\""}]""",1340,3079,0.2034,0.0121,0.0359,0.0156,0.2791,0.8081,0.9500,0.6296,0.8866,0.3032,2025-10-21 22:41:41
老桑财知道,7563521143341173542,"事件的底层逻辑分析，授人以渔直播间！",2025-10-21 12:05:26,2025-10-21 13:00:35,55,699,520,525,523,2,42,182,181,1,27,26.25,40253,9263,2065,7198,81,6,13,2.3700,6.8400,0.6600,260,239,21,31894,31341,553,8,4,4,"""[{\""name\"":\""直播推荐\"",\""value\"":41630,\""ratio\"":69.42,\""ratio_str\"":\""69.42\""},{\""name\"":\""其他\"",\""value\"":8080,\""ratio\"":13.47,\""ratio_str\"":\""13.47\""},{\""name\"":\""关注\"",\""value\"":5356,\""ratio\"":8.93,\""ratio_str\"":\""8.93\""},{\""name\"":\""视频推荐\"",\""value\"":2795,\""ratio\"":4.66,\""ratio_str\"":\""4.66\""},{\""name\"":\""搜索\"",\""value\"":1015,\""ratio\"":1.69,\""ratio_str\"":\""1.69\""},{\""name\"":\""个人主页\"",\""value\"":958,\""ratio\"":1.6,\""ratio_str\"":\""1.60\""},{\""name\"":\""商业化\"",\""value\"":115,\""ratio\"":0.19,\""ratio_str\"":\""0.19\""},{\""name\"":\""同城\"",\""value\"":18,\""ratio\"":0.039999999999990904,\""ratio_str\"":\""0.04\""}]""","""[{\""name\"":\""直播推荐\"",\""value\"":7708,\""ratio\"":83.34,\""ratio_str\"":\""83.34\""},{\""name\"":\""关注\"",\""value\"":697,\""ratio\"":7.54,\""ratio_str\"":\""7.54\""},{\""name\"":\""其他\"",\""value\"":522,\""ratio\"":5.64,\""ratio_str\"":\""5.64\""},{\""name\"":\""个人主页\"",\""value\"":188,\""ratio\"":2.03,\""ratio_str\"":\""2.03\""},{\""name\"":\""搜索\"",\""value\"":96,\""ratio\"":1.04,\""ratio_str\"":\""1.04\""},{\""name\"":\""视频推荐\"",\""value\"":32,\""ratio\"":0.35,\""ratio_str\"":\""0.35\""},{\""name\"":\""商业化\"",\""value\"":3,\""ratio\"":0.029999999999985788,\""ratio_str\"":\""0.03\""},{\""name\"":\""同城\"",\""value\"":3,\""ratio\"":0.03,\""ratio_str\"":\""0.03\""}]""",634,1431,0.2301,0.0087,0.0281,0.0196,0.2229,0.9192,0.9827,0.5000,0.9945,0.3070,2025-10-23 22:52:49
戴维李,7563515820073110298,"行情反弹！调整结束了吗？",2025-10-21 11:44:54,2025-10-21 12:44:02,59,1226,989,1523,1489,34,106,319,301,18,51,76.15,62503,12972,4292,8680,150,2,33,3.6800,7.0400,1.0200,660,573,87,104438,101473,2965,30,26,4,"""[{\""name\"":\""视频推荐\"",\""value\"":1811,\""ratio\"":1.78,\""ratio_str\"":\""1.78\""},{\""name\"":\""个人主页\"",\""value\"":2294,\""ratio\"":2.25,\""ratio_str\"":\""2.25\""},{\""name\"":\""关注\"",\""value\"":10716,\""ratio\"":10.52,\""ratio_str\"":\""10.52\""},{\""name\"":\""其他\"",\""value\"":15631,\""ratio\"":15.34,\""ratio_str\"":\""15.34\""},{\""name\"":\""商业化\"",\""value\"":13,\""ratio\"":0.01,\""ratio_str\"":\""0.01\""},{\""name\"":\""搜索\"",\""value\"":2153,\""ratio\"":2.11,\""ratio_str\"":\""2.11\""},{\""name\"":\""直播推荐\"",\""value\"":69274,\""ratio\"":67.99,\""ratio_str\"":\""67.99\""}]""","""[{\""name\"":\""直播推荐\"",\""value\"":10178,\""ratio\"":77.56,\""ratio_str\"":\""77.56\""},{\""name\"":\""视频推荐\"",\""value\"":22,\""ratio\"":0.17,\""ratio_str\"":\""0.17\""},{\""name\"":\""个人主页\"",\""value\"":316,\""ratio\"":2.41,\""ratio_str\"":\""2.41\""},{\""name\"":\""关注\"",\""value\"":1336,\""ratio\"":10.18,\""ratio_str\"":\""10.18\""},{\""name\"":\""其他\"",\""value\"":1054,\""ratio\"":8.03,\""ratio_str\"":\""8.03\""},{\""name\"":\""商业化\"",\""value\"":4,\""ratio\"":0.03,\""ratio_str\"":\""0.03\""},{\""name\"":\""搜索\"",\""value\"":212,\""ratio\"":1.62,\""ratio_str\"":\""1.62\""}]""",1395,2897,0.2075,0.0116,0.0509,0.0246,0.3309,0.8682,0.9716,0.8667,0.9436,0.3250,2025-10-21 22:42:24
财经葛先生,7563242880010029833,"行情反弹，明天大盘怎么走",2025-10-20 18:05:35,2025-10-20 19:04:14,58,12,5,1,1,0,0,1,1,0,0,0.00,1085,380,48,332,0,0,0,0.4500,2.1500,0.2700,5,3,2,283,281,2,0,0,0,,,0,0,0.3502,0.0000,0.0132,0.0026,0.1263,0.6000,0.9929,0.0000,1.0000,0.0000,2025-12-30 11:21:45
老桑财知道,7563221739082550042,"事件的底层逻辑分析，授人以渔直播间！",2025-10-20 16:43:44,2025-10-20 17:27:39,43,1255,934,1691,1663,28,48,204,188,16,30,84.55,73480,16084,1756,14328,199,5,20,1.7900,7.7200,0.7800,402,291,111,33827,32226,1601,9,4,5,"""[{\""name\"":\""直播推荐\"",\""value\"":81389,\""ratio\"":85.65,\""ratio_str\"":\""85.65\""},{\""name\"":\""其他\"",\""value\"":7434,\""ratio\"":7.82,\""ratio_str\"":\""7.82\""},{\""name\"":\""关注\"",\""value\"":3739,\""ratio\"":3.93,\""ratio_str\"":\""3.93\""},{\""name\"":\""个人主页\"",\""value\"":883,\""ratio\"":0.93,\""ratio_str\"":\""0.93\""},{\""name\"":\""搜索\"",\""value\"":809,\""ratio\"":0.85,\""ratio_str\"":\""0.85\""},{\""name\"":\""视频推荐\"",\""value\"":746,\""ratio\"":0.79,\""ratio_str\"":\""0.79\""},{\""name\"":\""商业化\"",\""value\"":16,\""ratio\"":0.02,\""ratio_str\"":\""0.02\""},{\""name\"":\""同城\"",\""value\"":5,\""ratio\"":0.00999999999998579,\""ratio_str\"":\""0.01\""}]""","""[{\""name\"":\""个人主页\"",\""value\"":122,\""ratio\"":0.76,\""ratio_str\"":\""0.76\""},{\""name\"":\""关注\"",\""value\"":597,\""ratio\"":3.74,\""ratio_str\"":\""3.74\""},{\""name\"":\""其他\"",\""value\"":586,\""ratio\"":3.67,\""ratio_str\"":\""3.67\""},{\""name\"":\""商业化\"",\""value\"":3,\""ratio\"":0.02,\""ratio_str\"":\""0.02\""},{\""name\"":\""搜索\"",\""value\"":82,\""ratio\"":0.51,\""ratio_str\"":\""0.51\""},{\""name\"":\""直播推荐\"",\""value\"":14555,\""ratio\"":91.19,\""ratio_str\"":\""91.19\""},{\""name\"":\""视频推荐\"",\""value\"":17,\""ratio\"":0.11,\""ratio_str\"":\""0.11\""}]""",589,1167,0.2189,0.0124,0.0250,0.0127,0.1092,0.7239,0.9527,0.4444,0.9216,0.3354,2025-10-20 22:46:39
戴维李,7563199339448060681,"行情反弹！调整结束了吗？",2025-10-20 15:16:31,2025-10-20 16:07:04,50,1861,1363,815,744,71,169,366,324,42,83,40.75,86028,19343,4331,15012,261,9,64,2.7600,6.7800,0.8900,849,652,197,101986,93328,8658,32,21,11,"""[{\""name\"":\""直播推荐\"",\""value\"":99575,\""ratio\"":76.75,\""ratio_str\"":\""76.75\""},{\""name\"":\""其他\"",\""value\"":15457,\""ratio\"":11.91,\""ratio_str\"":\""11.91\""},{\""name\"":\""关注\"",\""value\"":8106,\""ratio\"":6.25,\""ratio_str\"":\""6.25\""},{\""name\"":\""个人主页\"",\""value\"":2370,\""ratio\"":1.83,\""ratio_str\"":\""1.83\""},{\""name\"":\""视频推荐\"",\""value\"":2257,\""ratio\"":1.74,\""ratio_str\"":\""1.74\""},{\""name\"":\""搜索\"",\""value\"":1939,\""ratio\"":1.49,\""ratio_str\"":\""1.49\""},{\""name\"":\""商业化\"",\""value\"":17,\""ratio\"":0.01,\""ratio_str\"":\""0.01\""},{\""name\"":\""同城\"",\""value\"":11,\""ratio\"":0.020000000000005118,\""ratio_str\"":\""0.02\""}]""","""[{\""name\"":\""直播推荐\"",\""value\"":16622,\""ratio\"":85.54,\""ratio_str\"":\""85.54\""},{\""name\"":\""关注\"",\""value\"":1167,\""ratio\"":6.01,\""ratio_str\"":\""6.01\""},{\""name\"":\""其他\"",\""value\"":1065,\""ratio\"":5.48,\""ratio_str\"":\""5.48\""},{\""name\"":\""个人主页\"",\""value\"":326,\""ratio\"":1.68,\""ratio_str\"":\""1.68\""},{\""name\"":\""搜索\"",\""value\"":220,\""ratio\"":1.13,\""ratio_str\"":\""1.13\""},{\""name\"":\""视频推荐\"",\""value\"":18,\""ratio\"":0.09,\""ratio_str\"":\""0.09\""},{\""name\"":\""商业化\"",\""value\"":7,\""ratio\"":0.04,\""ratio_str\"":\""0.04\""},{\""name\"":\""同城\"",\""value\"":6,\""ratio\"":0.029999999999985788,\""ratio_str\"":\""0.03\""}]""",1366,2965,0.2248,0.0135,0.0439,0.0189,0.2239,0.7680,0.9151,0.6563,0.8852,0.3154,2025-10-20 22:41:40
戴维李,7563150508786027291,"大A险守3800，牛市结束了吗？",2025-10-20 12:07:17,2025-10-20 12:57:44,50,1565,1213,6740,6700,40,106,462,437,25,58,337.00,72851,14126,4383,9743,188,14,33,3.5400,7.3200,0.9400,622,524,98,126600,118919,7681,36,32,4,"""[{\""name\"":\""直播推荐\"",\""value\"":79663,\""ratio\"":70.29,\""ratio_str\"":\""70.29\""},{\""name\"":\""其他\"",\""value\"":16159,\""ratio\"":14.26,\""ratio_str\"":\""14.26\""},{\""name\"":\""关注\"",\""value\"":9581,\""ratio\"":8.45,\""ratio_str\"":\""8.45\""},{\""name\"":\""视频推荐\"",\""value\"":3319,\""ratio\"":2.93,\""ratio_str\"":\""2.93\""},{\""name\"":\""个人主页\"",\""value\"":2433,\""ratio\"":2.15,\""ratio_str\"":\""2.15\""},{\""name\"":\""搜索\"",\""value\"":2162,\""ratio\"":1.91,\""ratio_str\"":\""1.91\""},{\""name\"":\""商业化\"",\""value\"":14,\""ratio\"":0.00999999999998579,\""ratio_str\"":\""0.01\""},{\""name\"":\""同城\"",\""value\"":5,\""ratio\"":0,\""ratio_str\"":\""0.00\""}]""","""[{\""name\"":\""同城\"",\""value\"":3,\""ratio\"":0.02,\""ratio_str\"":\""0.02\""},{\""name\"":\""商业化\"",\""value\"":4,\""ratio\"":0.03,\""ratio_str\"":\""0.03\""},{\""name\"":\""搜索\"",\""value\"":198,\""ratio\"":1.4,\""ratio_str\"":\""1.40\""},{\""name\"":\""直播推荐\"",\""value\"":11078,\""ratio\"":78.43,\""ratio_str\"":\""78.43\""},{\""name\"":\""视频推荐\"",\""value\"":30,\""ratio\"":0.21,\""ratio_str\"":\""0.21\""},{\""name\"":\""个人主页\"",\""value\"":299,\""ratio\"":2.12,\""ratio_str\"":\""2.12\""},{\""name\"":\""关注\"",\""value\"":1228,\""ratio\"":8.69,\""ratio_str\"":\""8.69\""},{\""name\"":\""其他\"",\""value\"":1285,\""ratio\"":9.1,\""ratio_str\"":\""9.10\""}]""",1463,2920,0.1939,0.0133,0.0440,0.0327,0.3103,0.8424,0.9393,0.8889,0.9459,0.3338,2025-10-20 22:42:21
老桑财知道,7562146985428405030,"东半球最强直播间",2025-10-17 19:12:48,2025-10-17 20:14:12,61,1629,929,292,234,58,76,116,84,32,41,14.60,92253,20331,1998,18333,388,5,28,2.0100,7.4200,1.0300,364,209,155,41820,37673,4147,26,12,14,"""[{\""name\"":\""直播推荐\"",\""value\"":85853,\""ratio\"":66.21,\""ratio_str\"":\""66.21\""},{\""name\"":\""视频推荐\"",\""value\"":17117,\""ratio\"":13.2,\""ratio_str\"":\""13.20\""},{\""name\"":\""其他\"",\""value\"":14010,\""ratio\"":10.8,\""ratio_str\"":\""10.80\""},{\""name\"":\""关注\"",\""value\"":5786,\""ratio\"":4.46,\""ratio_str\"":\""4.46\""},{\""name\"":\""搜索\"",\""value\"":5297,\""ratio\"":4.08,\""ratio_str\"":\""4.08\""},{\""name\"":\""个人主页\"",\""value\"":1556,\""ratio\"":1.2,\""ratio_str\"":\""1.20\""},{\""name\"":\""商业化\"",\""value\"":37,\""ratio\"":0.03,\""ratio_str\"":\""0.03\""},{\""name\"":\""同城\"",\""value\"":19,\""ratio\"":0.020000000000005118,\""ratio_str\"":\""0.02\""}]""","""[{\""name\"":\""直播推荐\"",\""value\"":17759,\""ratio\"":87.73,\""ratio_str\"":\""87.73\""},{\""name\"":\""其他\"",\""value\"":852,\""ratio\"":4.21,\""ratio_str\"":\""4.21\""},{\""name\"":\""关注\"",\""value\"":737,\""ratio\"":3.64,\""ratio_str\"":\""3.64\""},{\""name\"":\""搜索\"",\""value\"":360,\""ratio\"":1.78,\""ratio_str\"":\""1.78\""},{\""name\"":\""视频推荐\"",\""value\"":337,\""ratio\"":1.66,\""ratio_str\"":\""1.66\""},{\""name\"":\""个人主页\"",\""value\"":182,\""ratio\"":0.9,\""ratio_str\"":\""0.90\""},{\""name\"":\""商业化\"",\""value\"":15,\""ratio\"":0.07999999999999091,\""ratio_str\"":\""0.08\""}]""",674,1324,0.2204,0.0191,0.0179,0.0057,0.0983,0.5742,0.9008,0.4615,0.7241,0.3373,2025-10-17 22:46:44
老桑财知道,7562107191243606810,"东半球最强直播间",2025-10-17 16:38:31,2025-10-17 17:43:23,64,2854,1727,1147,1053,94,119,212,153,59,78,57.35,218918,38432,2503,35929,917,13,62,2.0900,9.9200,1.2100,881,396,485,52057,43290,8767,39,20,19,"""[{\""name\"":\""直播推荐\"",\""value\"":240333,\""ratio\"":83.35,\""ratio_str\"":\""83.35\""},{\""name\"":\""视频推荐\"",\""value\"":16195,\""ratio\"":5.62,\""ratio_str\"":\""5.62\""},{\""name\"":\""其他\"",\""value\"":16044,\""ratio\"":5.56,\""ratio_str\"":\""5.56\""},{\""name\"":\""搜索\"",\""value\"":7189,\""ratio\"":2.49,\""ratio_str\"":\""2.49\""},{\""name\"":\""关注\"",\""value\"":6104,\""ratio\"":2.12,\""ratio_str\"":\""2.12\""},{\""name\"":\""个人主页\"",\""value\"":2430,\""ratio\"":0.84,\""ratio_str\"":\""0.84\""},{\""name\"":\""商业化\"",\""value\"":33,\""ratio\"":0.019999999999990907,\""ratio_str\"":\""0.02\""},{\""name\"":\""同城\"",\""value\"":13,\""ratio\"":0,\""ratio_str\"":\""0.00\""}]""","""[{\""name\"":\""直播推荐\"",\""value\"":34929,\""ratio\"":91.57,\""ratio_str\"":\""91.57\""},{\""name\"":\""其他\"",\""value\"":1102,\""ratio\"":2.89,\""ratio_str\"":\""2.89\""},{\""name\"":\""关注\"",\""value\"":904,\""ratio\"":2.37,\""ratio_str\"":\""2.37\""},{\""name\"":\""搜索\"",\""value\"":594,\""ratio\"":1.56,\""ratio_str\"":\""1.56\""},{\""name\"":\""视频推荐\"",\""value\"":345,\""ratio\"":0.9,\""ratio_str\"":\""0.90\""},{\""name\"":\""个人主页\"",\""value\"":258,\""ratio\"":0.68,\""ratio_str\"":\""0.68\""},{\""name\"":\""商业化\"",\""value\"":11,\""ratio\"":0.029999999999985788,\""ratio_str\"":\""0.03\""}]""",786,1717,0.1756,0.0239,0.0229,0.0055,0.0651,0.4495,0.8316,0.5128,0.7217,0.3140,2025-10-17 22:47:27
老桑财知道,7562036116493470514,"东半球最强直播间",2025-10-17 12:02:49,2025-10-17 13:00:06,57,1750,1167,1326,1290,36,72,238,215,23,49,66.30,103746,17363,2454,14909,394,9,27,3.0400,10.5600,1.2700,680,505,175,53103,50558,2545,45,31,14,"""[{\""name\"":\""同城\"",\""value\"":8,\""ratio\"":0.01,\""ratio_str\"":\""0.01\""},{\""name\"":\""商业化\"",\""value\"":17,\""ratio\"":0.01,\""ratio_str\"":\""0.01\""},{\""name\"":\""搜索\"",\""value\"":2230,\""ratio\"":1.6,\""ratio_str\"":\""1.60\""},{\""name\"":\""直播推荐\"",\""value\"":118688,\""ratio\"":85.1,\""ratio_str\"":\""85.10\""},{\""name\"":\""视频推荐\"",\""value\"":1182,\""ratio\"":0.85,\""ratio_str\"":\""0.85\""},{\""name\"":\""个人主页\"",\""value\"":1407,\""ratio\"":1.01,\""ratio_str\"":\""1.01\""},{\""name\"":\""关注\"",\""value\"":5804,\""ratio\"":4.16,\""ratio_str\"":\""4.16\""},{\""name\"":\""其他\"",\""value\"":10131,\""ratio\"":7.26,\""ratio_str\"":\""7.26\""}]""","""[{\""name\"":\""直播推荐\"",\""value\"":15227,\""ratio\"":87.94,\""ratio_str\"":\""87.94\""},{\""name\"":\""关注\"",\""value\"":851,\""ratio\"":4.91,\""ratio_str\"":\""4.91\""},{\""name\"":\""其他\"",\""value\"":726,\""ratio\"":4.19,\""ratio_str\"":\""4.19\""},{\""name\"":\""搜索\"",\""value\"":255,\""ratio\"":1.47,\""ratio_str\"":\""1.47\""},{\""name\"":\""个人主页\"",\""value\"":225,\""ratio\"":1.3,\""ratio_str\"":\""1.30\""},{\""name\"":\""视频推荐\"",\""value\"":24,\""ratio\"":0.14,\""ratio_str\"":\""0.14\""},{\""name\"":\""商业化\"",\""value\"":8,\""ratio\"":0.050000000000014214,\""ratio_str\"":\""0.05\""}]""",839,1615,0.1674,0.0227,0.0392,0.0137,0.1413,0.7426,0.9521,0.6889,0.9034,0.3419,2025-10-17 22:48:09
财经葛先生,7562012633335876402,"大盘好，个股不给力？",2025-10-17 10:31:25,2025-10-17 11:10:34,39,8,4,6,6,0,6,1,1,0,1,0.00,462,130,38,92,2,0,1,0.9000,1.9300,0.4200,2,1,1,0,0,0,0,0,0,,,0,0,0.2814,0.0154,0.0154,0.0077,0.2923,0.5000,0.0000,0.0000,1.0000,0.0000,2025-12-30 11:22:23
老桑财知道,7561774766768868146,"东半球最强直播间",2025-10-16 19:08:23,2025-10-16 20:19:16,70,735,528,1356,1352,4,47,162,159,3,27,67.80,41300,9147,2241,6906,102,7,19,3.2900,8.9300,0.8400,338,300,38,45952,45832,120,29,25,4,"""[{\""name\"":\""直播推荐\"",\""value\"":44168,\""ratio\"":68.37,\""ratio_str\"":\""68.37\""},{\""name\"":\""其他\"",\""value\"":10437,\""ratio\"":16.16,\""ratio_str\"":\""16.16\""},{\""name\"":\""关注\"",\""value\"":5959,\""ratio\"":9.22,\""ratio_str\"":\""9.22\""},{\""name\"":\""搜索\"",\""value\"":1659,\""ratio\"":2.57,\""ratio_str\"":\""2.57\""},{\""name\"":\""视频推荐\"",\""value\"":1238,\""ratio\"":1.92,\""ratio_str\"":\""1.92\""},{\""name\"":\""个人主页\"",\""value\"":1101,\""ratio\"":1.7,\""ratio_str\"":\""1.70\""},{\""name\"":\""商业化\"",\""value\"":24,\""ratio\"":0.04,\""ratio_str\"":\""0.04\""},{\""name\"":\""同城\"",\""value\"":19,\""ratio\"":0.019999999999994883,\""ratio_str\"":\""0.02\""}]""","""[{\""name\"":\""直播推荐\"",\""value\"":7615,\""ratio\"":82.53,\""ratio_str\"":\""82.53\""},{\""name\"":\""关注\"",\""value\"":815,\""ratio\"":8.83,\""ratio_str\"":\""8.83\""},{\""name\"":\""其他\"",\""value\"":477,\""ratio\"":5.17,\""ratio_str\"":\""5.17\""},{\""name\"":\""个人主页\"",\""value\"":161,\""ratio\"":1.74,\""ratio_str\"":\""1.74\""},{\""name\"":\""搜索\"",\""value\"":128,\""ratio\"":1.39,\""ratio_str\"":\""1.39\""},{\""name\"":\""视频推荐\"",\""value\"":26,\""ratio\"":0.28,\""ratio_str\"":\""0.28\""},{\""name\"":\""商业化\"",\""value\"":5,\""ratio\"":0.06000000000000512,\""ratio_str\"":\""0.06\""}]""",764,1477,0.2215,0.0112,0.0370,0.0177,0.2450,0.8876,0.9974,0.8621,0.9815,0.3409,2025-10-17 22:48:52
财经葛先生,7561748558915980082,"大盘好，个股不给力？",2025-10-16 17:26:58,2025-10-16 17:57:15,30,7,4,1,1,0,0,1,1,0,0,0.00,565,166,21,145,0,1,0,0.4800,2.6300,0.2500,2,1,1,0,0,0,0,0,0,,,0,0,0.2938,0.0000,0.0120,0.0060,0.1265,0.5000,0.0000,0.0000,1.0000,0.0000,2025-12-30 11:23:02
老桑财知道,7561719843704015625,"东半球最强直播间",2025-10-16 15:35:13,2025-10-16 16:50:52,75,1003,643,1589,1582,7,51,295,291,4,32,79.45,47666,10940,2346,8594,142,7,18,3.6100,10.7600,0.7800,433,382,51,49627,48851,776,21,13,8,"""[{\""name\"":\""直播推荐\"",\""value\"":51850,\""ratio\"":72.39,\""ratio_str\"":\""72.39\""},{\""name\"":\""视频推荐\"",\""value\"":1611,\""ratio\"":2.25,\""ratio_str\"":\""2.25\""},{\""name\"":\""个人主页\"",\""value\"":1169,\""ratio\"":1.63,\""ratio_str\"":\""1.63\""},{\""name\"":\""关注\"",\""value\"":5125,\""ratio\"":7.15,\""ratio_str\"":\""7.15\""},{\""name\"":\""其他\"",\""value\"":10507,\""ratio\"":14.67,\""ratio_str\"":\""14.67\""},{\""name\"":\""同城\"",\""value\"":24,\""ratio\"":0.03,\""ratio_str\"":\""0.03\""},{\""name\"":\""商业化\"",\""value\"":14,\""ratio\"":0.02,\""ratio_str\"":\""0.02\""},{\""name\"":\""搜索\"",\""value\"":1330,\""ratio\"":1.86,\""ratio_str\"":\""1.86\""}]""","""[{\""name\"":\""直播推荐\"",\""value\"":9262,\""ratio\"":84.53,\""ratio_str\"":\""84.53\""},{\""name\"":\""视频推荐\"",\""value\"":33,\""ratio\"":0.3,\""ratio_str\"":\""0.30\""},{\""name\"":\""个人主页\"",\""value\"":174,\""ratio\"":1.59,\""ratio_str\"":\""1.59\""},{\""name\"":\""关注\"",\""value\"":765,\""ratio\"":6.98,\""ratio_str\"":\""6.98\""},{\""name\"":\""其他\"",\""value\"":600,\""ratio\"":5.48,\""ratio_str\"":\""5.48\""},{\""name\"":\""商业化\"",\""value\"":2,\""ratio\"":0.02,\""ratio_str\"":\""0.02\""},{\""name\"":\""搜索\"",\""value\"":121,\""ratio\"":1.1,\""ratio_str\"":\""1.10\""}]""",831,1515,0.2295,0.0130,0.0396,0.0270,0.2144,0.8822,0.9844,0.6190,0.9864,0.3542,2025-10-17 22:49:33
财经葛先生,7561382061320194866,"今天A股大盘涨的太好了",2025-10-15 17:44:35,2025-10-15 18:45:11,60,15,10,6,6,0,6,2,2,0,2,0.00,1482,430,32,398,1,1,2,0.7800,8.3200,0.1500,7,3,4,1742,1742,0,0,0,0,,,0,0,0.2901,0.0023,0.0163,0.0047,0.0744,0.4286,1.0000,0.0000,1.0000,0.0000,2025-12-30 11:24:19
财经葛先生,7561290220033805094,"今天A股为什么没有大跌？！",2025-10-15 11:48:17,2025-10-15 12:54:02,65,13,7,11,11,0,11,2,2,0,2,0.00,1853,670,43,627,2,0,1,0.4300,3.8800,0.2000,3,2,1,373,372,1,0,0,0,,,0,0,0.3616,0.0030,0.0045,0.0030,0.0642,0.6667,0.9973,0.0000,1.0000,0.0000,2025-12-30 11:24:58
财经葛先生,7560987838796401459,"今天A股为什么没有大跌？！",2025-10-14 16:14:59,2025-10-14 16:58:37,43,53,15,1,1,0,1,1,1,0,1,0.00,8373,1996,39,1957,1,0,1,0.2200,4.5300,0.1200,9,3,6,789,788,1,0,0,0,,,0,0,0.2384,0.0005,0.0045,0.0005,0.0195,0.3333,0.9987,0.0000,1.0000,0.0000,2025-12-30 11:25:36
财经葛先生,7560643258989202186,"",2025-10-13 17:57:45,2025-10-13 18:58:51,61,10,5,0,0,0,0,0,0,0,0,0.00,1464,284,53,231,1,1,0,0.8800,3.3800,0.2700,4,3,1,570,537,33,2,2,0,,,0,0,0.1940,0.0035,0.0141,0.0000,0.1866,0.7500,0.9421,1.0000,0.0000,0.0000,2025-12-30 11:28:41
财经葛先生,7560627436254251827,"今天A股为什么没有大跌？！",2025-10-13 16:56:22,2025-10-13 17:33:06,36,15,7,2,2,0,2,1,1,0,1,0.00,1113,263,33,230,2,0,0,0.8800,4.9000,0.1700,5,2,3,2001,2001,0,0,0,0,,,0,0,0.2363,0.0076,0.0190,0.0038,0.1255,0.4000,1.0000,0.0000,1.0000,0.0000,2025-12-30 11:29:20
老桑财知道,7559793243005995786,"东半球最强直播间",2025-10-11 10:59:10,2025-10-11 12:19:41,80,1189,739,889,856,33,68,206,180,26,41,44.45,56894,11256,2306,8950,191,5,31,4.4000,11.6700,1.6300,396,299,97,29336,28661,675,38,19,19,"""[{\""name\"":\""直播推荐\"",\""value\"":63802,\""ratio\"":71.79,\""ratio_str\"":\""71.79\""},{\""name\"":\""其他\"",\""value\"":13640,\""ratio\"":15.35,\""ratio_str\"":\""15.35\""},{\""name\"":\""关注\"",\""value\"":6065,\""ratio\"":6.82,\""ratio_str\"":\""6.82\""},{\""name\"":\""搜索\"",\""value\"":2912,\""ratio\"":3.28,\""ratio_str\"":\""3.28\""},{\""name\"":\""视频推荐\"",\""value\"":1238,\""ratio\"":1.39,\""ratio_str\"":\""1.39\""},{\""name\"":\""个人主页\"",\""value\"":1178,\""ratio\"":1.33,\""ratio_str\"":\""1.33\""},{\""name\"":\""商业化\"",\""value\"":37,\""ratio\"":0.03999999999998579,\""ratio_str\"":\""0.04\""},{\""name\"":\""同城\"",\""value\"":3,\""ratio\"":0,\""ratio_str\"":\""0.00\""}]""","""[{\""name\"":\""直播推荐\"",\""value\"":9349,\""ratio\"":82.38,\""ratio_str\"":\""82.38\""},{\""name\"":\""关注\"",\""value\"":816,\""ratio\"":7.19,\""ratio_str\"":\""7.19\""},{\""name\"":\""其他\"",\""value\"":605,\""ratio\"":5.33,\""ratio_str\"":\""5.33\""},{\""name\"":\""搜索\"",\""value\"":367,\""ratio\"":3.23,\""ratio_str\"":\""3.23\""},{\""name\"":\""个人主页\"",\""value\"":159,\""ratio\"":1.4,\""ratio_str\"":\""1.40\""},{\""name\"":\""视频推荐\"",\""value\"":47,\""ratio\"":0.41,\""ratio_str\"":\""0.41\""},{\""name\"":\""商业化\"",\""value\"":5,\""ratio\"":0.06000000000001023,\""ratio_str\"":\""0.06\""}]""",839,1467,0.1978,0.0170,0.0352,0.0183,0.2049,0.7551,0.9770,0.5000,0.8738,0.3638,2025-10-11 22:46:38
老桑财知道,7559499948343495433,"东半球最强直播间",2025-10-10 16:00:53,2025-10-10 17:08:29,67,1235,757,733,731,2,24,135,134,1,17,36.65,79911,13423,2306,11117,244,3,9,2.9200,10.4400,0.7600,408,351,57,33250,32896,354,7,3,4,"""[{\""name\"":\""直播推荐\"",\""value\"":90856,\""ratio\"":81.35,\""ratio_str\"":\""81.35\""},{\""name\"":\""其他\"",\""value\"":11886,\""ratio\"":10.64,\""ratio_str\"":\""10.64\""},{\""name\"":\""关注\"",\""value\"":5027,\""ratio\"":4.5,\""ratio_str\"":\""4.50\""},{\""name\"":\""搜索\"",\""value\"":1584,\""ratio\"":1.42,\""ratio_str\"":\""1.42\""},{\""name\"":\""个人主页\"",\""value\"":1207,\""ratio\"":1.08,\""ratio_str\"":\""1.08\""},{\""name\"":\""视频推荐\"",\""value\"":1098,\""ratio\"":0.98,\""ratio_str\"":\""0.98\""},{\""name\"":\""商业化\"",\""value\"":22,\""ratio\"":0.030000000000005116,\""ratio_str\"":\""0.03\""},{\""name\"":\""同城\"",\""value\"":4,\""ratio\"":0,\""ratio_str\"":\""0.00\""}]""","""[{\""name\"":\""直播推荐\"",\""value\"":11765,\""ratio\"":87.63,\""ratio_str\"":\""87.63\""},{\""name\"":\""关注\"",\""value\"":686,\""ratio\"":5.11,\""ratio_str\"":\""5.11\""},{\""name\"":\""其他\"",\""value\"":562,\""ratio\"":4.19,\""ratio_str\"":\""4.19\""},{\""name\"":\""搜索\"",\""value\"":194,\""ratio\"":1.44,\""ratio_str\"":\""1.44\""},{\""name\"":\""个人主页\"",\""value\"":176,\""ratio\"":1.31,\""ratio_str\"":\""1.31\""},{\""name\"":\""视频推荐\"",\""value\"":36,\""ratio\"":0.27,\""ratio_str\"":\""0.27\""},{\""name\"":\""商业化\"",\""value\"":7,\""ratio\"":0.050000000000014214,\""ratio_str\"":\""0.05\""}]""",792,1514,0.1680,0.0182,0.0304,0.0101,0.1718,0.8603,0.9894,0.4286,0.9926,0.3435,2025-10-11 22:48:00
老桑财知道,7559438160577530633,"东半球最强直播间",2025-10-10 12:01:13,2025-10-10 12:40:14,39,986,720,418,414,4,54,198,195,3,37,20.90,48277,8238,1805,6433,120,3,23,2.6500,8.0100,0.6400,277,256,21,29611,28993,618,14,13,1,"""[{\""name\"":\""直播推荐\"",\""value\"":53422,\""ratio\"":81.2,\""ratio_str\"":\""81.20\""},{\""name\"":\""其他\"",\""value\"":6684,\""ratio\"":10.16,\""ratio_str\"":\""10.16\""},{\""name\"":\""关注\"",\""value\"":3570,\""ratio\"":5.43,\""ratio_str\"":\""5.43\""},{\""name\"":\""个人主页\"",\""value\"":801,\""ratio\"":1.22,\""ratio_str\"":\""1.22\""},{\""name\"":\""搜索\"",\""value\"":777,\""ratio\"":1.18,\""ratio_str\"":\""1.18\""},{\""name\"":\""视频推荐\"",\""value\"":522,\""ratio\"":0.79,\""ratio_str\"":\""0.79\""},{\""name\"":\""同城\"",\""value\"":9,\""ratio\"":0.00999999999998579,\""ratio_str\"":\""0.01\""},{\""name\"":\""商业化\"",\""value\"":9,\""ratio\"":0.01,\""ratio_str\"":\""0.01\""}]""","""[{\""name\"":\""同城\"",\""value\"":5,\""ratio\"":0.06,\""ratio_str\"":\""0.06\""},{\""name\"":\""商业化\"",\""value\"":3,\""ratio\"":0.04,\""ratio_str\"":\""0.04\""},{\""name\"":\""搜索\"",\""value\"":78,\""ratio\"":0.95,\""ratio_str\"":\""0.95\""},{\""name\"":\""直播推荐\"",\""value\"":6966,\""ratio\"":84.65,\""ratio_str\"":\""84.65\""},{\""name\"":\""视频推荐\"",\""value\"":10,\""ratio\"":0.12,\""ratio_str\"":\""0.12\""},{\""name\"":\""个人主页\"",\""value\"":144,\""ratio\"":1.75,\""ratio_str\"":\""1.75\""},{\""name\"":\""关注\"",\""value\"":539,\""ratio\"":6.55,\""ratio_str\"":\""6.55\""},{\""name\"":\""其他\"",\""value\"":484,\""ratio\"":5.88,\""ratio_str\"":\""5.88\""}]""",665,1140,0.1706,0.0146,0.0336,0.0240,0.2191,0.9242,0.9791,0.9286,0.9848,0.3684,2025-10-11 22:49:24
老桑财知道,7559128577921387314,"东半球最强直播间",2025-10-09 15:59:49,2025-10-09 17:05:42,65,1033,712,2846,2843,3,69,384,382,2,47,142.30,52107,11140,2258,8882,161,4,40,3.3800,11.0000,0.7100,378,347,31,43377,43179,198,36,8,28,"""[{\""name\"":\""直播推荐\"",\""value\"":59399,\""ratio\"":76.2,\""ratio_str\"":\""76.20\""},{\""name\"":\""其他\"",\""value\"":10414,\""ratio\"":13.36,\""ratio_str\"":\""13.36\""},{\""name\"":\""关注\"",\""value\"":4689,\""ratio\"":6.02,\""ratio_str\"":\""6.02\""},{\""name\"":\""搜索\"",\""value\"":1621,\""ratio\"":2.08,\""ratio_str\"":\""2.08\""},{\""name\"":\""个人主页\"",\""value\"":1091,\""ratio\"":1.4,\""ratio_str\"":\""1.40\""},{\""name\"":\""视频推荐\"",\""value\"":727,\""ratio\"":0.9199999999999807,\""ratio_str\"":\""0.92\""},{\""name\"":\""商业化\"",\""value\"":10,\""ratio\"":0.01,\""ratio_str\"":\""0.01\""},{\""name\"":\""同城\"",\""value\"":4,\""ratio\"":0.01,\""ratio_str\"":\""0.01\""}]""","""[{\""name\"":\""直播推荐\"",\""value\"":9512,\""ratio\"":85.28,\""ratio_str\"":\""85.28\""},{\""name\"":\""关注\"",\""value\"":725,\""ratio\"":6.5,\""ratio_str\"":\""6.50\""},{\""name\"":\""其他\"",\""value\"":533,\""ratio\"":4.78,\""ratio_str\"":\""4.78\""},{\""name\"":\""搜索\"",\""value\"":185,\""ratio\"":1.66,\""ratio_str\"":\""1.66\""},{\""name\"":\""个人主页\"",\""value\"":174,\""ratio\"":1.56,\""ratio_str\"":\""1.56\""},{\""name\"":\""视频推荐\"",\""value\"":16,\""ratio\"":0.14,\""ratio_str\"":\""0.14\""},{\""name\"":\""商业化\"",\""value\"":5,\""ratio\"":0.04,\""ratio_str\"":\""0.04\""},{\""name\"":\""同城\"",\""value\"":4,\""ratio\"":0.03999999999998579,\""ratio_str\"":\""0.04\""}]""",829,1429,0.2138,0.0145,0.0339,0.0345,0.2027,0.9180,0.9954,0.2222,0.9948,0.3671,2025-10-11 22:50:46
老桑财知道,7555793799964789555,"东半球最强直播间",2025-09-30 16:19:15,2025-09-30 17:17:26,58,796,620,13221,13217,4,5420,297,296,1,63,661.05,52354,9885,1949,7936,158,6,54,2.8600,9.2300,0.6100,301,267,34,35957,35670,287,7,5,2,"""[{\""name\"":\""直播推荐\"",\""value\"":58948,\""ratio\"":78.87,\""ratio_str\"":\""78.87\""},{\""name\"":\""其他\"",\""value\"":8785,\""ratio\"":11.75,\""ratio_str\"":\""11.75\""},{\""name\"":\""关注\"",\""value\"":3685,\""ratio\"":4.93,\""ratio_str\"":\""4.93\""},{\""name\"":\""搜索\"",\""value\"":1212,\""ratio\"":1.62,\""ratio_str\"":\""1.62\""},{\""name\"":\""视频推荐\"",\""value\"":1159,\""ratio\"":1.55,\""ratio_str\"":\""1.55\""},{\""name\"":\""个人主页\"",\""value\"":930,\""ratio\"":1.24,\""ratio_str\"":\""1.24\""},{\""name\"":\""商业化\"",\""value\"":12,\""ratio\"":0.02,\""ratio_str\"":\""0.02\""},{\""name\"":\""同城\"",\""value\"":8,\""ratio\"":0.019999999999990907,\""ratio_str\"":\""0.02\""}]""","""[{\""name\"":\""搜索\"",\""value\"":115,\""ratio\"":1.17,\""ratio_str\"":\""1.17\""},{\""name\"":\""直播推荐\"",\""value\"":8560,\""ratio\"":86.76,\""ratio_str\"":\""86.76\""},{\""name\"":\""视频推荐\"",\""value\"":20,\""ratio\"":0.2,\""ratio_str\"":\""0.20\""},{\""name\"":\""个人主页\"",\""value\"":115,\""ratio\"":1.17,\""ratio_str\"":\""1.17\""},{\""name\"":\""关注\"",\""value\"":574,\""ratio\"":5.82,\""ratio_str\"":\""5.82\""},{\""name\"":\""其他\"",\""value\"":474,\""ratio\"":4.8,\""ratio_str\"":\""4.80\""},{\""name\"":\""同城\"",\""value\"":3,\""ratio\"":0.03,\""ratio_str\"":\""0.03\""},{\""name\"":\""商业化\"",\""value\"":5,\""ratio\"":0.05,\""ratio_str\"":\""0.05\""}]""",0,0,0.1888,0.0160,0.0305,0.0300,0.1972,0.8870,0.9920,0.7143,0.9966,0.0000,2025-10-11 22:52:10
老桑财知道,7555418231686712090,"东半球最强直播间",2025-09-29 16:01:49,2025-09-29 16:44:56,43,799,627,2273,2271,2,41,262,261,1,30,113.65,42282,8342,1736,6606,109,6,18,2.4800,7.3300,0.6300,292,262,30,28074,26875,1199,9,9,0,"""[{\""name\"":\""商业化\"",\""value\"":4,\""ratio\"":0.01,\""ratio_str\"":\""0.01\""},{\""name\"":\""搜索\"",\""value\"":585,\""ratio\"":0.98,\""ratio_str\"":\""0.98\""},{\""name\"":\""直播推荐\"",\""value\"":47964,\""ratio\"":80.16,\""ratio_str\"":\""80.16\""},{\""name\"":\""视频推荐\"",\""value\"":499,\""ratio\"":0.83,\""ratio_str\"":\""0.83\""},{\""name\"":\""个人主页\"",\""value\"":717,\""ratio\"":1.2,\""ratio_str\"":\""1.20\""},{\""name\"":\""关注\"",\""value\"":3108,\""ratio\"":5.19,\""ratio_str\"":\""5.19\""},{\""name\"":\""其他\"",\""value\"":6955,\""ratio\"":11.62,\""ratio_str\"":\""11.62\""},{\""name\"":\""同城\"",\""value\"":4,\""ratio\"":0.01,\""ratio_str\"":\""0.01\""}]""","""[{\""name\"":\""直播推荐\"",\""value\"":7133,\""ratio\"":85.8,\""ratio_str\"":\""85.80\""},{\""name\"":\""关注\"",\""value\"":536,\""ratio\"":6.45,\""ratio_str\"":\""6.45\""},{\""name\"":\""其他\"",\""value\"":433,\""ratio\"":5.21,\""ratio_str\"":\""5.21\""},{\""name\"":\""个人主页\"",\""value\"":129,\""ratio\"":1.55,\""ratio_str\"":\""1.55\""},{\""name\"":\""搜索\"",\""value\"":71,\""ratio\"":0.85,\""ratio_str\"":\""0.85\""},{\""name\"":\""视频推荐\"",\""value\"":9,\""ratio\"":0.11,\""ratio_str\"":\""0.11\""},{\""name\"":\""同城\"",\""value\"":3,\""ratio\"":0.030000000000009096,\""ratio_str\"":\""0.03\""}]""",0,0,0.1973,0.0131,0.0350,0.0314,0.2081,0.8973,0.9573,1.0000,0.9962,0.0000,2025-10-11 22:52:52
老桑财知道,7554312353823738670,"东半球最强直播间",2025-09-26 16:30:27,2025-09-26 17:25:10,54,1174,845,1448,1444,4,62,142,138,4,38,72.40,76484,15711,2104,13607,217,8,27,2.1200,8.6500,0.7100,376,312,64,36541,36075,466,4,3,1,"""[{\""name\"":\""直播推荐\"",\""value\"":87570,\""ratio\"":84.67,\""ratio_str\"":\""84.67\""},{\""name\"":\""其他\"",\""value\"":8905,\""ratio\"":8.61,\""ratio_str\"":\""8.61\""},{\""name\"":\""关注\"",\""value\"":4031,\""ratio\"":3.9,\""ratio_str\"":\""3.90\""},{\""name\"":\""个人主页\"",\""value\"":1041,\""ratio\"":1.01,\""ratio_str\"":\""1.01\""},{\""name\"":\""搜索\"",\""value\"":948,\""ratio\"":0.92,\""ratio_str\"":\""0.92\""},{\""name\"":\""视频推荐\"",\""value\"":914,\""ratio\"":0.88,\""ratio_str\"":\""0.88\""},{\""name\"":\""商业化\"",\""value\"":14,\""ratio\"":0.00999999999998579,\""ratio_str\"":\""0.01\""},{\""name\"":\""同城\"",\""value\"":5,\""ratio\"":0,\""ratio_str\"":\""0.00\""}]""","""[{\""name\"":\""直播推荐\"",\""value\"":14041,\""ratio\"":90.01,\""ratio_str\"":\""90.01\""},{\""name\"":\""关注\"",\""value\"":687,\""ratio\"":4.4,\""ratio_str\"":\""4.40\""},{\""name\"":\""其他\"",\""value\"":571,\""ratio\"":3.66,\""ratio_str\"":\""3.66\""},{\""name\"":\""个人主页\"",\""value\"":163,\""ratio\"":1.04,\""ratio_str\"":\""1.04\""},{\""name\"":\""搜索\"",\""value\"":111,\""ratio\"":0.71,\""ratio_str\"":\""0.71\""},{\""name\"":\""视频推荐\"",\""value\"":21,\""ratio\"":0.13,\""ratio_str\"":\""0.13\""},{\""name\"":\""商业化\"",\""value\"":4,\""ratio\"":0.03,\""ratio_str\"":\""0.03\""},{\""name\"":\""同城\"",\""value\"":1,\""ratio\"":0.019999999999990907,\""ratio_str\"":\""0.02\""}]""",0,0,0.2054,0.0138,0.0239,0.0090,0.1339,0.8298,0.9872,0.7500,0.9718,0.0000,2025-10-11 22:54:15
老桑财知道,7554242537825848090,"东半球最强直播间",2025-09-26 11:59:28,2025-09-26 12:54:35,55,963,691,1573,1568,5,407,257,254,3,39,78.65,39337,9498,2160,7338,93,3,27,3.2100,9.3400,0.7100,388,359,29,47017,46920,97,8,6,2,"""[{\""name\"":\""个人主页\"",\""value\"":962,\""ratio\"":1.63,\""ratio_str\"":\""1.63\""},{\""name\"":\""关注\"",\""value\"":4839,\""ratio\"":8.21,\""ratio_str\"":\""8.21\""},{\""name\"":\""其他\"",\""value\"":7474,\""ratio\"":12.68,\""ratio_str\"":\""12.68\""},{\""name\"":\""同城\"",\""value\"":5,\""ratio\"":0.01,\""ratio_str\"":\""0.01\""},{\""name\"":\""商业化\"",\""value\"":8,\""ratio\"":0.01,\""ratio_str\"":\""0.01\""},{\""name\"":\""搜索\"",\""value\"":629,\""ratio\"":1.07,\""ratio_str\"":\""1.07\""},{\""name\"":\""直播推荐\"",\""value\"":44063,\""ratio\"":74.77,\""ratio_str\"":\""74.77\""},{\""name\"":\""视频推荐\"",\""value\"":955,\""ratio\"":1.62,\""ratio_str\"":\""1.62\""}]""","""[{\""name\"":\""其他\"",\""value\"":552,\""ratio\"":5.82,\""ratio_str\"":\""5.82\""},{\""name\"":\""同城\"",\""value\"":3,\""ratio\"":0.03,\""ratio_str\"":\""0.03\""},{\""name\"":\""搜索\"",\""value\"":60,\""ratio\"":0.63,\""ratio_str\"":\""0.63\""},{\""name\"":\""直播推荐\"",\""value\"":7903,\""ratio\"":83.36,\""ratio_str\"":\""83.36\""},{\""name\"":\""视频推荐\"",\""value\"":24,\""ratio\"":0.25,\""ratio_str\"":\""0.25\""},{\""name\"":\""个人主页\"",\""value\"":212,\""ratio\"":2.24,\""ratio_str\"":\""2.24\""},{\""name\"":\""关注\"",\""value\"":727,\""ratio\"":7.67,\""ratio_str\"":\""7.67\""}]""",0,0,0.2415,0.0098,0.0409,0.0271,0.2274,0.9253,0.9979,0.7500,0.9883,0.0000,2025-10-11 22:54:57
老桑财知道,7553933597095267110,"东半球最强直播间",2025-09-25 16:00:39,2025-09-25 16:57:28,56,853,671,1651,1648,3,1254,139,136,3,34,82.55,49155,11593,1963,9630,117,6,19,2.4900,8.6600,0.6700,325,297,28,43289,42717,572,7,6,1,"""[{\""name\"":\""直播推荐\"",\""value\"":56192,\""ratio\"":77.8,\""ratio_str\"":\""77.80\""},{\""name\"":\""其他\"",\""value\"":8926,\""ratio\"":12.36,\""ratio_str\"":\""12.36\""},{\""name\"":\""关注\"",\""value\"":4287,\""ratio\"":5.94,\""ratio_str\"":\""5.94\""},{\""name\"":\""个人主页\"",\""value\"":986,\""ratio\"":1.37,\""ratio_str\"":\""1.37\""},{\""name\"":\""视频推荐\"",\""value\"":974,\""ratio\"":1.35,\""ratio_str\"":\""1.35\""},{\""name\"":\""搜索\"",\""value\"":845,\""ratio\"":1.17,\""ratio_str\"":\""1.17\""},{\""name\"":\""同城\"",\""value\"":7,\""ratio\"":9.0951551845464e-15,\""ratio_str\"":\""0.00\""},{\""name\"":\""商业化\"",\""value\"":7,\""ratio\"":0.01,\""ratio_str\"":\""0.01\""}]""","""[{\""name\"":\""直播推荐\"",\""value\"":9994,\""ratio\"":86.87,\""ratio_str\"":\""86.87\""},{\""name\"":\""关注\"",\""value\"":667,\""ratio\"":5.8,\""ratio_str\"":\""5.80\""},{\""name\"":\""其他\"",\""value\"":554,\""ratio\"":4.82,\""ratio_str\"":\""4.82\""},{\""name\"":\""个人主页\"",\""value\"":176,\""ratio\"":1.53,\""ratio_str\"":\""1.53\""},{\""name\"":\""搜索\"",\""value\"":93,\""ratio\"":0.81,\""ratio_str\"":\""0.81\""},{\""name\"":\""视频推荐\"",\""value\"":18,\""ratio\"":0.16,\""ratio_str\"":\""0.16\""},{\""name\"":\""同城\"",\""value\"":3,\""ratio\"":0.009999999999989767,\""ratio_str\"":\""0.01\""}]""",0,0,0.2358,0.0101,0.0280,0.0120,0.1693,0.9138,0.9868,0.8571,0.9784,0.0000,2025-10-11 22:56:20
老桑财知道,7553871904680037171,"东半球最强直播间",2025-09-25 12:01:23,2025-09-25 12:57:28,56,881,636,1621,1620,1,53,257,256,1,33,81.05,36156,8898,2093,6805,82,3,22,3.2200,9.2200,0.5900,417,382,35,42829,42617,212,9,8,1,"""[{\""name\"":\""直播推荐\"",\""value\"":40013,\""ratio\"":72.37,\""ratio_str\"":\""72.37\""},{\""name\"":\""其他\"",\""value\"":8660,\""ratio\"":15.66,\""ratio_str\"":\""15.66\""},{\""name\"":\""关注\"",\""value\"":4409,\""ratio\"":7.97,\""ratio_str\"":\""7.97\""},{\""name\"":\""个人主页\"",\""value\"":943,\""ratio\"":1.71,\""ratio_str\"":\""1.71\""},{\""name\"":\""视频推荐\"",\""value\"":650,\""ratio\"":1.18,\""ratio_str\"":\""1.18\""},{\""name\"":\""搜索\"",\""value\"":612,\""ratio\"":1.0899999999999899,\""ratio_str\"":\""1.09\""},{\""name\"":\""商业化\"",\""value\"":3,\""ratio\"":0.01,\""ratio_str\"":\""0.01\""},{\""name\"":\""同城\"",\""value\"":3,\""ratio\"":0.01,\""ratio_str\"":\""0.01\""}]""","""[{\""name\"":\""同城\"",\""value\"":1,\""ratio\"":0.01,\""ratio_str\"":\""0.01\""},{\""name\"":\""商业化\"",\""value\"":2,\""ratio\"":0.02,\""ratio_str\"":\""0.02\""},{\""name\"":\""搜索\"",\""value\"":48,\""ratio\"":0.55,\""ratio_str\"":\""0.55\""},{\""name\"":\""直播推荐\"",\""value\"":7267,\""ratio\"":82.89,\""ratio_str\"":\""82.89\""},{\""name\"":\""视频推荐\"",\""value\"":17,\""ratio\"":0.19,\""ratio_str\"":\""0.19\""},{\""name\"":\""个人主页\"",\""value\"":206,\""ratio\"":2.35,\""ratio_str\"":\""2.35\""},{\""name\"":\""关注\"",\""value\"":665,\""ratio\"":7.59,\""ratio_str\"":\""7.59\""},{\""name\"":\""其他\"",\""value\"":561,\""ratio\"":6.4,\""ratio_str\"":\""6.40\""}]""",0,0,0.2461,0.0092,0.0469,0.0289,0.2352,0.9161,0.9951,0.8889,0.9961,0.0000,2025-10-11 22:57:03
老桑财知道,7553562331571669769,"东半球最强直播间",2025-09-24 15:59:59,2025-09-24 16:54:31,54,862,694,1551,1537,14,183,187,179,8,66,77.55,63666,13535,2011,11524,166,3,49,2.0300,8.2300,0.5300,378,345,33,51268,50209,1059,8,7,1,"""[{\""name\"":\""直播推荐\"",\""value\"":71842,\""ratio\"":80.86,\""ratio_str\"":\""80.86\""},{\""name\"":\""其他\"",\""value\"":8989,\""ratio\"":10.12,\""ratio_str\"":\""10.12\""},{\""name\"":\""关注\"",\""value\"":4422,\""ratio\"":4.98,\""ratio_str\"":\""4.98\""},{\""name\"":\""视频推荐\"",\""value\"":1440,\""ratio\"":1.62,\""ratio_str\"":\""1.62\""},{\""name\"":\""个人主页\"",\""value\"":1071,\""ratio\"":1.21,\""ratio_str\"":\""1.21\""},{\""name\"":\""搜索\"",\""value\"":1059,\""ratio\"":1.19,\""ratio_str\"":\""1.19\""},{\""name\"":\""商业化\"",\""value\"":12,\""ratio\"":0.01,\""ratio_str\"":\""0.01\""},{\""name\"":\""同城\"",\""value\"":10,\""ratio\"":0.00999999999998579,\""ratio_str\"":\""0.01\""}]""","""[{\""name\"":\""直播推荐\"",\""value\"":11843,\""ratio\"":87.97,\""ratio_str\"":\""87.97\""},{\""name\"":\""关注\"",\""value\"":690,\""ratio\"":5.13,\""ratio_str\"":\""5.13\""},{\""name\"":\""其他\"",\""value\"":622,\""ratio\"":4.62,\""ratio_str\"":\""4.62\""},{\""name\"":\""个人主页\"",\""value\"":166,\""ratio\"":1.23,\""ratio_str\"":\""1.23\""},{\""name\"":\""搜索\"",\""value\"":95,\""ratio\"":0.71,\""ratio_str\"":\""0.71\""},{\""name\"":\""视频推荐\"",\""value\"":37,\""ratio\"":0.27,\""ratio_str\"":\""0.27\""},{\""name\"":\""同城\"",\""value\"":5,\""ratio\"":0.029999999999994885,\""ratio_str\"":\""0.03\""},{\""name\"":\""商业化\"",\""value\"":5,\""ratio\"":0.04,\""ratio_str\"":\""0.04\""}]""",0,0,0.2126,0.0123,0.0279,0.0138,0.1486,0.9127,0.9793,0.8750,0.9572,0.0000,2025-10-11 22:59:05
老桑财知道,7553493149318925094,"东半球最强直播间",2025-09-24 11:31:31,2025-09-24 12:20:09,48,970,737,2236,2235,1,44,178,177,1,25,111.80,54900,13379,1997,11382,135,2,16,1.9300,7.7900,0.5000,326,296,30,29404,29179,225,10,9,1,"""[{\""name\"":\""直播推荐\"",\""value\"":60839,\""ratio\"":79.15,\""ratio_str\"":\""79.15\""},{\""name\"":\""其他\"",\""value\"":8445,\""ratio\"":10.99,\""ratio_str\"":\""10.99\""},{\""name\"":\""关注\"",\""value\"":4570,\""ratio\"":5.95,\""ratio_str\"":\""5.95\""},{\""name\"":\""视频推荐\"",\""value\"":1159,\""ratio\"":1.51,\""ratio_str\"":\""1.51\""},{\""name\"":\""个人主页\"",\""value\"":1013,\""ratio\"":1.32,\""ratio_str\"":\""1.32\""},{\""name\"":\""搜索\"",\""value\"":826,\""ratio\"":1.059999999999995,\""ratio_str\"":\""1.06\""},{\""name\"":\""同城\"",\""value\"":9,\""ratio\"":0.01,\""ratio_str\"":\""0.01\""},{\""name\"":\""商业化\"",\""value\"":7,\""ratio\"":0.01,\""ratio_str\"":\""0.01\""}]""","""[{\""name\"":\""直播推荐\"",\""value\"":11529,\""ratio\"":86.93,\""ratio_str\"":\""86.93\""},{\""name\"":\""关注\"",\""value\"":741,\""ratio\"":5.59,\""ratio_str\"":\""5.59\""},{\""name\"":\""其他\"",\""value\"":647,\""ratio\"":4.88,\""ratio_str\"":\""4.88\""},{\""name\"":\""个人主页\"",\""value\"":223,\""ratio\"":1.68,\""ratio_str\"":\""1.68\""},{\""name\"":\""搜索\"",\""value\"":93,\""ratio\"":0.7,\""ratio_str\"":\""0.70\""},{\""name\"":\""视频推荐\"",\""value\"":21,\""ratio\"":0.16,\""ratio_str\"":\""0.16\""},{\""name\"":\""同城\"",\""value\"":6,\""ratio\"":0.05,\""ratio_str\"":\""0.05\""},{\""name\"":\""商业化\"",\""value\"":2,\""ratio\"":0.009999999999994885,\""ratio_str\"":\""0.01\""}]""",0,0,0.2437,0.0101,0.0244,0.0133,0.1493,0.9080,0.9923,0.9000,0.9944,0.0000,2025-10-11 23:00:27
老桑财知道,7553217570912979758,"东半球最强直播间",2025-09-23 17:42:20,2025-09-23 18:48:07,65,2137,1278,1361,1344,17,611,233,222,11,85,68.05,187879,34221,2927,31294,473,7,61,1.6000,9.1800,0.6200,581,458,123,33483,32801,682,40,29,11,"""[{\""name\"":\""直播推荐\"",\""value\"":222218,\""ratio\"":90.09,\""ratio_str\"":\""90.09\""},{\""name\"":\""其他\"",\""value\"":13454,\""ratio\"":5.45,\""ratio_str\"":\""5.45\""},{\""name\"":\""关注\"",\""value\"":5646,\""ratio\"":2.29,\""ratio_str\"":\""2.29\""},{\""name\"":\""个人主页\"",\""value\"":1950,\""ratio\"":0.79,\""ratio_str\"":\""0.79\""},{\""name\"":\""视频推荐\"",\""value\"":1775,\""ratio\"":0.72,\""ratio_str\"":\""0.72\""},{\""name\"":\""搜索\"",\""value\"":1568,\""ratio\"":0.64,\""ratio_str\"":\""0.64\""},{\""name\"":\""商业化\"",\""value\"":22,\""ratio\"":0.01,\""ratio_str\"":\""0.01\""},{\""name\"":\""同城\"",\""value\"":19,\""ratio\"":0.00999999999998579,\""ratio_str\"":\""0.01\""}]""","""[{\""name\"":\""直播推荐\"",\""value\"":30916,\""ratio\"":93.44,\""ratio_str\"":\""93.44\""},{\""name\"":\""其他\"",\""value\"":937,\""ratio\"":2.83,\""ratio_str\"":\""2.83\""},{\""name\"":\""关注\"",\""value\"":821,\""ratio\"":2.48,\""ratio_str\"":\""2.48\""},{\""name\"":\""个人主页\"",\""value\"":241,\""ratio\"":0.73,\""ratio_str\"":\""0.73\""},{\""name\"":\""搜索\"",\""value\"":118,\""ratio\"":0.36,\""ratio_str\"":\""0.36\""},{\""name\"":\""视频推荐\"",\""value\"":44,\""ratio\"":0.13,\""ratio_str\"":\""0.13\""},{\""name\"":\""同城\"",\""value\"":8,\""ratio\"":0.030000000000005116,\""ratio_str\"":\""0.03\""},{\""name\"":\""商业化\"",\""value\"":1,\""ratio\"":0,\""ratio_str\"":\""0.00\""}]""",0,0,0.1821,0.0138,0.0170,0.0068,0.0855,0.7883,0.9796,0.7250,0.9528,0.0000,2025-10-11 23:01:51
老桑财知道,7553129350737005338,"东半球最强直播间",2025-09-23 11:59:51,2025-09-23 12:51:39,51,2997,2002,1073,1052,21,99,268,253,15,71,53.65,288265,48542,3077,45465,714,12,42,1.3400,8.7200,0.6500,672,405,267,32374,30973,1401,31,22,9,"""[{\""name\"":\""视频推荐\"",\""value\"":908,\""ratio\"":0.25,\""ratio_str\"":\""0.25\""},{\""name\"":\""个人主页\"",\""value\"":2024,\""ratio\"":0.55,\""ratio_str\"":\""0.55\""},{\""name\"":\""关注\"",\""value\"":5678,\""ratio\"":1.55,\""ratio_str\"":\""1.55\""},{\""name\"":\""其他\"",\""value\"":13543,\""ratio\"":3.69,\""ratio_str\"":\""3.69\""},{\""name\"":\""同城\"",\""value\"":12,\""ratio\"":0,\""ratio_str\"":\""0.00\""},{\""name\"":\""商业化\"",\""value\"":4,\""ratio\"":0,\""ratio_str\"":\""0.00\""},{\""name\"":\""搜索\"",\""value\"":1816,\""ratio\"":0.5,\""ratio_str\"":\""0.50\""},{\""name\"":\""直播推荐\"",\""value\"":342647,\""ratio\"":93.46,\""ratio_str\"":\""93.46\""}]""","""[{\""name\"":\""直播推荐\"",\""value\"":45377,\""ratio\"":94.41,\""ratio_str\"":\""94.41\""},{\""name\"":\""其他\"",\""value\"":1216,\""ratio\"":2.53,\""ratio_str\"":\""2.53\""},{\""name\"":\""关注\"",\""value\"":948,\""ratio\"":1.97,\""ratio_str\"":\""1.97\""},{\""name\"":\""个人主页\"",\""value\"":281,\""ratio\"":0.58,\""ratio_str\"":\""0.58\""},{\""name\"":\""搜索\"",\""value\"":199,\""ratio\"":0.41,\""ratio_str\"":\""0.41\""},{\""name\"":\""视频推荐\"",\""value\"":32,\""ratio\"":0.07,\""ratio_str\"":\""0.07\""},{\""name\"":\""同城\"",\""value\"":7,\""ratio\"":0.030000000000010234,\""ratio_str\"":\""0.03\""},{\""name\"":\""商业化\"",\""value\"":2,\""ratio\"":0,\""ratio_str\"":\""0.00\""}]""",0,0,0.1684,0.0147,0.0138,0.0055,0.0634,0.6027,0.9567,0.7097,0.9440,0.0000,2025-10-11 23:03:07
老桑财知道,7552843595301079834,"东半球最强直播间",2025-09-22 17:30:55,2025-09-22 18:19:17,48,1146,729,1094,1090,4,146,195,191,4,44,54.70,54663,14858,1855,13003,174,7,31,1.6100,7.9200,0.4000,358,321,37,28222,27943,279,12,11,1,"""[{\""name\"":\""视频推荐\"",\""value\"":677,\""ratio\"":0.9,\""ratio_str\"":\""0.90\""},{\""name\"":\""个人主页\"",\""value\"":1006,\""ratio\"":1.34,\""ratio_str\"":\""1.34\""},{\""name\"":\""关注\"",\""value\"":3839,\""ratio\"":5.1,\""ratio_str\"":\""5.10\""},{\""name\"":\""其他\"",\""value\"":8103,\""ratio\"":10.77,\""ratio_str\"":\""10.77\""},{\""name\"":\""同城\"",\""value\"":2,\""ratio\"":0,\""ratio_str\"":\""0.00\""},{\""name\"":\""商业化\"",\""value\"":295,\""ratio\"":0.39,\""ratio_str\"":\""0.39\""},{\""name\"":\""搜索\"",\""value\"":899,\""ratio\"":1.19,\""ratio_str\"":\""1.19\""},{\""name\"":\""直播推荐\"",\""value\"":60432,\""ratio\"":80.31,\""ratio_str\"":\""80.31\""}]""","""[{\""name\"":\""直播推荐\"",\""value\"":13306,\""ratio\"":90.41,\""ratio_str\"":\""90.41\""},{\""name\"":\""关注\"",\""value\"":623,\""ratio\"":4.23,\""ratio_str\"":\""4.23\""},{\""name\"":\""其他\"",\""value\"":512,\""ratio\"":3.48,\""ratio_str\"":\""3.48\""},{\""name\"":\""个人主页\"",\""value\"":150,\""ratio\"":1.02,\""ratio_str\"":\""1.02\""},{\""name\"":\""搜索\"",\""value\"":96,\""ratio\"":0.65,\""ratio_str\"":\""0.65\""},{\""name\"":\""视频推荐\"",\""value\"":26,\""ratio\"":0.18,\""ratio_str\"":\""0.18\""},{\""name\"":\""商业化\"",\""value\"":2,\""ratio\"":0.019999999999976696,\""ratio_str\"":\""0.02\""},{\""name\"":\""同城\"",\""value\"":2,\""ratio\"":0.01,\""ratio_str\"":\""0.01\""}]""",0,0,0.2718,0.0117,0.0241,0.0131,0.1248,0.8966,0.9901,0.9167,0.9795,0.0000,2025-10-11 23:04:29
老桑财知道,7552758938224397106,"东半球最强直播间",2025-09-22 12:02:25,2025-09-22 12:53:37,51,957,681,15523,15520,3,123,338,336,2,51,776.15,47654,13868,1948,11920,215,6,40,1.7500,8.0000,0.4300,368,335,33,54530,51219,3311,9,7,2,"""[{\""name\"":\""直播推荐\"",\""value\"":53046,\""ratio\"":77.8,\""ratio_str\"":\""77.80\""},{\""name\"":\""其他\"",\""value\"":8297,\""ratio\"":12.17,\""ratio_str\"":\""12.17\""},{\""name\"":\""关注\"",\""value\"":4376,\""ratio\"":6.42,\""ratio_str\"":\""6.42\""},{\""name\"":\""个人主页\"",\""value\"":932,\""ratio\"":1.37,\""ratio_str\"":\""1.37\""},{\""name\"":\""视频推荐\"",\""value\"":889,\""ratio\"":1.3,\""ratio_str\"":\""1.30\""},{\""name\"":\""搜索\"",\""value\"":628,\""ratio\"":0.92,\""ratio_str\"":\""0.92\""},{\""name\"":\""商业化\"",\""value\"":7,\""ratio\"":0.01,\""ratio_str\"":\""0.01\""},{\""name\"":\""同城\"",\""value\"":5,\""ratio\"":0.00999999999998579,\""ratio_str\"":\""0.01\""}]""","""[{\""name\"":\""直播推荐\"",\""value\"":12150,\""ratio\"":87.93,\""ratio_str\"":\""87.93\""},{\""name\"":\""关注\"",\""value\"":730,\""ratio\"":5.28,\""ratio_str\"":\""5.28\""},{\""name\"":\""其他\"",\""value\"":651,\""ratio\"":4.71,\""ratio_str\"":\""4.71\""},{\""name\"":\""个人主页\"",\""value\"":207,\""ratio\"":1.5,\""ratio_str\"":\""1.50\""},{\""name\"":\""搜索\"",\""value\"":56,\""ratio\"":0.41,\""ratio_str\"":\""0.41\""},{\""name\"":\""视频推荐\"",\""value\"":16,\""ratio\"":0.12,\""ratio_str\"":\""0.12\""},{\""name\"":\""同城\"",\""value\"":4,\""ratio\"":0.019999999999994883,\""ratio_str\"":\""0.02\""},{\""name\"":\""商业化\"",\""value\"":4,\""ratio\"":0.03,\""ratio_str\"":\""0.03\""}]""",0,0,0.2910,0.0155,0.0265,0.0244,0.1405,0.9103,0.9393,0.7778,0.9941,0.0000,2025-10-11 23:05:49
戴维李,7551707368753564466,"大A险守3800，牛市结束了吗？",2025-09-19 16:01:53,2025-09-19 16:30:20,28,2642,1881,727,719,8,34,127,122,5,19,36.35,152063,26749,3143,23606,220,6,6,1.3100,5.3300,0.5800,446,286,160,32735,32139,596,18,12,6,"""[{\""name\"":\""直播推荐\"",\""value\"":176473,\""ratio\"":89.78,\""ratio_str\"":\""89.78\""},{\""name\"":\""其他\"",\""value\"":11574,\""ratio\"":5.89,\""ratio_str\"":\""5.89\""},{\""name\"":\""关注\"",\""value\"":4715,\""ratio\"":2.4,\""ratio_str\"":\""2.40\""},{\""name\"":\""搜索\"",\""value\"":2010,\""ratio\"":1.02,\""ratio_str\"":\""1.02\""},{\""name\"":\""个人主页\"",\""value\"":1260,\""ratio\"":0.64,\""ratio_str\"":\""0.64\""},{\""name\"":\""视频推荐\"",\""value\"":526,\""ratio\"":0.2599999999999949,\""ratio_str\"":\""0.26\""},{\""name\"":\""商业化\"",\""value\"":10,\""ratio\"":0.01,\""ratio_str\"":\""0.01\""},{\""name\"":\""同城\"",\""value\"":4,\""ratio\"":0,\""ratio_str\"":\""0.00\""}]""","""[{\""name\"":\""直播推荐\"",\""value\"":24423,\""ratio\"":92.12,\""ratio_str\"":\""92.12\""},{\""name\"":\""其他\"",\""value\"":856,\""ratio\"":3.23,\""ratio_str\"":\""3.23\""},{\""name\"":\""关注\"",\""value\"":782,\""ratio\"":2.95,\""ratio_str\"":\""2.95\""},{\""name\"":\""搜索\"",\""value\"":258,\""ratio\"":0.97,\""ratio_str\"":\""0.97\""},{\""name\"":\""个人主页\"",\""value\"":171,\""ratio\"":0.65,\""ratio_str\"":\""0.65\""},{\""name\"":\""视频推荐\"",\""value\"":16,\""ratio\"":0.06,\""ratio_str\"":\""0.06\""},{\""name\"":\""同城\"",\""value\"":4,\""ratio\"":0.01999999999998579,\""ratio_str\"":\""0.02\""},{\""name\"":\""商业化\"",\""value\"":1,\""ratio\"":0,\""ratio_str\"":\""0.00\""}]""",0,0,0.1759,0.0082,0.0167,0.0047,0.1175,0.6413,0.9818,0.6667,0.9606,0.0000,2025-09-29 22:42:01
戴维李,7551646064533572361,"大A剑指3900，牛回速归",2025-09-19 12:03:59,2025-09-19 12:59:29,55,2102,1736,885,869,16,249,362,354,8,55,44.25,165849,30271,4902,25369,212,6,33,2.3800,8.5000,0.6600,677,552,125,73395,72947,448,31,22,9,"""[{\""name\"":\""个人主页\"",\""value\"":2379,\""ratio\"":1.03,\""ratio_str\"":\""1.03\""},{\""name\"":\""关注\"",\""value\"":9837,\""ratio\"":4.27,\""ratio_str\"":\""4.27\""},{\""name\"":\""其他\"",\""value\"":18161,\""ratio\"":7.88,\""ratio_str\"":\""7.88\""},{\""name\"":\""商业化\"",\""value\"":8,\""ratio\"":0,\""ratio_str\"":\""0.00\""},{\""name\"":\""搜索\"",\""value\"":2427,\""ratio\"":1.05,\""ratio_str\"":\""1.05\""},{\""name\"":\""直播推荐\"",\""value\"":196839,\""ratio\"":85.39,\""ratio_str\"":\""85.39\""},{\""name\"":\""视频推荐\"",\""value\"":869,\""ratio\"":0.38,\""ratio_str\"":\""0.38\""}]""","""[{\""name\"":\""搜索\"",\""value\"":312,\""ratio\"":1.04,\""ratio_str\"":\""1.04\""},{\""name\"":\""直播推荐\"",\""value\"":26670,\""ratio\"":88.48,\""ratio_str\"":\""88.48\""},{\""name\"":\""视频推荐\"",\""value\"":16,\""ratio\"":0.05,\""ratio_str\"":\""0.05\""},{\""name\"":\""个人主页\"",\""value\"":377,\""ratio\"":1.25,\""ratio_str\"":\""1.25\""},{\""name\"":\""关注\"",\""value\"":1399,\""ratio\"":4.64,\""ratio_str\"":\""4.64\""},{\""name\"":\""其他\"",\""value\"":1362,\""ratio\"":4.52,\""ratio_str\"":\""4.52\""},{\""name\"":\""商业化\"",\""value\"":5,\""ratio\"":0.02,\""ratio_str\"":\""0.02\""}]""",0,0,0.1825,0.0070,0.0224,0.0120,0.1619,0.8154,0.9939,0.7097,0.9779,0.0000,2025-09-29 22:42:45
戴维李,7551320151476439834,"大A剑指3900，牛回速归",2025-09-18 14:59:09,2025-09-18 15:49:56,50,4247,3143,2524,2387,137,478,408,386,22,193,126.20,395817,65757,6358,59399,1029,16,152,1.6400,7.1000,0.7000,1236,758,478,48881,46502,2379,56,31,25,"""[{\""name\"":\""直播推荐\"",\""value\"":485961,\""ratio\"":90.7,\""ratio_str\"":\""90.70\""},{\""name\"":\""其他\"",\""value\"":26948,\""ratio\"":5.03,\""ratio_str\"":\""5.03\""},{\""name\"":\""关注\"",\""value\"":11483,\""ratio\"":2.14,\""ratio_str\"":\""2.14\""},{\""name\"":\""搜索\"",\""value\"":6923,\""ratio\"":1.29,\""ratio_str\"":\""1.29\""},{\""name\"":\""个人主页\"",\""value\"":3715,\""ratio\"":0.69,\""ratio_str\"":\""0.69\""},{\""name\"":\""视频推荐\"",\""value\"":731,\""ratio\"":0.14999999999999092,\""ratio_str\"":\""0.15\""},{\""name\"":\""商业化\"",\""value\"":21,\""ratio\"":0,\""ratio_str\"":\""0.00\""},{\""name\"":\""同城\"",\""value\"":2,\""ratio\"":0,\""ratio_str\"":\""0.00\""}]""","""[{\""name\"":\""视频推荐\"",\""value\"":33,\""ratio\"":0.05,\""ratio_str\"":\""0.05\""},{\""name\"":\""个人主页\"",\""value\"":453,\""ratio\"":0.69,\""ratio_str\"":\""0.69\""},{\""name\"":\""关注\"",\""value\"":1753,\""ratio\"":2.69,\""ratio_str\"":\""2.69\""},{\""name\"":\""其他\"",\""value\"":1943,\""ratio\"":2.98,\""ratio_str\"":\""2.98\""},{\""name\"":\""同城\"",\""value\"":2,\""ratio\"":0,\""ratio_str\"":\""0.00\""},{\""name\"":\""商业化\"",\""value\"":12,\""ratio\"":0.02,\""ratio_str\"":\""0.02\""},{\""name\"":\""搜索\"",\""value\"":1121,\""ratio\"":1.72,\""ratio_str\"":\""1.72\""},{\""name\"":\""直播推荐\"",\""value\"":59915,\""ratio\"":91.85,\""ratio_str\"":\""91.85\""}]""",0,0,0.1661,0.0156,0.0188,0.0062,0.0967,0.6133,0.9513,0.5536,0.9461,0.0000,2025-09-29 22:43:29
戴维李,7551274731103013678,"大A剑指3900，牛回速归",2025-09-18 12:03:04,2025-09-18 12:57:06,54,1938,1580,2630,2614,16,199,480,471,9,95,131.50,108505,21966,4909,17057,198,14,68,3.0900,8.6400,0.7500,801,708,93,127658,125525,2133,27,25,2,"""[{\""name\"":\""视频推荐\"",\""value\"":609,\""ratio\"":0.38,\""ratio_str\"":\""0.38\""},{\""name\"":\""个人主页\"",\""value\"":2390,\""ratio\"":1.48,\""ratio_str\"":\""1.48\""},{\""name\"":\""关注\"",\""value\"":10091,\""ratio\"":6.23,\""ratio_str\"":\""6.23\""},{\""name\"":\""其他\"",\""value\"":19462,\""ratio\"":12.02,\""ratio_str\"":\""12.02\""},{\""name\"":\""商业化\"",\""value\"":18,\""ratio\"":0.01,\""ratio_str\"":\""0.01\""},{\""name\"":\""搜索\"",\""value\"":1828,\""ratio\"":1.13,\""ratio_str\"":\""1.13\""},{\""name\"":\""直播推荐\"",\""value\"":127472,\""ratio\"":78.75,\""ratio_str\"":\""78.75\""}]""","""[{\""name\"":\""个人主页\"",\""value\"":379,\""ratio\"":1.73,\""ratio_str\"":\""1.73\""},{\""name\"":\""关注\"",\""value\"":1392,\""ratio\"":6.36,\""ratio_str\"":\""6.36\""},{\""name\"":\""其他\"",\""value\"":1186,\""ratio\"":5.42,\""ratio_str\"":\""5.42\""},{\""name\"":\""商业化\"",\""value\"":8,\""ratio\"":0.04,\""ratio_str\"":\""0.04\""},{\""name\"":\""搜索\"",\""value\"":211,\""ratio\"":0.96,\""ratio_str\"":\""0.96\""},{\""name\"":\""直播推荐\"",\""value\"":18685,\""ratio\"":85.37,\""ratio_str\"":\""85.37\""},{\""name\"":\""视频推荐\"",\""value\"":27,\""ratio\"":0.12,\""ratio_str\"":\""0.12\""}]""",0,0,0.2024,0.0090,0.0365,0.0219,0.2235,0.8839,0.9833,0.9259,0.9813,0.0000,2025-09-29 22:44:12
戴维李,7550965191618349875,"大A剑指3900，牛回速归",2025-09-17 16:01:39,2025-09-17 17:21:30,79,1376,1102,1259,1254,5,92,245,242,3,55,62.95,81461,19994,4698,15296,158,12,39,3.5200,9.5100,0.7400,520,474,46,120527,119017,1510,22,20,2,"""[{\""name\"":\""直播推荐\"",\""value\"":95384,\""ratio\"":69.71,\""ratio_str\"":\""69.71\""},{\""name\"":\""其他\"",\""value\"":24600,\""ratio\"":17.98,\""ratio_str\"":\""17.98\""},{\""name\"":\""关注\"",\""value\"":10547,\""ratio\"":7.71,\""ratio_str\"":\""7.71\""},{\""name\"":\""个人主页\"",\""value\"":2577,\""ratio\"":1.88,\""ratio_str\"":\""1.88\""},{\""name\"":\""搜索\"",\""value\"":2283,\""ratio\"":1.67,\""ratio_str\"":\""1.67\""},{\""name\"":\""视频推荐\"",\""value\"":1437,\""ratio\"":1.0500000000000143,\""ratio_str\"":\""1.05\""},{\""name\"":\""同城\"",\""value\"":6,\""ratio\"":0,\""ratio_str\"":\""0.00\""},{\""name\"":\""商业化\"",\""value\"":3,\""ratio\"":0,\""ratio_str\"":\""0.00\""}]""","""[{\""name\"":\""直播推荐\"",\""value\"":16868,\""ratio\"":84.18,\""ratio_str\"":\""84.18\""},{\""name\"":\""关注\"",\""value\"":1389,\""ratio\"":6.93,\""ratio_str\"":\""6.93\""},{\""name\"":\""其他\"",\""value\"":1070,\""ratio\"":5.34,\""ratio_str\"":\""5.34\""},{\""name\"":\""个人主页\"",\""value\"":376,\""ratio\"":1.88,\""ratio_str\"":\""1.88\""},{\""name\"":\""搜索\"",\""value\"":285,\""ratio\"":1.42,\""ratio_str\"":\""1.42\""},{\""name\"":\""视频推荐\"",\""value\"":42,\""ratio\"":0.21,\""ratio_str\"":\""0.21\""},{\""name\"":\""同城\"",\""value\"":6,\""ratio\"":0.039999999999990904,\""ratio_str\"":\""0.04\""},{\""name\"":\""商业化\"",\""value\"":1,\""ratio\"":0,\""ratio_str\"":\""0.00\""}]""",0,0,0.2454,0.0079,0.0260,0.0123,0.2350,0.9115,0.9875,0.9091,0.9878,0.0000,2025-09-29 22:44:54
戴维李,7550904920648518451,"大A剑指3900，牛回速归",2025-09-17 12:08:08,2025-09-17 13:01:20,53,1428,1174,1886,1882,4,99,342,339,3,53,94.30,57043,15741,4155,11586,103,5,26,3.1400,7.7400,0.6200,491,446,45,129309,127942,1367,21,16,5,"""[{\""name\"":\""其他\"",\""value\"":17650,\""ratio\"":18.4,\""ratio_str\"":\""18.40\""},{\""name\"":\""商业化\"",\""value\"":19,\""ratio\"":0.02,\""ratio_str\"":\""0.02\""},{\""name\"":\""搜索\"",\""value\"":1484,\""ratio\"":1.55,\""ratio_str\"":\""1.55\""},{\""name\"":\""直播推荐\"",\""value\"":64583,\""ratio\"":67.33,\""ratio_str\"":\""67.33\""},{\""name\"":\""视频推荐\"",\""value\"":968,\""ratio\"":1.01,\""ratio_str\"":\""1.01\""},{\""name\"":\""个人主页\"",\""value\"":2083,\""ratio\"":2.17,\""ratio_str\"":\""2.17\""},{\""name\"":\""关注\"",\""value\"":9131,\""ratio\"":9.52,\""ratio_str\"":\""9.52\""}]""","""[{\""name\"":\""直播推荐\"",\""value\"":12794,\""ratio\"":81.4,\""ratio_str\"":\""81.40\""},{\""name\"":\""关注\"",\""value\"":1259,\""ratio\"":8.01,\""ratio_str\"":\""8.01\""},{\""name\"":\""其他\"",\""value\"":1133,\""ratio\"":7.21,\""ratio_str\"":\""7.21\""},{\""name\"":\""个人主页\"",\""value\"":334,\""ratio\"":2.12,\""ratio_str\"":\""2.12\""},{\""name\"":\""搜索\"",\""value\"":171,\""ratio\"":1.09,\""ratio_str\"":\""1.09\""},{\""name\"":\""视频推荐\"",\""value\"":24,\""ratio\"":0.15,\""ratio_str\"":\""0.15\""},{\""name\"":\""商业化\"",\""value\"":3,\""ratio\"":0.01999999999998579,\""ratio_str\"":\""0.02\""}]""",0,0,0.2759,0.0065,0.0312,0.0217,0.2640,0.9084,0.9894,0.7619,0.9912,0.0000,2025-09-29 22:45:37
戴维李,7550588411688405798,"大A剑指3900，牛回速归",2025-09-16 15:39:43,2025-09-16 17:02:21,82,1709,1393,32640,32629,11,314,485,479,6,148,1632.00,120651,23851,5341,18510,329,13,99,3.9400,11.0800,0.8000,934,825,109,119562,118749,813,27,18,9,"""[{\""name\"":\""直播推荐\"",\""value\"":144471,\""ratio\"":74.65,\""ratio_str\"":\""74.65\""},{\""name\"":\""其他\"",\""value\"":29265,\""ratio\"":15.12,\""ratio_str\"":\""15.12\""},{\""name\"":\""关注\"",\""value\"":11726,\""ratio\"":6.06,\""ratio_str\"":\""6.06\""},{\""name\"":\""个人主页\"",\""value\"":3233,\""ratio\"":1.67,\""ratio_str\"":\""1.67\""},{\""name\"":\""搜索\"",\""value\"":3217,\""ratio\"":1.66,\""ratio_str\"":\""1.66\""},{\""name\"":\""视频推荐\"",\""value\"":1583,\""ratio\"":0.82,\""ratio_str\"":\""0.82\""},{\""name\"":\""商业化\"",\""value\"":18,\""ratio\"":0.01,\""ratio_str\"":\""0.01\""},{\""name\"":\""同城\"",\""value\"":13,\""ratio\"":0.00999999999998579,\""ratio_str\"":\""0.01\""}]""","""[{\""name\"":\""直播推荐\"",\""value\"":20006,\""ratio\"":83.38,\""ratio_str\"":\""83.38\""},{\""name\"":\""关注\"",\""value\"":1632,\""ratio\"":6.8,\""ratio_str\"":\""6.80\""},{\""name\"":\""其他\"",\""value\"":1396,\""ratio\"":5.82,\""ratio_str\"":\""5.82\""},{\""name\"":\""搜索\"",\""value\"":449,\""ratio\"":1.87,\""ratio_str\"":\""1.87\""},{\""name\"":\""个人主页\"",\""value\"":444,\""ratio\"":1.85,\""ratio_str\"":\""1.85\""},{\""name\"":\""视频推荐\"",\""value\"":45,\""ratio\"":0.19,\""ratio_str\"":\""0.19\""},{\""name\"":\""同城\"",\""value\"":12,\""ratio\"":0.05,\""ratio_str\"":\""0.05\""},{\""name\"":\""商业化\"",\""value\"":9,\""ratio\"":0.04000000000001421,\""ratio_str\"":\""0.04\""}]""",0,0,0.1977,0.0138,0.0392,0.0203,0.2239,0.8833,0.9932,0.6667,0.9876,0.0000,2025-09-29 22:46:13
戴维李,7550539775896308531,"大A剑指3900，牛回速归",2025-09-16 12:30:59,2025-09-16 12:59:34,28,1735,1458,892,886,6,45,212,208,4,26,44.60,115389,16710,3155,13555,182,6,17,1.7500,5.6100,0.5300,461,378,83,31801,30357,1444,21,13,8,"""[{\""name\"":\""视频推荐\"",\""value\"":403,\""ratio\"":0.26,\""ratio_str\"":\""0.26\""},{\""name\"":\""个人主页\"",\""value\"":1629,\""ratio\"":1.07,\""ratio_str\"":\""1.07\""},{\""name\"":\""关注\"",\""value\"":6083,\""ratio\"":3.98,\""ratio_str\"":\""3.98\""},{\""name\"":\""其他\"",\""value\"":11302,\""ratio\"":7.39,\""ratio_str\"":\""7.39\""},{\""name\"":\""商业化\"",\""value\"":54,\""ratio\"":0.04,\""ratio_str\"":\""0.04\""},{\""name\"":\""搜索\"",\""value\"":1320,\""ratio\"":0.86,\""ratio_str\"":\""0.86\""},{\""name\"":\""直播推荐\"",\""value\"":132058,\""ratio\"":86.4,\""ratio_str\"":\""86.40\""}]""","""[{\""name\"":\""直播推荐\"",\""value\"":14298,\""ratio\"":86.87,\""ratio_str\"":\""86.87\""},{\""name\"":\""关注\"",\""value\"":866,\""ratio\"":5.26,\""ratio_str\"":\""5.26\""},{\""name\"":\""其他\"",\""value\"":846,\""ratio\"":5.14,\""ratio_str\"":\""5.14\""},{\""name\"":\""个人主页\"",\""value\"":286,\""ratio\"":1.74,\""ratio_str\"":\""1.74\""},{\""name\"":\""搜索\"",\""value\"":145,\""ratio\"":0.88,\""ratio_str\"":\""0.88\""},{\""name\"":\""视频推荐\"",\""value\"":14,\""ratio\"":0.09,\""ratio_str\"":\""0.09\""},{\""name\"":\""商业化\"",\""value\"":5,\""ratio\"":0.019999999999994883,\""ratio_str\"":\""0.02\""}]""",0,0,0.1448,0.0109,0.0276,0.0127,0.1888,0.8200,0.9546,0.6190,0.9811,0.0000,2025-09-29 22:46:52
戴维李,7550164612348775206,"大A剑指3900，牛回速归",2025-09-15 12:15:19,2025-09-15 13:00:51,45,1189,934,1285,1280,5,28,312,311,1,16,64.25,36628,9176,3433,5743,50,5,10,3.8500,7.1300,0.7300,406,382,24,46938,46859,79,14,14,0,"""[{\""name\"":\""直播推荐\"",\""value\"":38862,\""ratio\"":59.21,\""ratio_str\"":\""59.21\""},{\""name\"":\""其他\"",\""value\"":14804,\""ratio\"":22.55,\""ratio_str\"":\""22.55\""},{\""name\"":\""关注\"",\""value\"":8014,\""ratio\"":12.21,\""ratio_str\"":\""12.21\""},{\""name\"":\""个人主页\"",\""value\"":1650,\""ratio\"":2.51,\""ratio_str\"":\""2.51\""},{\""name\"":\""视频推荐\"",\""value\"":1227,\""ratio\"":1.87,\""ratio_str\"":\""1.87\""},{\""name\"":\""搜索\"",\""value\"":1043,\""ratio\"":1.59,\""ratio_str\"":\""1.59\""},{\""name\"":\""商业化\"",\""value\"":36,\""ratio\"":0.0599999999999767,\""ratio_str\"":\""0.06\""},{\""name\"":\""同城\"",\""value\"":1,\""ratio\"":0,\""ratio_str\"":\""0.00\""}]""","""[{\""name\"":\""个人主页\"",\""value\"":257,\""ratio\"":2.77,\""ratio_str\"":\""2.77\""},{\""name\"":\""关注\"",\""value\"":1050,\""ratio\"":11.3,\""ratio_str\"":\""11.30\""},{\""name\"":\""其他\"",\""value\"":734,\""ratio\"":7.9,\""ratio_str\"":\""7.90\""},{\""name\"":\""搜索\"",\""value\"":111,\""ratio\"":1.19,\""ratio_str\"":\""1.19\""},{\""name\"":\""直播推荐\"",\""value\"":7101,\""ratio\"":76.43,\""ratio_str\"":\""76.43\""},{\""name\"":\""视频推荐\"",\""value\"":38,\""ratio\"":0.41,\""ratio_str\"":\""0.41\""}]""",0,0,0.2505,0.0054,0.0442,0.0340,0.3741,0.9409,0.9983,1.0000,0.9968,0.0000,2025-09-29 22:48:18
戴维李,7549101036881955635,"大A剑指3900，牛回速归",2025-09-12 15:27:58,2025-09-12 16:50:34,82,1028,800,968,967,1,30,186,185,1,18,48.40,55573,14797,4465,10332,67,13,14,3.5900,7.8000,0.7100,531,490,41,105408,105209,199,12,11,1,"""[{\""name\"":\""直播推荐\"",\""value\"":63785,\""ratio\"":60.67,\""ratio_str\"":\""60.67\""},{\""name\"":\""其他\"",\""value\"":24257,\""ratio\"":23.07,\""ratio_str\"":\""23.07\""},{\""name\"":\""关注\"",\""value\"":11523,\""ratio\"":10.96,\""ratio_str\"":\""10.96\""},{\""name\"":\""个人主页\"",\""value\"":2412,\""ratio\"":2.29,\""ratio_str\"":\""2.29\""},{\""name\"":\""搜索\"",\""value\"":1703,\""ratio\"":1.62,\""ratio_str\"":\""1.62\""},{\""name\"":\""视频推荐\"",\""value\"":1370,\""ratio\"":1.3,\""ratio_str\"":\""1.30\""},{\""name\"":\""商业化\"",\""value\"":69,\""ratio\"":0.07,\""ratio_str\"":\""0.07\""},{\""name\"":\""同城\"",\""value\"":8,\""ratio\"":0.019999999999990907,\""ratio_str\"":\""0.02\""}]""","""[{\""name\"":\""直播推荐\"",\""value\"":11715,\""ratio\"":78.19,\""ratio_str\"":\""78.19\""},{\""name\"":\""关注\"",\""value\"":1640,\""ratio\"":10.95,\""ratio_str\"":\""10.95\""},{\""name\"":\""其他\"",\""value\"":1028,\""ratio\"":6.86,\""ratio_str\"":\""6.86\""},{\""name\"":\""个人主页\"",\""value\"":377,\""ratio\"":2.52,\""ratio_str\"":\""2.52\""},{\""name\"":\""搜索\"",\""value\"":164,\""ratio\"":1.09,\""ratio_str\"":\""1.09\""},{\""name\"":\""视频推荐\"",\""value\"":47,\""ratio\"":0.31,\""ratio_str\"":\""0.31\""},{\""name\"":\""同城\"",\""value\"":6,\""ratio\"":0.04,\""ratio_str\"":\""0.04\""},{\""name\"":\""商业化\"",\""value\"":5,\""ratio\"":0.040000000000005115,\""ratio_str\"":\""0.04\""}]""",0,0,0.2663,0.0045,0.0359,0.0126,0.3018,0.9228,0.9981,0.9167,0.9946,0.0000,2025-09-29 22:49:01
戴维李,7549043848962378505,"大A剑指3900，牛回速归",2025-09-12 11:45:58,2025-09-12 12:59:33,73,1428,1125,1891,1889,2,47,379,378,1,36,94.55,55056,14343,5134,9209,90,12,20,4.9000,9.2400,0.7900,699,670,29,114554,114140,414,36,35,1,"""[{\""name\"":\""直播推荐\"",\""value\"":59805,\""ratio\"":54.05,\""ratio_str\"":\""54.05\""},{\""name\"":\""其他\"",\""value\"":31659,\""ratio\"":28.61,\""ratio_str\"":\""28.61\""},{\""name\"":\""关注\"",\""value\"":12503,\""ratio\"":11.3,\""ratio_str\"":\""11.30\""},{\""name\"":\""个人主页\"",\""value\"":2886,\""ratio\"":2.61,\""ratio_str\"":\""2.61\""},{\""name\"":\""搜索\"",\""value\"":1932,\""ratio\"":1.75,\""ratio_str\"":\""1.75\""},{\""name\"":\""视频推荐\"",\""value\"":1759,\""ratio\"":1.59,\""ratio_str\"":\""1.59\""},{\""name\"":\""商业化\"",\""value\"":102,\""ratio\"":0.07999999999999488,\""ratio_str\"":\""0.08\""},{\""name\"":\""同城\"",\""value\"":7,\""ratio\"":0.01,\""ratio_str\"":\""0.01\""}]""","""[{\""name\"":\""同城\"",\""value\"":7,\""ratio\"":0.05,\""ratio_str\"":\""0.05\""},{\""name\"":\""商业化\"",\""value\"":4,\""ratio\"":0.03,\""ratio_str\"":\""0.03\""},{\""name\"":\""搜索\"",\""value\"":216,\""ratio\"":1.48,\""ratio_str\"":\""1.48\""},{\""name\"":\""直播推荐\"",\""value\"":10681,\""ratio\"":73.28,\""ratio_str\"":\""73.28\""},{\""name\"":\""视频推荐\"",\""value\"":52,\""ratio\"":0.36,\""ratio_str\"":\""0.36\""},{\""name\"":\""个人主页\"",\""value\"":461,\""ratio\"":3.16,\""ratio_str\"":\""3.16\""},{\""name\"":\""关注\"",\""value\"":1685,\""ratio\"":11.56,\""ratio_str\"":\""11.56\""},{\""name\"":\""其他\"",\""value\"":1469,\""ratio\"":10.08,\""ratio_str\"":\""10.08\""}]""",0,0,0.2605,0.0063,0.0487,0.0264,0.3579,0.9585,0.9964,0.9722,0.9974,0.0000,2025-09-29 22:49:44
戴维李,7548731167496129330,"大A重返3800，调整结束了吗？",2025-09-11 15:32:43,2025-09-11 16:56:08,83,1580,1135,862,848,14,42,284,273,11,28,43.10,86891,19535,5356,14179,156,20,18,3.9400,8.7000,0.8900,756,667,89,118665,114456,4209,31,22,9,"""[{\""name\"":\""直播推荐\"",\""value\"":101240,\""ratio\"":65.09,\""ratio_str\"":\""65.09\""},{\""name\"":\""其他\"",\""value\"":34460,\""ratio\"":22.16,\""ratio_str\"":\""22.16\""},{\""name\"":\""关注\"",\""value\"":12486,\""ratio\"":8.03,\""ratio_str\"":\""8.03\""},{\""name\"":\""个人主页\"",\""value\"":3201,\""ratio\"":2.06,\""ratio_str\"":\""2.06\""},{\""name\"":\""搜索\"",\""value\"":2384,\""ratio\"":1.53,\""ratio_str\"":\""1.53\""},{\""name\"":\""视频推荐\"",\""value\"":1658,\""ratio\"":1.07,\""ratio_str\"":\""1.07\""},{\""name\"":\""商业化\"",\""value\"":87,\""ratio\"":0.06,\""ratio_str\"":\""0.06\""},{\""name\"":\""同城\"",\""value\"":14,\""ratio\"":9.0951551845464e-15,\""ratio_str\"":\""0.00\""}]""","""[{\""name\"":\""直播推荐\"",\""value\"":15515,\""ratio\"":78.22,\""ratio_str\"":\""78.22\""},{\""name\"":\""关注\"",\""value\"":1776,\""ratio\"":8.95,\""ratio_str\"":\""8.95\""},{\""name\"":\""其他\"",\""value\"":1686,\""ratio\"":8.5,\""ratio_str\"":\""8.50\""},{\""name\"":\""个人主页\"",\""value\"":492,\""ratio\"":2.48,\""ratio_str\"":\""2.48\""},{\""name\"":\""搜索\"",\""value\"":291,\""ratio\"":1.47,\""ratio_str\"":\""1.47\""},{\""name\"":\""视频推荐\"",\""value\"":51,\""ratio\"":0.26,\""ratio_str\"":\""0.26\""},{\""name\"":\""同城\"",\""value\"":14,\""ratio\"":0.07,\""ratio_str\"":\""0.07\""},{\""name\"":\""商业化\"",\""value\"":11,\""ratio\"":0.05000000000000909,\""ratio_str\"":\""0.05\""}]""",2093,3263,0.2248,0.0080,0.0387,0.0145,0.2742,0.8823,0.9645,0.7097,0.9613,0.3908,2025-09-11 22:42:00
戴维李,7548673430606990106,"大A重返3800，调整结束了吗？",2025-09-11 11:48:54,2025-09-11 12:58:58,70,1515,1291,2357,2326,31,102,450,434,16,54,117.85,70843,14719,5295,9424,147,11,32,5.2500,9.2300,1.1300,657,590,67,66967,63570,3397,37,33,4,"""[{\""name\"":\""直播推荐\"",\""value\"":77714,\""ratio\"":60.42,\""ratio_str\"":\""60.42\""},{\""name\"":\""其他\"",\""value\"":27139,\""ratio\"":21.1,\""ratio_str\"":\""21.10\""},{\""name\"":\""关注\"",\""value\"":14129,\""ratio\"":10.98,\""ratio_str\"":\""10.98\""},{\""name\"":\""视频推荐\"",\""value\"":3690,\""ratio\"":2.87,\""ratio_str\"":\""2.87\""},{\""name\"":\""个人主页\"",\""value\"":3154,\""ratio\"":2.45,\""ratio_str\"":\""2.45\""},{\""name\"":\""搜索\"",\""value\"":2706,\""ratio\"":2.1,\""ratio_str\"":\""2.10\""},{\""name\"":\""商业化\"",\""value\"":85,\""ratio\"":0.07,\""ratio_str\"":\""0.07\""},{\""name\"":\""同城\"",\""value\"":10,\""ratio\"":0.00999999999998579,\""ratio_str\"":\""0.01\""}]""","""[{\""name\"":\""直播推荐\"",\""value\"":10978,\""ratio\"":73.28,\""ratio_str\"":\""73.28\""},{\""name\"":\""关注\"",\""value\"":1799,\""ratio\"":12.01,\""ratio_str\"":\""12.01\""},{\""name\"":\""其他\"",\""value\"":1300,\""ratio\"":8.68,\""ratio_str\"":\""8.68\""},{\""name\"":\""个人主页\"",\""value\"":521,\""ratio\"":3.48,\""ratio_str\"":\""3.48\""},{\""name\"":\""搜索\"",\""value\"":285,\""ratio\"":1.9,\""ratio_str\"":\""1.90\""},{\""name\"":\""视频推荐\"",\""value\"":89,\""ratio\"":0.59,\""ratio_str\"":\""0.59\""},{\""name\"":\""同城\"",\""value\"":6,\""ratio\"":0.04,\""ratio_str\"":\""0.04\""},{\""name\"":\""商业化\"",\""value\"":2,\""ratio\"":0.019999999999976696,\""ratio_str\"":\""0.02\""}]""",2033,3262,0.2078,0.0100,0.0446,0.0306,0.3597,0.8980,0.9493,0.8919,0.9644,0.3839,2025-09-11 22:42:43
戴维李,7548360506256476979,"大A重返3800，调整结束了吗？",2025-09-10 15:34:19,2025-09-10 16:40:41,66,2545,1858,2186,2150,36,163,456,433,23,106,109.30,229037,36643,5651,30992,473,15,67,2.5000,8.7700,0.8000,908,761,147,112080,108548,3532,41,20,21,"""[{\""name\"":\""直播推荐\"",\""value\"":272457,\""ratio\"":86.34,\""ratio_str\"":\""86.34\""},{\""name\"":\""其他\"",\""value\"":24322,\""ratio\"":7.71,\""ratio_str\"":\""7.71\""},{\""name\"":\""关注\"",\""value\"":10431,\""ratio\"":3.31,\""ratio_str\"":\""3.31\""},{\""name\"":\""个人主页\"",\""value\"":3190,\""ratio\"":1.01,\""ratio_str\"":\""1.01\""},{\""name\"":\""搜索\"",\""value\"":2751,\""ratio\"":0.87,\""ratio_str\"":\""0.87\""},{\""name\"":\""视频推荐\"",\""value\"":2400,\""ratio\"":0.7499999999999949,\""ratio_str\"":\""0.75\""},{\""name\"":\""商业化\"",\""value\"":23,\""ratio\"":0.01,\""ratio_str\"":\""0.01\""},{\""name\"":\""同城\"",\""value\"":7,\""ratio\"":0,\""ratio_str\"":\""0.00\""}]""","""[{\""name\"":\""直播推荐\"",\""value\"":32530,\""ratio\"":88.84,\""ratio_str\"":\""88.84\""},{\""name\"":\""视频推荐\"",\""value\"":90,\""ratio\"":0.25,\""ratio_str\"":\""0.25\""},{\""name\"":\""个人主页\"",\""value\"":469,\""ratio\"":1.28,\""ratio_str\"":\""1.28\""},{\""name\"":\""关注\"",\""value\"":1553,\""ratio\"":4.24,\""ratio_str\"":\""4.24\""},{\""name\"":\""其他\"",\""value\"":1587,\""ratio\"":4.33,\""ratio_str\"":\""4.33\""},{\""name\"":\""同城\"",\""value\"":6,\""ratio\"":0.02,\""ratio_str\"":\""0.02\""},{\""name\"":\""商业化\"",\""value\"":15,\""ratio\"":0.04,\""ratio_str\"":\""0.04\""},{\""name\"":\""搜索\"",\""value\"":365,\""ratio\"":1,\""ratio_str\"":\""1.00\""}]""",1901,3750,0.1600,0.0129,0.0248,0.0124,0.1542,0.8381,0.9685,0.4878,0.9496,0.3364,2025-09-11 22:43:25
戴维李,7547987617326254899,"大A重返3800，调整结束了吗？",2025-09-09 15:27:14,2025-09-09 16:35:16,68,2425,1875,1165,1156,9,180,349,342,7,100,58.25,244880,35392,6492,28900,537,11,67,2.7400,8.3800,0.7800,1021,820,201,118369,114442,3927,47,36,11,"""[{\""name\"":\""直播推荐\"",\""value\"":299536,\""ratio\"":86.3,\""ratio_str\"":\""86.30\""},{\""name\"":\""其他\"",\""value\"":23657,\""ratio\"":6.82,\""ratio_str\"":\""6.82\""},{\""name\"":\""关注\"",\""value\"":12250,\""ratio\"":3.53,\""ratio_str\"":\""3.53\""},{\""name\"":\""搜索\"",\""value\"":4901,\""ratio\"":1.41,\""ratio_str\"":\""1.41\""},{\""name\"":\""个人主页\"",\""value\"":3862,\""ratio\"":1.11,\""ratio_str\"":\""1.11\""},{\""name\"":\""视频推荐\"",\""value\"":2838,\""ratio\"":0.82,\""ratio_str\"":\""0.82\""},{\""name\"":\""商业化\"",\""value\"":27,\""ratio\"":0.010000000000014211,\""ratio_str\"":\""0.01\""},{\""name\"":\""同城\"",\""value\"":12,\""ratio\"":0,\""ratio_str\"":\""0.00\""}]""","""[{\""name\"":\""直播推荐\"",\""value\"":31146,\""ratio\"":87.88,\""ratio_str\"":\""87.88\""},{\""name\"":\""关注\"",\""value\"":1725,\""ratio\"":4.87,\""ratio_str\"":\""4.87\""},{\""name\"":\""其他\"",\""value\"":1398,\""ratio\"":3.94,\""ratio_str\"":\""3.94\""},{\""name\"":\""搜索\"",\""value\"":634,\""ratio\"":1.79,\""ratio_str\"":\""1.79\""},{\""name\"":\""个人主页\"",\""value\"":435,\""ratio\"":1.23,\""ratio_str\"":\""1.23\""},{\""name\"":\""视频推荐\"",\""value\"":87,\""ratio\"":0.25,\""ratio_str\"":\""0.25\""},{\""name\"":\""商业化\"",\""value\"":10,\""ratio\"":0.03,\""ratio_str\"":\""0.03\""},{\""name\"":\""同城\"",\""value\"":7,\""ratio\"":0.010000000000009095,\""ratio_str\"":\""0.01\""}]""",1855,4637,0.1445,0.0152,0.0288,0.0099,0.1834,0.8031,0.9668,0.7660,0.9799,0.2857,2025-09-10 22:42:44
戴维李,7547934801936829218,"大A重返3800，调整结束了吗？",2025-09-09 12:02:14,2025-09-09 13:00:47,58,2282,1851,1985,1973,12,647,498,491,7,80,99.25,161002,21245,6318,14927,317,14,47,4.2700,9.2300,1.0300,905,794,111,70350,66367,3983,70,47,23,"""[{\""name\"":\""商业化\"",\""value\"":16,\""ratio\"":0.01,\""ratio_str\"":\""0.01\""},{\""name\"":\""搜索\"",\""value\"":3994,\""ratio\"":1.7,\""ratio_str\"":\""1.70\""},{\""name\"":\""直播推荐\"",\""value\"":192062,\""ratio\"":81.64,\""ratio_str\"":\""81.64\""},{\""name\"":\""视频推荐\"",\""value\"":1945,\""ratio\"":0.83,\""ratio_str\"":\""0.83\""},{\""name\"":\""个人主页\"",\""value\"":3490,\""ratio\"":1.48,\""ratio_str\"":\""1.48\""},{\""name\"":\""关注\"",\""value\"":11479,\""ratio\"":4.88,\""ratio_str\"":\""4.88\""},{\""name\"":\""其他\"",\""value\"":22253,\""ratio\"":9.46,\""ratio_str\"":\""9.46\""},{\""name\"":\""同城\"",\""value\"":3,\""ratio\"":0,\""ratio_str\"":\""0.00\""}]""","""[{\""name\"":\""直播推荐\"",\""value\"":17281,\""ratio\"":81.3,\""ratio_str\"":\""81.30\""},{\""name\"":\""关注\"",\""value\"":1682,\""ratio\"":7.91,\""ratio_str\"":\""7.91\""},{\""name\"":\""其他\"",\""value\"":1223,\""ratio\"":5.75,\""ratio_str\"":\""5.75\""},{\""name\"":\""搜索\"",\""value\"":518,\""ratio\"":2.44,\""ratio_str\"":\""2.44\""},{\""name\"":\""个人主页\"",\""value\"":473,\""ratio\"":2.23,\""ratio_str\"":\""2.23\""},{\""name\"":\""视频推荐\"",\""value\"":74,\""ratio\"":0.35,\""ratio_str\"":\""0.35\""},{\""name\"":\""同城\"",\""value\"":3,\""ratio\"":0.020000000000005118,\""ratio_str\"":\""0.02\""},{\""name\"":\""商业化\"",\""value\"":1,\""ratio\"":0,\""ratio_str\"":\""0.00\""}]""",2072,4246,0.1320,0.0149,0.0426,0.0234,0.2974,0.8773,0.9434,0.6714,0.9859,0.3280,2025-09-10 22:43:27
戴维李,7547619543422651145,"大A重返3800，调整结束了吗？",2025-09-08 15:38:59,2025-09-08 16:44:26,65,2147,1639,1717,1518,199,532,551,543,8,189,85.85,191378,32041,5532,26509,499,19,148,2.5100,8.0100,0.7500,999,869,130,72176,70705,1471,57,34,23,"""[{\""name\"":\""直播推荐\"",\""value\"":227966,\""ratio\"":82.49,\""ratio_str\"":\""82.49\""},{\""name\"":\""其他\"",\""value\"":28987,\""ratio\"":10.49,\""ratio_str\"":\""10.49\""},{\""name\"":\""关注\"",\""value\"":10780,\""ratio\"":3.9,\""ratio_str\"":\""3.90\""},{\""name\"":\""个人主页\"",\""value\"":3263,\""ratio\"":1.18,\""ratio_str\"":\""1.18\""},{\""name\"":\""搜索\"",\""value\"":2672,\""ratio\"":0.97,\""ratio_str\"":\""0.97\""},{\""name\"":\""视频推荐\"",\""value\"":2657,\""ratio\"":0.96,\""ratio_str\"":\""0.96\""},{\""name\"":\""商业化\"",\""value\"":26,\""ratio\"":0.01,\""ratio_str\"":\""0.01\""},{\""name\"":\""同城\"",\""value\"":14,\""ratio\"":9.0951551845464e-15,\""ratio_str\"":\""0.00\""}]""","""[{\""name\"":\""直播推荐\"",\""value\"":27824,\""ratio\"":86.66,\""ratio_str\"":\""86.66\""},{\""name\"":\""其他\"",\""value\"":1762,\""ratio\"":5.49,\""ratio_str\"":\""5.49\""},{\""name\"":\""关注\"",\""value\"":1603,\""ratio\"":4.99,\""ratio_str\"":\""4.99\""},{\""name\"":\""个人主页\"",\""value\"":451,\""ratio\"":1.4,\""ratio_str\"":\""1.40\""},{\""name\"":\""搜索\"",\""value\"":371,\""ratio\"":1.16,\""ratio_str\"":\""1.16\""},{\""name\"":\""视频推荐\"",\""value\"":77,\""ratio\"":0.24,\""ratio_str\"":\""0.24\""},{\""name\"":\""同城\"",\""value\"":10,\""ratio\"":0.03000000000001421,\""ratio_str\"":\""0.03\""},{\""name\"":\""商业化\"",\""value\"":10,\""ratio\"":0.03,\""ratio_str\"":\""0.03\""}]""",1983,3549,0.1674,0.0156,0.0312,0.0172,0.1727,0.8699,0.9796,0.5965,0.9855,0.3585,2025-09-10 22:44:11
戴维李,7547556208536374054,"戴维李正在直播",2025-09-08 11:33:29,2025-09-08 12:36:03,62,2241,1635,1637,1451,186,429,610,601,9,123,81.85,152194,28339,5679,22660,319,14,79,2.7800,8.3500,0.6200,879,791,88,72631,70958,1673,91,31,60,"""[{\""name\"":\""直播推荐\"",\""value\"":177754,\""ratio\"":79.8,\""ratio_str\"":\""79.80\""},{\""name\"":\""其他\"",\""value\"":25874,\""ratio\"":11.62,\""ratio_str\"":\""11.62\""},{\""name\"":\""关注\"",\""value\"":11882,\""ratio\"":5.33,\""ratio_str\"":\""5.33\""},{\""name\"":\""个人主页\"",\""value\"":2984,\""ratio\"":1.34,\""ratio_str\"":\""1.34\""},{\""name\"":\""视频推荐\"",\""value\"":2455,\""ratio\"":1.1,\""ratio_str\"":\""1.10\""},{\""name\"":\""搜索\"",\""value\"":1758,\""ratio\"":0.79,\""ratio_str\"":\""0.79\""},{\""name\"":\""商业化\"",\""value\"":20,\""ratio\"":0.020000000000005118,\""ratio_str\"":\""0.02\""},{\""name\"":\""同城\"",\""value\"":10,\""ratio\"":0,\""ratio_str\"":\""0.00\""}]""","""[{\""name\"":\""直播推荐\"",\""value\"":24274,\""ratio\"":85.4,\""ratio_str\"":\""85.40\""},{\""name\"":\""其他\"",\""value\"":1727,\""ratio\"":6.08,\""ratio_str\"":\""6.08\""},{\""name\"":\""关注\"",\""value\"":1633,\""ratio\"":5.75,\""ratio_str\"":\""5.75\""},{\""name\"":\""个人主页\"",\""value\"":491,\""ratio\"":1.73,\""ratio_str\"":\""1.73\""},{\""name\"":\""搜索\"",\""value\"":214,\""ratio\"":0.75,\""ratio_str\"":\""0.75\""},{\""name\"":\""视频推荐\"",\""value\"":72,\""ratio\"":0.25,\""ratio_str\"":\""0.25\""},{\""name\"":\""同城\"",\""value\"":7,\""ratio\"":0.02,\""ratio_str\"":\""0.02\""},{\""name\"":\""商业化\"",\""value\"":6,\""ratio\"":0.01999999999998579,\""ratio_str\"":\""0.02\""}]""",2195,3484,0.1862,0.0113,0.0310,0.0215,0.2004,0.8999,0.9770,0.3407,0.9852,0.3865,2025-09-10 22:44:54
戴维李,7546518899479857970,"戴维李正在直播",2025-09-05 16:28:00,2025-09-05 17:28:16,60,5548,3552,5120,5066,54,2396,903,876,27,589,256.00,434110,75238,7347,67891,2151,23,509,2.0100,9.2500,0.8500,1250,924,326,77129,71664,5465,114,80,34,"""[{\""name\"":\""直播推荐\"",\""value\"":534340,\""ratio\"":91.55,\""ratio_str\"":\""91.55\""},{\""name\"":\""其他\"",\""value\"":28896,\""ratio\"":4.95,\""ratio_str\"":\""4.95\""},{\""name\"":\""关注\"",\""value\"":10056,\""ratio\"":1.72,\""ratio_str\"":\""1.72\""},{\""name\"":\""个人主页\"",\""value\"":5069,\""ratio\"":0.87,\""ratio_str\"":\""0.87\""},{\""name\"":\""搜索\"",\""value\"":2974,\""ratio\"":0.51,\""ratio_str\"":\""0.51\""},{\""name\"":\""视频推荐\"",\""value\"":2270,\""ratio\"":0.39,\""ratio_str\"":\""0.39\""},{\""name\"":\""商业化\"",\""value\"":45,\""ratio\"":0.00999999999998579,\""ratio_str\"":\""0.01\""},{\""name\"":\""同城\"",\""value\"":10,\""ratio\"":0,\""ratio_str\"":\""0.00\""}]""","""[{\""name\"":\""直播推荐\"",\""value\"":69910,\""ratio\"":93.78,\""ratio_str\"":\""93.78\""},{\""name\"":\""其他\"",\""value\"":2083,\""ratio\"":2.79,\""ratio_str\"":\""2.79\""},{\""name\"":\""关注\"",\""value\"":1585,\""ratio\"":2.13,\""ratio_str\"":\""2.13\""},{\""name\"":\""个人主页\"",\""value\"":459,\""ratio\"":0.62,\""ratio_str\"":\""0.62\""},{\""name\"":\""搜索\"",\""value\"":415,\""ratio\"":0.56,\""ratio_str\"":\""0.56\""},{\""name\"":\""视频推荐\"",\""value\"":67,\""ratio\"":0.09,\""ratio_str\"":\""0.09\""},{\""name\"":\""商业化\"",\""value\"":20,\""ratio\"":0.019999999999980672,\""ratio_str\"":\""0.02\""},{\""name\"":\""同城\"",\""value\"":8,\""ratio\"":0.01,\""ratio_str\"":\""0.01\""}]""",2006,5341,0.1733,0.0286,0.0166,0.0120,0.0977,0.7392,0.9291,0.7018,0.9701,0.2730,2025-09-08 22:43:08
戴维李,7546447119494761262,"戴维李正在直播",2025-09-05 11:49:28,2025-09-05 12:46:21,56,3553,2625,1732,1689,43,289,545,528,17,170,86.60,260055,49976,6507,43469,900,17,114,2.1400,8.3500,0.7300,925,764,161,127177,123451,3726,83,45,38,"""[{\""name\"":\""直播推荐\"",\""value\"":310481,\""ratio\"":87.35,\""ratio_str\"":\""87.35\""},{\""name\"":\""其他\"",\""value\"":24800,\""ratio\"":6.98,\""ratio_str\"":\""6.98\""},{\""name\"":\""关注\"",\""value\"":11019,\""ratio\"":3.1,\""ratio_str\"":\""3.10\""},{\""name\"":\""搜索\"",\""value\"":3704,\""ratio\"":1.04,\""ratio_str\"":\""1.04\""},{\""name\"":\""个人主页\"",\""value\"":3648,\""ratio\"":1.03,\""ratio_str\"":\""1.03\""},{\""name\"":\""视频推荐\"",\""value\"":1769,\""ratio\"":0.5000000000000142,\""ratio_str\"":\""0.50\""},{\""name\"":\""同城\"",\""value\"":14,\""ratio\"":0,\""ratio_str\"":\""0.00\""},{\""name\"":\""商业化\"",\""value\"":13,\""ratio\"":0,\""ratio_str\"":\""0.00\""}]""","""[{\""name\"":\""直播推荐\"",\""value\"":45224,\""ratio\"":91.42,\""ratio_str\"":\""91.42\""},{\""name\"":\""其他\"",\""value\"":1603,\""ratio\"":3.24,\""ratio_str\"":\""3.24\""},{\""name\"":\""关注\"",\""value\"":1562,\""ratio\"":3.16,\""ratio_str\"":\""3.16\""},{\""name\"":\""搜索\"",\""value\"":528,\""ratio\"":1.07,\""ratio_str\"":\""1.07\""},{\""name\"":\""个人主页\"",\""value\"":478,\""ratio\"":0.97,\""ratio_str\"":\""0.97\""},{\""name\"":\""视频推荐\"",\""value\"":55,\""ratio\"":0.11,\""ratio_str\"":\""0.11\""},{\""name\"":\""同城\"",\""value\"":11,\""ratio\"":0.02,\""ratio_str\"":\""0.02\""},{\""name\"":\""商业化\"",\""value\"":7,\""ratio\"":0.010000000000014211,\""ratio_str\"":\""0.01\""}]""",2078,4429,0.1922,0.0180,0.0185,0.0109,0.1302,0.8259,0.9707,0.5422,0.9688,0.3193,2025-09-08 22:43:51
老桑财知道,7546132769554877230,"东半球最强直播间",2025-09-04 15:29:32,2025-09-04 16:28:00,58,5667,3493,1167,1132,35,362,264,248,16,161,58.35,421153,104876,4678,100198,2437,17,125,1.1400,9.5000,0.6000,1390,776,614,48921,46845,2076,107,51,56,"""[{\""name\"":\""直播推荐\"",\""value\"":508927,\""ratio\"":94.35,\""ratio_str\"":\""94.35\""},{\""name\"":\""其他\"",\""value\"":18612,\""ratio\"":3.45,\""ratio_str\"":\""3.45\""},{\""name\"":\""关注\"",\""value\"":4934,\""ratio\"":0.91,\""ratio_str\"":\""0.91\""},{\""name\"":\""个人主页\"",\""value\"":3381,\""ratio\"":0.63,\""ratio_str\"":\""0.63\""},{\""name\"":\""搜索\"",\""value\"":2977,\""ratio\"":0.55,\""ratio_str\"":\""0.55\""},{\""name\"":\""视频推荐\"",\""value\"":550,\""ratio\"":0.11000000000001933,\""ratio_str\"":\""0.11\""},{\""name\"":\""商业化\"",\""value\"":16,\""ratio\"":0,\""ratio_str\"":\""0.00\""},{\""name\"":\""同城\"",\""value\"":8,\""ratio\"":0,\""ratio_str\"":\""0.00\""}]""","""[{\""name\"":\""直播推荐\"",\""value\"":99730,\""ratio\"":96.54,\""ratio_str\"":\""96.54\""},{\""name\"":\""其他\"",\""value\"":1946,\""ratio\"":1.88,\""ratio_str\"":\""1.88\""},{\""name\"":\""关注\"",\""value\"":873,\""ratio\"":0.85,\""ratio_str\"":\""0.85\""},{\""name\"":\""搜索\"",\""value\"":431,\""ratio\"":0.42,\""ratio_str\"":\""0.42\""},{\""name\"":\""个人主页\"",\""value\"":298,\""ratio\"":0.29,\""ratio_str\"":\""0.29\""},{\""name\"":\""商业化\"",\""value\"":9,\""ratio\"":0.01,\""ratio_str\"":\""0.01\""},{\""name\"":\""视频推荐\"",\""value\"":8,\""ratio\"":0.00999999999998579,\""ratio_str\"":\""0.01\""},{\""name\"":\""同城\"",\""value\"":5,\""ratio\"":0,\""ratio_str\"":\""0.00\""}]""",824,3854,0.2490,0.0232,0.0133,0.0025,0.0446,0.5583,0.9576,0.4766,0.9394,0.1761,2025-09-11 22:47:37
戴维李,7546127536158624563,"戴维李正在直播",2025-09-04 15:09:19,2025-09-04 16:20:00,70,5294,3171,2447,2401,46,1105,715,692,23,437,122.35,417887,78244,7989,70255,1712,27,362,2.0100,9.2200,0.8000,1913,1265,648,115071,108833,6238,74,54,20,"""[{\""name\"":\""直播推荐\"",\""value\"":514368,\""ratio\"":89.72,\""ratio_str\"":\""89.72\""},{\""name\"":\""其他\"",\""value\"":31610,\""ratio\"":5.51,\""ratio_str\"":\""5.51\""},{\""name\"":\""关注\"",\""value\"":13302,\""ratio\"":2.32,\""ratio_str\"":\""2.32\""},{\""name\"":\""个人主页\"",\""value\"":6228,\""ratio\"":1.09,\""ratio_str\"":\""1.09\""},{\""name\"":\""搜索\"",\""value\"":6021,\""ratio\"":1.05,\""ratio_str\"":\""1.05\""},{\""name\"":\""视频推荐\"",\""value\"":1728,\""ratio\"":0.3100000000000051,\""ratio_str\"":\""0.31\""},{\""name\"":\""商业化\"",\""value\"":17,\""ratio\"":0,\""ratio_str\"":\""0.00\""},{\""name\"":\""同城\"",\""value\"":15,\""ratio\"":0,\""ratio_str\"":\""0.00\""}]""","""[{\""name\"":\""其他\"",\""value\"":2440,\""ratio\"":3.13,\""ratio_str\"":\""3.13\""},{\""name\"":\""同城\"",\""value\"":8,\""ratio\"":0.01,\""ratio_str\"":\""0.01\""},{\""name\"":\""商业化\"",\""value\"":11,\""ratio\"":0.01,\""ratio_str\"":\""0.01\""},{\""name\"":\""搜索\"",\""value\"":1043,\""ratio\"":1.34,\""ratio_str\"":\""1.34\""},{\""name\"":\""直播推荐\"",\""value\"":71725,\""ratio\"":92,\""ratio_str\"":\""92.00\""},{\""name\"":\""视频推荐\"",\""value\"":62,\""ratio\"":0.08,\""ratio_str\"":\""0.08\""},{\""name\"":\""个人主页\"",\""value\"":702,\""ratio\"":0.9,\""ratio_str\"":\""0.90\""},{\""name\"":\""关注\"",\""value\"":1971,\""ratio\"":2.53,\""ratio_str\"":\""2.53\""}]""",2331,5658,0.1872,0.0219,0.0244,0.0091,0.1021,0.6613,0.9458,0.7297,0.9678,0.2918,2025-09-08 22:44:34
老桑财知道,7546086173136309030,"东半球最强直播间",2025-09-04 12:28:54,2025-09-04 13:12:29,43,2372,1565,7433,7427,6,4723,347,343,4,104,371.65,114225,27008,2710,24298,621,5,95,1.7500,8.2500,0.6800,636,444,192,40653,39716,937,14,11,3,"""[{\""name\"":\""直播推荐\"",\""value\"":130293,\""ratio\"":85.99,\""ratio_str\"":\""85.99\""},{\""name\"":\""其他\"",\""value\"":13040,\""ratio\"":8.61,\""ratio_str\"":\""8.61\""},{\""name\"":\""关注\"",\""value\"":4098,\""ratio\"":2.7,\""ratio_str\"":\""2.70\""},{\""name\"":\""搜索\"",\""value\"":2217,\""ratio\"":1.46,\""ratio_str\"":\""1.46\""},{\""name\"":\""个人主页\"",\""value\"":1453,\""ratio\"":0.96,\""ratio_str\"":\""0.96\""},{\""name\"":\""视频推荐\"",\""value\"":409,\""ratio\"":0.28000000000001934,\""ratio_str\"":\""0.28\""},{\""name\"":\""商业化\"",\""value\"":6,\""ratio\"":0,\""ratio_str\"":\""0.00\""},{\""name\"":\""同城\"",\""value\"":6,\""ratio\"":0,\""ratio_str\"":\""0.00\""}]""","""[{\""name\"":\""直播推荐\"",\""value\"":24683,\""ratio\"":92.01,\""ratio_str\"":\""92.01\""},{\""name\"":\""其他\"",\""value\"":884,\""ratio\"":3.3,\""ratio_str\"":\""3.30\""},{\""name\"":\""关注\"",\""value\"":756,\""ratio\"":2.82,\""ratio_str\"":\""2.82\""},{\""name\"":\""搜索\"",\""value\"":275,\""ratio\"":1.03,\""ratio_str\"":\""1.03\""},{\""name\"":\""个人主页\"",\""value\"":214,\""ratio\"":0.8,\""ratio_str\"":\""0.80\""},{\""name\"":\""视频推荐\"",\""value\"":7,\""ratio\"":0.03,\""ratio_str\"":\""0.03\""},{\""name\"":\""同城\"",\""value\"":4,\""ratio\"":0.01,\""ratio_str\"":\""0.01\""},{\""name\"":\""商业化\"",\""value\"":3,\""ratio\"":9.0951551845464e-15,\""ratio_str\"":\""0.00\""}]""",909,1801,0.2364,0.0230,0.0235,0.0128,0.1003,0.6981,0.9770,0.7857,0.9885,0.3354,2025-09-10 22:47:52
戴维李,7546074252131240730,"大A3880点，会回调吗？",2025-09-04 11:42:39,2025-09-04 12:39:35,56,6202,4533,6569,6510,59,2115,800,759,41,404,328.45,538623,100691,8470,92221,1940,20,317,1.7500,8.3700,0.8000,2138,1223,915,142082,135759,6323,118,70,48,"""[{\""name\"":\""直播推荐\"",\""value\"":661329,\""ratio\"":91.23,\""ratio_str\"":\""91.23\""},{\""name\"":\""其他\"",\""value\"":32605,\""ratio\"":4.5,\""ratio_str\"":\""4.50\""},{\""name\"":\""关注\"",\""value\"":12658,\""ratio\"":1.75,\""ratio_str\"":\""1.75\""},{\""name\"":\""搜索\"",\""value\"":10630,\""ratio\"":1.47,\""ratio_str\"":\""1.47\""},{\""name\"":\""个人主页\"",\""value\"":6381,\""ratio\"":0.88,\""ratio_str\"":\""0.88\""},{\""name\"":\""视频推荐\"",\""value\"":1303,\""ratio\"":0.16999999999999488,\""ratio_str\"":\""0.17\""},{\""name\"":\""商业化\"",\""value\"":14,\""ratio\"":0,\""ratio_str\"":\""0.00\""},{\""name\"":\""同城\"",\""value\"":7,\""ratio\"":0,\""ratio_str\"":\""0.00\""}]""","""[{\""name\"":\""直播推荐\"",\""value\"":92455,\""ratio\"":92.46,\""ratio_str\"":\""92.46\""},{\""name\"":\""其他\"",\""value\"":2964,\""ratio\"":2.96,\""ratio_str\"":\""2.96\""},{\""name\"":\""关注\"",\""value\"":2024,\""ratio\"":2.02,\""ratio_str\"":\""2.02\""},{\""name\"":\""搜索\"",\""value\"":1695,\""ratio\"":1.7,\""ratio_str\"":\""1.70\""},{\""name\"":\""个人主页\"",\""value\"":797,\""ratio\"":0.8,\""ratio_str\"":\""0.80\""},{\""name\"":\""视频推荐\"",\""value\"":47,\""ratio\"":0.05,\""ratio_str\"":\""0.05\""},{\""name\"":\""商业化\"",\""value\"":11,\""ratio\"":0.01,\""ratio_str\"":\""0.01\""},{\""name\"":\""同城\"",\""value\"":6,\""ratio\"":2.3306009899748403e-14,\""ratio_str\"":\""0.00\""}]""",2500,5970,0.1869,0.0193,0.0212,0.0079,0.0841,0.5720,0.9555,0.5932,0.9488,0.2952,2025-09-08 22:45:18
戴维李,7545799941378018098,"大A3880点，会回调吗？",2025-09-03 17:58:09,2025-09-03 19:08:14,70,6592,4340,1881,775,1106,1258,725,297,428,502,94.05,716300,128191,4712,123479,3130,29,398,1.5400,7.8300,1.0300,2009,589,1420,118591,67506,51085,152,9,143,"""[{\""name\"":\""直播推荐\"",\""value\"":891981,\""ratio\"":92.96,\""ratio_str\"":\""92.96\""},{\""name\"":\""其他\"",\""value\"":36949,\""ratio\"":3.85,\""ratio_str\"":\""3.85\""},{\""name\"":\""关注\"",\""value\"":12226,\""ratio\"":1.27,\""ratio_str\"":\""1.27\""},{\""name\"":\""搜索\"",\""value\"":9828,\""ratio\"":1.02,\""ratio_str\"":\""1.02\""},{\""name\"":\""个人主页\"",\""value\"":6999,\""ratio\"":0.73,\""ratio_str\"":\""0.73\""},{\""name\"":\""视频推荐\"",\""value\"":1481,\""ratio\"":0.17000000000001023,\""ratio_str\"":\""0.17\""},{\""name\"":\""同城\"",\""value\"":17,\""ratio\"":0,\""ratio_str\"":\""0.00\""},{\""name\"":\""商业化\"",\""value\"":17,\""ratio\"":0,\""ratio_str\"":\""0.00\""}]""","""[{\""name\"":\""直播推荐\"",\""value\"":119187,\""ratio\"":94.42,\""ratio_str\"":\""94.42\""},{\""name\"":\""其他\"",\""value\"":3216,\""ratio\"":2.55,\""ratio_str\"":\""2.55\""},{\""name\"":\""关注\"",\""value\"":1714,\""ratio\"":1.36,\""ratio_str\"":\""1.36\""},{\""name\"":\""搜索\"",\""value\"":1540,\""ratio\"":1.22,\""ratio_str\"":\""1.22\""},{\""name\"":\""个人主页\"",\""value\"":500,\""ratio\"":0.4,\""ratio_str\"":\""0.40\""},{\""name\"":\""视频推荐\"",\""value\"":53,\""ratio\"":0.029999999999980674,\""ratio_str\"":\""0.03\""},{\""name\"":\""商业化\"",\""value\"":12,\""ratio\"":0.01,\""ratio_str\"":\""0.01\""},{\""name\"":\""同城\"",\""value\"":7,\""ratio\"":0.01,\""ratio_str\"":\""0.01\""}]""",1486,3226,0.1790,0.0244,0.0157,0.0057,0.0368,0.2932,0.5692,0.0592,0.4097,0.3154,2025-09-03 22:45:13
戴维李,7545771406563330842,"大A3880点，会回调吗？",2025-09-03 16:07:21,2025-09-03 17:18:15,70,6887,4497,4408,2918,1490,1662,832,488,344,430,220.40,880404,131254,5153,126101,3070,26,343,1.5900,9.0900,0.9800,2233,756,1477,85245,68205,17040,142,44,98,"""[{\""name\"":\""直播推荐\"",\""value\"":1106734,\""ratio\"":93.66,\""ratio_str\"":\""93.66\""},{\""name\"":\""其他\"",\""value\"":42827,\""ratio\"":3.62,\""ratio_str\"":\""3.62\""},{\""name\"":\""关注\"",\""value\"":11122,\""ratio\"":0.94,\""ratio_str\"":\""0.94\""},{\""name\"":\""搜索\"",\""value\"":10876,\""ratio\"":0.92,\""ratio_str\"":\""0.92\""},{\""name\"":\""个人主页\"",\""value\"":7933,\""ratio\"":0.67,\""ratio_str\"":\""0.67\""},{\""name\"":\""视频推荐\"",\""value\"":2064,\""ratio\"":0.18999999999999603,\""ratio_str\"":\""0.19\""},{\""name\"":\""同城\"",\""value\"":49,\""ratio\"":0,\""ratio_str\"":\""0.00\""},{\""name\"":\""商业化\"",\""value\"":39,\""ratio\"":0,\""ratio_str\"":\""0.00\""}]""","""[{\""name\"":\""直播推荐\"",\""value\"":122709,\""ratio\"":94.35,\""ratio_str\"":\""94.35\""},{\""name\"":\""其他\"",\""value\"":3151,\""ratio\"":2.42,\""ratio_str\"":\""2.42\""},{\""name\"":\""关注\"",\""value\"":1775,\""ratio\"":1.36,\""ratio_str\"":\""1.36\""},{\""name\"":\""搜索\"",\""value\"":1630,\""ratio\"":1.25,\""ratio_str\"":\""1.25\""},{\""name\"":\""个人主页\"",\""value\"":709,\""ratio\"":0.55,\""ratio_str\"":\""0.55\""},{\""name\"":\""视频推荐\"",\""value\"":62,\""ratio\"":0.05,\""ratio_str\"":\""0.05\""},{\""name\"":\""商业化\"",\""value\"":20,\""ratio\"":0.02,\""ratio_str\"":\""0.02\""},{\""name\"":\""同城\"",\""value\"":8,\""ratio\"":9.0951551845464e-15,\""ratio_str\"":\""0.00\""}]""",1795,3358,0.1491,0.0234,0.0170,0.0063,0.0393,0.3386,0.8001,0.3099,0.5865,0.3483,2025-09-03 22:45:53
老桑财知道,7545482546050616103,"东半球最强直播间",2025-09-02 21:26:17,2025-09-02 22:22:12,55,761,587,1445,1396,49,94,311,300,11,40,72.25,30931,8361,2148,6213,98,7,24,3.1600,7.3500,0.6400,242,208,34,52142,47718,4424,11,7,4,"""[{\""name\"":\""直播推荐\"",\""value\"":33199,\""ratio\"":67.43,\""ratio_str\"":\""67.43\""},{\""name\"":\""其他\"",\""value\"":8903,\""ratio\"":18.08,\""ratio_str\"":\""18.08\""},{\""name\"":\""关注\"",\""value\"":4520,\""ratio\"":9.18,\""ratio_str\"":\""9.18\""},{\""name\"":\""个人主页\"",\""value\"":1100,\""ratio\"":2.23,\""ratio_str\"":\""2.23\""},{\""name\"":\""搜索\"",\""value\"":774,\""ratio\"":1.57,\""ratio_str\"":\""1.57\""},{\""name\"":\""视频推荐\"",\""value\"":718,\""ratio\"":1.46,\""ratio_str\"":\""1.46\""},{\""name\"":\""同城\"",\""value\"":19,\""ratio\"":0.049999999999990906,\""ratio_str\"":\""0.05\""},{\""name\"":\""商业化\"",\""value\"":2,\""ratio\"":0,\""ratio_str\"":\""0.00\""}]""","""[{\""name\"":\""视频推荐\"",\""value\"":15,\""ratio\"":0.18,\""ratio_str\"":\""0.18\""},{\""name\"":\""个人主页\"",\""value\"":186,\""ratio\"":2.22,\""ratio_str\"":\""2.22\""},{\""name\"":\""关注\"",\""value\"":753,\""ratio\"":8.99,\""ratio_str\"":\""8.99\""},{\""name\"":\""其他\"",\""value\"":543,\""ratio\"":6.48,\""ratio_str\"":\""6.48\""},{\""name\"":\""同城\"",\""value\"":16,\""ratio\"":0.19,\""ratio_str\"":\""0.19\""},{\""name\"":\""商业化\"",\""value\"":1,\""ratio\"":0.01,\""ratio_str\"":\""0.01\""},{\""name\"":\""搜索\"",\""value\"":30,\""ratio\"":0.36,\""ratio_str\"":\""0.36\""},{\""name\"":\""直播推荐\"",\""value\"":6835,\""ratio\"":81.57,\""ratio_str\"":\""81.57\""}]""",852,1296,0.2703,0.0117,0.0289,0.0372,0.2569,0.8595,0.9152,0.6364,0.9646,0.3966,2025-09-02 22:47:01
戴维李,7545422728891829001,"大A3880点，会回调吗？",2025-09-02 17:34:26,2025-09-02 18:48:27,74,3311,2286,2850,1670,1180,1479,531,348,183,239,142.50,292996,53551,4384,49167,1336,14,195,2.2900,9.3200,1.2000,1266,703,563,63098,57134,5964,62,25,37,"""[{\""name\"":\""直播推荐\"",\""value\"":354031,\""ratio\"":87.52,\""ratio_str\"":\""87.52\""},{\""name\"":\""其他\"",\""value\"":28689,\""ratio\"":7.09,\""ratio_str\"":\""7.09\""},{\""name\"":\""关注\"",\""value\"":10227,\""ratio\"":2.53,\""ratio_str\"":\""2.53\""},{\""name\"":\""个人主页\"",\""value\"":4785,\""ratio\"":1.18,\""ratio_str\"":\""1.18\""},{\""name\"":\""搜索\"",\""value\"":4695,\""ratio\"":1.16,\""ratio_str\"":\""1.16\""},{\""name\"":\""视频推荐\"",\""value\"":2058,\""ratio\"":0.5199999999999909,\""ratio_str\"":\""0.52\""},{\""name\"":\""商业化\"",\""value\"":16,\""ratio\"":0,\""ratio_str\"":\""0.00\""},{\""name\"":\""同城\"",\""value\"":13,\""ratio\"":0,\""ratio_str\"":\""0.00\""}]""","""[{\""name\"":\""视频推荐\"",\""value\"":72,\""ratio\"":0.14,\""ratio_str\"":\""0.14\""},{\""name\"":\""个人主页\"",\""value\"":389,\""ratio\"":0.74,\""ratio_str\"":\""0.74\""},{\""name\"":\""关注\"",\""value\"":1441,\""ratio\"":2.73,\""ratio_str\"":\""2.73\""},{\""name\"":\""其他\"",\""value\"":1904,\""ratio\"":3.61,\""ratio_str\"":\""3.61\""},{\""name\"":\""同城\"",\""value\"":9,\""ratio\"":0.02,\""ratio_str\"":\""0.02\""},{\""name\"":\""商业化\"",\""value\"":7,\""ratio\"":0.01,\""ratio_str\"":\""0.01\""},{\""name\"":\""搜索\"",\""value\"":734,\""ratio\"":1.39,\""ratio_str\"":\""1.39\""},{\""name\"":\""直播推荐\"",\""value\"":48181,\""ratio\"":91.36,\""ratio_str\"":\""91.36\""}]""",1484,2900,0.1828,0.0249,0.0236,0.0099,0.0819,0.5553,0.9055,0.4032,0.6554,0.3385,2025-09-02 22:41:54
戴维李,7545387826787978022,"大A3880点，会回调吗？",2025-09-02 15:18:51,2025-09-02 16:21:07,62,2664,1969,6275,6013,262,756,696,611,85,170,313.75,247093,41673,4359,37314,702,14,117,2.1000,8.8600,0.8400,1109,774,335,77099,73106,3993,49,33,16,"""[{\""name\"":\""直播推荐\"",\""value\"":292917,\""ratio\"":87.62,\""ratio_str\"":\""87.62\""},{\""name\"":\""其他\"",\""value\"":22964,\""ratio\"":6.87,\""ratio_str\"":\""6.87\""},{\""name\"":\""关注\"",\""value\"":8805,\""ratio\"":2.63,\""ratio_str\"":\""2.63\""},{\""name\"":\""搜索\"",\""value\"":4389,\""ratio\"":1.31,\""ratio_str\"":\""1.31\""},{\""name\"":\""个人主页\"",\""value\"":3066,\""ratio\"":0.92,\""ratio_str\"":\""0.92\""},{\""name\"":\""视频推荐\"",\""value\"":2144,\""ratio\"":0.6499999999999909,\""ratio_str\"":\""0.65\""},{\""name\"":\""商业化\"",\""value\"":15,\""ratio\"":0,\""ratio_str\"":\""0.00\""},{\""name\"":\""同城\"",\""value\"":9,\""ratio\"":0,\""ratio_str\"":\""0.00\""}]""","""[{\""name\"":\""直播推荐\"",\""value\"":37322,\""ratio\"":89.55,\""ratio_str\"":\""89.55\""},{\""name\"":\""其他\"",\""value\"":1926,\""ratio\"":4.62,\""ratio_str\"":\""4.62\""},{\""name\"":\""关注\"",\""value\"":1225,\""ratio\"":2.94,\""ratio_str\"":\""2.94\""},{\""name\"":\""搜索\"",\""value\"":744,\""ratio\"":1.79,\""ratio_str\"":\""1.79\""},{\""name\"":\""个人主页\"",\""value\"":374,\""ratio\"":0.9,\""ratio_str\"":\""0.90\""},{\""name\"":\""视频推荐\"",\""value\"":73,\""ratio\"":0.18,\""ratio_str\"":\""0.18\""},{\""name\"":\""同城\"",\""value\"":7,\""ratio\"":0.009999999999994885,\""ratio_str\"":\""0.01\""},{\""name\"":\""商业化\"",\""value\"":5,\""ratio\"":0.01,\""ratio_str\"":\""0.01\""}]""",1665,2694,0.1687,0.0168,0.0266,0.0167,0.1046,0.6979,0.9482,0.6735,0.8779,0.3820,2025-09-02 22:42:40
老桑财知道,7543865291089005362,"东半球最强直播间",2025-08-29 12:50:45,2025-08-29 13:43:22,52,1079,561,1719,1718,1,57,216,215,1,30,85.95,58002,10166,1569,8597,125,6,22,2.1100,6.9100,0.4400,258,242,16,61804,61586,218,8,7,1,"""[{\""name\"":\""直播推荐\"",\""value\"":63048,\""ratio\"":81.24,\""ratio_str\"":\""81.24\""},{\""name\"":\""其他\"",\""value\"":7649,\""ratio\"":9.86,\""ratio_str\"":\""9.86\""},{\""name\"":\""关注\"",\""value\"":3715,\""ratio\"":4.79,\""ratio_str\"":\""4.79\""},{\""name\"":\""搜索\"",\""value\"":1304,\""ratio\"":1.68,\""ratio_str\"":\""1.68\""},{\""name\"":\""视频推荐\"",\""value\"":966,\""ratio\"":1.24,\""ratio_str\"":\""1.24\""},{\""name\"":\""个人主页\"",\""value\"":914,\""ratio\"":1.18,\""ratio_str\"":\""1.18\""},{\""name\"":\""同城\"",\""value\"":7,\""ratio\"":0.00999999999998579,\""ratio_str\"":\""0.01\""},{\""name\"":\""商业化\"",\""value\"":3,\""ratio\"":0,\""ratio_str\"":\""0.00\""}]""","""[{\""name\"":\""直播推荐\"",\""value\"":8741,\""ratio\"":86.79,\""ratio_str\"":\""86.79\""},{\""name\"":\""关注\"",\""value\"":540,\""ratio\"":5.36,\""ratio_str\"":\""5.36\""},{\""name\"":\""其他\"",\""value\"":492,\""ratio\"":4.89,\""ratio_str\"":\""4.89\""},{\""name\"":\""个人主页\"",\""value\"":165,\""ratio\"":1.64,\""ratio_str\"":\""1.64\""},{\""name\"":\""搜索\"",\""value\"":113,\""ratio\"":1.12,\""ratio_str\"":\""1.12\""},{\""name\"":\""视频推荐\"",\""value\"":13,\""ratio\"":0.13,\""ratio_str\"":\""0.13\""},{\""name\"":\""同城\"",\""value\"":6,\""ratio\"":0.06,\""ratio_str\"":\""0.06\""},{\""name\"":\""商业化\"",\""value\"":1,\""ratio\"":0.00999999999998579,\""ratio_str\"":\""0.01\""}]""",610,959,0.1753,0.0123,0.0254,0.0212,0.1543,0.9380,0.9965,0.8750,0.9954,0.3888,2025-09-01 22:46:57
戴维李,7543844676583951150,"大A3880点，会回调吗？",2025-08-29 11:30:40,2025-08-29 12:32:45,62,1436,1021,3543,3540,3,264,481,479,2,107,177.15,80782,15172,3307,11865,245,12,98,3.3400,9.8200,0.7300,666,592,74,60293,59489,804,21,19,2,"""[{\""name\"":\""直播推荐\"",\""value\"":91396,\""ratio\"":75.07,\""ratio_str\"":\""75.07\""},{\""name\"":\""其他\"",\""value\"":17297,\""ratio\"":14.21,\""ratio_str\"":\""14.21\""},{\""name\"":\""关注\"",\""value\"":7339,\""ratio\"":6.03,\""ratio_str\"":\""6.03\""},{\""name\"":\""个人主页\"",\""value\"":2358,\""ratio\"":1.94,\""ratio_str\"":\""1.94\""},{\""name\"":\""搜索\"",\""value\"":1932,\""ratio\"":1.59,\""ratio_str\"":\""1.59\""},{\""name\"":\""视频推荐\"",\""value\"":1407,\""ratio\"":1.140000000000004,\""ratio_str\"":\""1.14\""},{\""name\"":\""商业化\"",\""value\"":16,\""ratio\"":0.01,\""ratio_str\"":\""0.01\""},{\""name\"":\""同城\"",\""value\"":8,\""ratio\"":0.01,\""ratio_str\"":\""0.01\""}]""","""[{\""name\"":\""其他\"",\""value\"":927,\""ratio\"":6.1,\""ratio_str\"":\""6.10\""},{\""name\"":\""同城\"",\""value\"":4,\""ratio\"":0.03,\""ratio_str\"":\""0.03\""},{\""name\"":\""商业化\"",\""value\"":5,\""ratio\"":0.03,\""ratio_str\"":\""0.03\""},{\""name\"":\""搜索\"",\""value\"":220,\""ratio\"":1.45,\""ratio_str\"":\""1.45\""},{\""name\"":\""直播推荐\"",\""value\"":12751,\""ratio\"":83.88,\""ratio_str\"":\""83.88\""},{\""name\"":\""视频推荐\"",\""value\"":39,\""ratio\"":0.26,\""ratio_str\"":\""0.26\""},{\""name\"":\""个人主页\"",\""value\"":280,\""ratio\"":1.84,\""ratio_str\"":\""1.84\""},{\""name\"":\""关注\"",\""value\"":975,\""ratio\"":6.41,\""ratio_str\"":\""6.41\""}]""",1290,2017,0.1878,0.0161,0.0439,0.0317,0.2180,0.8889,0.9867,0.9048,0.9958,0.3901,2025-09-01 22:41:57
老桑财知道,7543561972944489226,"东半球最强直播间",2025-08-28 17:13:38,2025-08-28 18:11:24,57,1425,1093,1396,1246,150,244,252,172,80,119,69.80,127240,20012,1733,18279,496,11,101,2.3300,10.0600,1.1700,515,316,199,52442,45661,6781,30,11,19,"""[{\""name\"":\""直播推荐\"",\""value\"":145994,\""ratio\"":87.62,\""ratio_str\"":\""87.62\""},{\""name\"":\""其他\"",\""value\"":12447,\""ratio\"":7.47,\""ratio_str\"":\""7.47\""},{\""name\"":\""关注\"",\""value\"":3792,\""ratio\"":2.28,\""ratio_str\"":\""2.28\""},{\""name\"":\""搜索\"",\""value\"":2090,\""ratio\"":1.25,\""ratio_str\"":\""1.25\""},{\""name\"":\""个人主页\"",\""value\"":1405,\""ratio\"":0.84,\""ratio_str\"":\""0.84\""},{\""name\"":\""视频推荐\"",\""value\"":888,\""ratio\"":0.53,\""ratio_str\"":\""0.53\""},{\""name\"":\""商业化\"",\""value\"":12,\""ratio\"":0.00999999999998579,\""ratio_str\"":\""0.01\""},{\""name\"":\""同城\"",\""value\"":1,\""ratio\"":0,\""ratio_str\"":\""0.00\""}]""","""[{\""name\"":\""直播推荐\"",\""value\"":17736,\""ratio\"":89.33,\""ratio_str\"":\""89.33\""},{\""name\"":\""其他\"",\""value\"":884,\""ratio\"":4.45,\""ratio_str\"":\""4.45\""},{\""name\"":\""关注\"",\""value\"":711,\""ratio\"":3.58,\""ratio_str\"":\""3.58\""},{\""name\"":\""搜索\"",\""value\"":302,\""ratio\"":1.52,\""ratio_str\"":\""1.52\""},{\""name\"":\""个人主页\"",\""value\"":206,\""ratio\"":1.04,\""ratio_str\"":\""1.04\""},{\""name\"":\""视频推荐\"",\""value\"":8,\""ratio\"":0.04,\""ratio_str\"":\""0.04\""},{\""name\"":\""商业化\"",\""value\"":6,\""ratio\"":0.03,\""ratio_str\"":\""0.03\""},{\""name\"":\""同城\"",\""value\"":1,\""ratio\"":0.00999999999998579,\""ratio_str\"":\""0.01\""}]""",644,1089,0.1573,0.0248,0.0257,0.0126,0.0866,0.6136,0.8707,0.3667,0.6825,0.3716,2025-08-28 22:47:10
戴维李,7543542915696495411,"大A3880点，会回调吗？",2025-08-28 15:59:33,2025-08-28 17:04:11,64,1804,1423,3786,3767,19,1780,539,529,10,228,189.30,180719,28963,3777,25186,753,11,200,2.3500,9.8100,0.7200,714,569,145,67289,64428,2861,41,33,8,"""[{\""name\"":\""直播推荐\"",\""value\"":213856,\""ratio\"":85.76,\""ratio_str\"":\""85.76\""},{\""name\"":\""其他\"",\""value\"":20495,\""ratio\"":8.22,\""ratio_str\"":\""8.22\""},{\""name\"":\""关注\"",\""value\"":7236,\""ratio\"":2.9,\""ratio_str\"":\""2.90\""},{\""name\"":\""个人主页\"",\""value\"":2865,\""ratio\"":1.15,\""ratio_str\"":\""1.15\""},{\""name\"":\""搜索\"",\""value\"":2587,\""ratio\"":1.04,\""ratio_str\"":\""1.04\""},{\""name\"":\""视频推荐\"",\""value\"":2307,\""ratio\"":0.9299999999999716,\""ratio_str\"":\""0.93\""},{\""name\"":\""商业化\"",\""value\"":10,\""ratio\"":0,\""ratio_str\"":\""0.00\""},{\""name\"":\""同城\"",\""value\"":5,\""ratio\"":0,\""ratio_str\"":\""0.00\""}]""","""[{\""name\"":\""视频推荐\"",\""value\"":58,\""ratio\"":0.2,\""ratio_str\"":\""0.20\""},{\""name\"":\""个人主页\"",\""value\"":310,\""ratio\"":1.08,\""ratio_str\"":\""1.08\""},{\""name\"":\""关注\"",\""value\"":992,\""ratio\"":3.44,\""ratio_str\"":\""3.44\""},{\""name\"":\""其他\"",\""value\"":1183,\""ratio\"":4.11,\""ratio_str\"":\""4.11\""},{\""name\"":\""商业化\"",\""value\"":5,\""ratio\"":0.02,\""ratio_str\"":\""0.02\""},{\""name\"":\""搜索\"",\""value\"":309,\""ratio\"":1.07,\""ratio_str\"":\""1.07\""},{\""name\"":\""直播推荐\"",\""value\"":25942,\""ratio\"":90.08,\""ratio_str\"":\""90.08\""}]""",1257,2520,0.1603,0.0260,0.0247,0.0186,0.1304,0.7969,0.9575,0.8049,0.9814,0.3328,2025-09-01 22:42:40
老桑财知道,7543489024917506866,"东半球最强直播间",2025-08-28 12:30:23,2025-08-28 13:09:36,39,1790,1281,1521,935,586,621,235,190,45,66,76.05,150221,20563,1484,19079,487,7,53,1.6700,8.0100,0.7600,492,296,196,55077,51545,3532,10,4,6,"""[{\""name\"":\""直播推荐\"",\""value\"":172592,\""ratio\"":91.53,\""ratio_str\"":\""91.53\""},{\""name\"":\""其他\"",\""value\"":9408,\""ratio\"":4.99,\""ratio_str\"":\""4.99\""},{\""name\"":\""关注\"",\""value\"":3214,\""ratio\"":1.7,\""ratio_str\"":\""1.70\""},{\""name\"":\""搜索\"",\""value\"":1600,\""ratio\"":0.85,\""ratio_str\"":\""0.85\""},{\""name\"":\""个人主页\"",\""value\"":1149,\""ratio\"":0.61,\""ratio_str\"":\""0.61\""},{\""name\"":\""视频推荐\"",\""value\"":592,\""ratio\"":0.3199999999999909,\""ratio_str\"":\""0.32\""},{\""name\"":\""同城\"",\""value\"":6,\""ratio\"":0,\""ratio_str\"":\""0.00\""},{\""name\"":\""商业化\"",\""value\"":2,\""ratio\"":0,\""ratio_str\"":\""0.00\""}]""","""[{\""name\"":\""直播推荐\"",\""value\"":18684,\""ratio\"":92.08,\""ratio_str\"":\""92.08\""},{\""name\"":\""其他\"",\""value\"":786,\""ratio\"":3.87,\""ratio_str\"":\""3.87\""},{\""name\"":\""关注\"",\""value\"":493,\""ratio\"":2.43,\""ratio_str\"":\""2.43\""},{\""name\"":\""个人主页\"",\""value\"":177,\""ratio\"":0.87,\""ratio_str\"":\""0.87\""},{\""name\"":\""搜索\"",\""value\"":140,\""ratio\"":0.69,\""ratio_str\"":\""0.69\""},{\""name\"":\""视频推荐\"",\""value\"":6,\""ratio\"":0.03,\""ratio_str\"":\""0.03\""},{\""name\"":\""同城\"",\""value\"":4,\""ratio\"":0.029999999999990905,\""ratio_str\"":\""0.03\""},{\""name\"":\""商业化\"",\""value\"":1,\""ratio\"":0,\""ratio_str\"":\""0.00\""}]""",549,935,0.1369,0.0237,0.0239,0.0114,0.0722,0.6016,0.9359,0.4000,0.8085,0.3699,2025-08-28 14:26:39
戴维李,7543472823889595182,"大A3880点，会回调吗？",2025-08-28 11:27:44,1970-01-01 08:00:00,30,1766,1321,721,666,55,74,220,185,35,44,0.00,141637,18016,1682,16334,300,4,33,1.4400,1.6900,0.4100,472,286,186,33160,28952,4208,17,5,12,"""[{\""name\"":\""关注\"",\""value\"":3661,\""ratio\"":2.02,\""ratio_str\"":\""2.02\""},{\""name\"":\""其他\"",\""value\"":9613,\""ratio\"":5.31,\""ratio_str\"":\""5.31\""},{\""name\"":\""商业化\"",\""value\"":6,\""ratio\"":0,\""ratio_str\"":\""0.00\""},{\""name\"":\""搜索\"",\""value\"":1822,\""ratio\"":1.01,\""ratio_str\"":\""1.01\""},{\""name\"":\""直播推荐\"",\""value\"":163745,\""ratio\"":90.49,\""ratio_str\"":\""90.49\""},{\""name\"":\""视频推荐\"",\""value\"":666,\""ratio\"":0.37,\""ratio_str\"":\""0.37\""},{\""name\"":\""个人主页\"",\""value\"":1448,\""ratio\"":0.8,\""ratio_str\"":\""0.80\""}]""","""[{\""name\"":\""个人主页\"",\""value\"":137,\""ratio\"":0.79,\""ratio_str\"":\""0.79\""},{\""name\"":\""关注\"",\""value\"":516,\""ratio\"":2.99,\""ratio_str\"":\""2.99\""},{\""name\"":\""其他\"",\""value\"":791,\""ratio\"":4.58,\""ratio_str\"":\""4.58\""},{\""name\"":\""商业化\"",\""value\"":1,\""ratio\"":0.01,\""ratio_str\"":\""0.01\""},{\""name\"":\""搜索\"",\""value\"":275,\""ratio\"":1.59,\""ratio_str\"":\""1.59\""},{\""name\"":\""直播推荐\"",\""value\"":15524,\""ratio\"":89.93,\""ratio_str\"":\""89.93\""},{\""name\"":\""视频推荐\"",\""value\"":19,\""ratio\"":0.11,\""ratio_str\"":\""0.11\""}]""",740,942,0.1272,0.0167,0.0262,0.0122,0.0934,0.6059,0.8731,0.2941,0.8409,0.4400,2025-08-28 11:58:48
老桑财知道,7543234533433330442,"东半球最强直播间",2025-08-27 20:02:48,2025-08-27 20:43:10,40,2363,1632,1160,1145,15,273,224,217,7,149,58.00,181339,34313,2257,32056,809,7,133,1.1600,6.5900,0.6000,595,348,247,32485,32050,435,29,13,16,"""[{\""name\"":\""商业化\"",\""value\"":7,\""ratio\"":0,\""ratio_str\"":\""0.00\""},{\""name\"":\""搜索\"",\""value\"":1437,\""ratio\"":0.63,\""ratio_str\"":\""0.63\""},{\""name\"":\""直播推荐\"",\""value\"":213051,\""ratio\"":93.2,\""ratio_str\"":\""93.20\""},{\""name\"":\""视频推荐\"",\""value\"":1107,\""ratio\"":0.48,\""ratio_str\"":\""0.48\""},{\""name\"":\""个人主页\"",\""value\"":1753,\""ratio\"":0.77,\""ratio_str\"":\""0.77\""},{\""name\"":\""关注\"",\""value\"":3247,\""ratio\"":1.42,\""ratio_str\"":\""1.42\""},{\""name\"":\""其他\"",\""value\"":7985,\""ratio\"":3.49,\""ratio_str\"":\""3.49\""},{\""name\"":\""同城\"",\""value\"":12,\""ratio\"":0.01,\""ratio_str\"":\""0.01\""}]""","""[{\""name\"":\""直播推荐\"",\""value\"":31406,\""ratio\"":95,\""ratio_str\"":\""95.00\""},{\""name\"":\""其他\"",\""value\"":775,\""ratio\"":2.34,\""ratio_str\"":\""2.34\""},{\""name\"":\""关注\"",\""value\"":519,\""ratio\"":1.57,\""ratio_str\"":\""1.57\""},{\""name\"":\""搜索\"",\""value\"":166,\""ratio\"":0.5,\""ratio_str\"":\""0.50\""},{\""name\"":\""个人主页\"",\""value\"":160,\""ratio\"":0.48,\""ratio_str\"":\""0.48\""},{\""name\"":\""视频推荐\"",\""value\"":20,\""ratio\"":0.06,\""ratio_str\"":\""0.06\""},{\""name\"":\""同城\"",\""value\"":9,\""ratio\"":0.03,\""ratio_str\"":\""0.03\""},{\""name\"":\""商业化\"",\""value\"":4,\""ratio\"":0.019999999999990907,\""ratio_str\"":\""0.02\""}]""",519,1738,0.1892,0.0236,0.0173,0.0065,0.0658,0.5849,0.9866,0.4483,0.9688,0.2300,2025-08-28 14:28:37
老桑财知道,7543188664528948019,"东半球最强直播间",2025-08-27 17:04:57,2025-08-27 17:51:05,46,4701,2991,2015,1880,135,582,365,337,28,231,100.75,533225,53471,4064,49407,2357,11,179,1.8300,8.9500,1.0000,1199,651,548,66161,63145,3016,68,45,23,"""[{\""name\"":\""直播推荐\"",\""value\"":640071,\""ratio\"":95.06,\""ratio_str\"":\""95.06\""},{\""name\"":\""其他\"",\""value\"":21514,\""ratio\"":3.2,\""ratio_str\"":\""3.20\""},{\""name\"":\""搜索\"",\""value\"":4634,\""ratio\"":0.69,\""ratio_str\"":\""0.69\""},{\""name\"":\""个人主页\"",\""value\"":3544,\""ratio\"":0.53,\""ratio_str\"":\""0.53\""},{\""name\"":\""关注\"",\""value\"":3308,\""ratio\"":0.49,\""ratio_str\"":\""0.49\""},{\""name\"":\""视频推荐\"",\""value\"":258,\""ratio\"":0.029999999999994885,\""ratio_str\"":\""0.03\""},{\""name\"":\""商业化\"",\""value\"":17,\""ratio\"":0,\""ratio_str\"":\""0.00\""},{\""name\"":\""同城\"",\""value\"":11,\""ratio\"":0,\""ratio_str\"":\""0.00\""}]""","""[{\""name\"":\""关注\"",\""value\"":643,\""ratio\"":1.21,\""ratio_str\"":\""1.21\""},{\""name\"":\""其他\"",\""value\"":1345,\""ratio\"":2.53,\""ratio_str\"":\""2.53\""},{\""name\"":\""同城\"",\""value\"":3,\""ratio\"":0.01,\""ratio_str\"":\""0.01\""},{\""name\"":\""商业化\"",\""value\"":13,\""ratio\"":0.02,\""ratio_str\"":\""0.02\""},{\""name\"":\""搜索\"",\""value\"":655,\""ratio\"":1.23,\""ratio_str\"":\""1.23\""},{\""name\"":\""直播推荐\"",\""value\"":50213,\""ratio\"":94.6,\""ratio_str\"":\""94.60\""},{\""name\"":\""视频推荐\"",\""value\"":5,\""ratio\"":0.01,\""ratio_str\"":\""0.01\""},{\""name\"":\""个人主页\"",\""value\"":205,\""ratio\"":0.39,\""ratio_str\"":\""0.39\""}]""",724,3340,0.1003,0.0441,0.0224,0.0068,0.0760,0.5430,0.9544,0.6618,0.9233,0.1781,2025-08-28 14:29:58
戴维李,7543175321902713638,"大A3880点，会回调吗？",2025-08-27 16:13:16,2025-08-27 16:56:25,43,4196,2745,1579,1540,39,580,461,444,17,273,78.95,442438,46078,4189,41889,1480,19,233,1.8000,7.1600,0.9600,1240,681,559,60560,54633,5927,77,32,45,"""[{\""name\"":\""商业化\"",\""value\"":14,\""ratio\"":0,\""ratio_str\"":\""0.00\""},{\""name\"":\""搜索\"",\""value\"":9869,\""ratio\"":1.72,\""ratio_str\"":\""1.72\""},{\""name\"":\""直播推荐\"",\""value\"":534870,\""ratio\"":93.04,\""ratio_str\"":\""93.04\""},{\""name\"":\""视频推荐\"",\""value\"":1657,\""ratio\"":0.29,\""ratio_str\"":\""0.29\""},{\""name\"":\""个人主页\"",\""value\"":4100,\""ratio\"":0.71,\""ratio_str\"":\""0.71\""},{\""name\"":\""关注\"",\""value\"":6056,\""ratio\"":1.05,\""ratio_str\"":\""1.05\""},{\""name\"":\""其他\"",\""value\"":18340,\""ratio\"":3.19,\""ratio_str\"":\""3.19\""},{\""name\"":\""同城\"",\""value\"":3,\""ratio\"":0,\""ratio_str\"":\""0.00\""}]""","""[{\""name\"":\""直播推荐\"",\""value\"":42107,\""ratio\"":91.96,\""ratio_str\"":\""91.96\""},{\""name\"":\""搜索\"",\""value\"":1358,\""ratio\"":2.97,\""ratio_str\"":\""2.97\""},{\""name\"":\""其他\"",\""value\"":1143,\""ratio\"":2.5,\""ratio_str\"":\""2.50\""},{\""name\"":\""关注\"",\""value\"":873,\""ratio\"":1.91,\""ratio_str\"":\""1.91\""},{\""name\"":\""个人主页\"",\""value\"":253,\""ratio\"":0.55,\""ratio_str\"":\""0.55\""},{\""name\"":\""视频推荐\"",\""value\"":49,\""ratio\"":0.11,\""ratio_str\"":\""0.11\""},{\""name\"":\""商业化\"",\""value\"":7,\""ratio\"":1.81903103690928e-14,\""ratio_str\"":\""0.00\""}]""",1059,3130,0.1041,0.0321,0.0269,0.0100,0.0909,0.5492,0.9021,0.4156,0.9631,0.2528,2025-08-28 11:59:29
老桑财知道,7543111244803246874,"东半球最强直播间",2025-08-27 12:04:31,2025-08-27 12:59:36,55,828,570,5147,5144,3,96,300,298,2,68,257.35,82815,10326,1611,8715,251,6,54,2.3400,9.0700,0.6900,370,317,53,63738,62676,1062,13,11,2,"""[{\""name\"":\""直播推荐\"",\""value\"":93896,\""ratio\"":86.7,\""ratio_str\"":\""86.70\""},{\""name\"":\""其他\"",\""value\"":8971,\""ratio\"":8.28,\""ratio_str\"":\""8.28\""},{\""name\"":\""关注\"",\""value\"":3341,\""ratio\"":3.09,\""ratio_str\"":\""3.09\""},{\""name\"":\""个人主页\"",\""value\"":932,\""ratio\"":0.86,\""ratio_str\"":\""0.86\""},{\""name\"":\""搜索\"",\""value\"":859,\""ratio\"":0.79,\""ratio_str\"":\""0.79\""},{\""name\"":\""视频推荐\"",\""value\"":285,\""ratio\"":0.26,\""ratio_str\"":\""0.26\""},{\""name\"":\""同城\"",\""value\"":8,\""ratio\"":0.019999999999990907,\""ratio_str\"":\""0.02\""},{\""name\"":\""商业化\"",\""value\"":3,\""ratio\"":0,\""ratio_str\"":\""0.00\""}]""","""[{\""name\"":\""直播推荐\"",\""value\"":9066,\""ratio\"":88.29,\""ratio_str\"":\""88.29\""},{\""name\"":\""关注\"",\""value\"":494,\""ratio\"":4.81,\""ratio_str\"":\""4.81\""},{\""name\"":\""其他\"",\""value\"":476,\""ratio\"":4.64,\""ratio_str\"":\""4.64\""},{\""name\"":\""个人主页\"",\""value\"":129,\""ratio\"":1.26,\""ratio_str\"":\""1.26\""},{\""name\"":\""搜索\"",\""value\"":90,\""ratio\"":0.88,\""ratio_str\"":\""0.88\""},{\""name\"":\""同城\"",\""value\"":6,\""ratio\"":0.06,\""ratio_str\"":\""0.06\""},{\""name\"":\""视频推荐\"",\""value\"":5,\""ratio\"":0.05,\""ratio_str\"":\""0.05\""},{\""name\"":\""商业化\"",\""value\"":3,\""ratio\"":0.009999999999989767,\""ratio_str\"":\""0.01\""}]""",607,1004,0.1247,0.0243,0.0358,0.0291,0.1560,0.8568,0.9833,0.8462,0.9933,0.3768,2025-08-28 14:30:39
戴维李,7543104673446251291,"大A3880点，会回调吗？",2025-08-27 11:39:07,2025-08-27 12:48:38,69,871,653,3424,3411,13,93,365,363,2,42,171.20,52311,9596,2917,6679,66,8,25,3.8800,8.7400,0.5700,542,505,37,70140,69200,940,23,22,1,"""[{\""name\"":\""直播推荐\"",\""value\"":56843,\""ratio\"":64.55,\""ratio_str\"":\""64.55\""},{\""name\"":\""其他\"",\""value\"":18708,\""ratio\"":21.24,\""ratio_str\"":\""21.24\""},{\""name\"":\""关注\"",\""value\"":7677,\""ratio\"":8.72,\""ratio_str\"":\""8.72\""},{\""name\"":\""搜索\"",\""value\"":1721,\""ratio\"":1.95,\""ratio_str\"":\""1.95\""},{\""name\"":\""个人主页\"",\""value\"":1687,\""ratio\"":1.92,\""ratio_str\"":\""1.92\""},{\""name\"":\""视频推荐\"",\""value\"":1408,\""ratio\"":1.6,\""ratio_str\"":\""1.60\""},{\""name\"":\""商业化\"",\""value\"":11,\""ratio\"":0.020000000000005118,\""ratio_str\"":\""0.02\""},{\""name\"":\""同城\"",\""value\"":4,\""ratio\"":0,\""ratio_str\"":\""0.00\""}]""","""[{\""name\"":\""关注\"",\""value\"":887,\""ratio\"":9.36,\""ratio_str\"":\""9.36\""},{\""name\"":\""其他\"",\""value\"":775,\""ratio\"":8.18,\""ratio_str\"":\""8.18\""},{\""name\"":\""商业化\"",\""value\"":1,\""ratio\"":0.01,\""ratio_str\"":\""0.01\""},{\""name\"":\""搜索\"",\""value\"":180,\""ratio\"":1.9,\""ratio_str\"":\""1.90\""},{\""name\"":\""直播推荐\"",\""value\"":7351,\""ratio\"":77.57,\""ratio_str\"":\""77.57\""},{\""name\"":\""视频推荐\"",\""value\"":31,\""ratio\"":0.33,\""ratio_str\"":\""0.33\""},{\""name\"":\""个人主页\"",\""value\"":251,\""ratio\"":2.65,\""ratio_str\"":\""2.65\""}]""",1243,1674,0.1834,0.0069,0.0565,0.0380,0.3040,0.9317,0.9866,0.9565,0.9945,0.4261,2025-08-28 12:00:10
戴维李,7542747287458433843,"大A3858点，会回调吗？",2025-08-26 12:32:11,2025-08-26 13:35:08,62,1076,765,1022,986,36,68,300,284,16,37,51.10,81901,15183,2701,12482,138,10,24,2.3700,7.5500,0.5400,187,159,28,38520,36000,2520,23,16,7,"""[{\""name\"":\""直播推荐\"",\""value\"":91697,\""ratio\"":78.25,\""ratio_str\"":\""78.25\""},{\""name\"":\""其他\"",\""value\"":14316,\""ratio\"":12.22,\""ratio_str\"":\""12.22\""},{\""name\"":\""关注\"",\""value\"":6996,\""ratio\"":5.97,\""ratio_str\"":\""5.97\""},{\""name\"":\""个人主页\"",\""value\"":1769,\""ratio\"":1.51,\""ratio_str\"":\""1.51\""},{\""name\"":\""搜索\"",\""value\"":1296,\""ratio\"":1.11,\""ratio_str\"":\""1.11\""},{\""name\"":\""视频推荐\"",\""value\"":1088,\""ratio\"":0.93,\""ratio_str\"":\""0.93\""},{\""name\"":\""商业化\"",\""value\"":17,\""ratio\"":0.00999999999998579,\""ratio_str\"":\""0.01\""},{\""name\"":\""同城\"",\""value\"":5,\""ratio\"":0,\""ratio_str\"":\""0.00\""}]""","""[{\""name\"":\""直播推荐\"",\""value\"":13041,\""ratio\"":86.93,\""ratio_str\"":\""86.93\""},{\""name\"":\""关注\"",\""value\"":897,\""ratio\"":5.98,\""ratio_str\"":\""5.98\""},{\""name\"":\""其他\"",\""value\"":679,\""ratio\"":4.53,\""ratio_str\"":\""4.53\""},{\""name\"":\""个人主页\"",\""value\"":244,\""ratio\"":1.63,\""ratio_str\"":\""1.63\""},{\""name\"":\""搜索\"",\""value\"":109,\""ratio\"":0.73,\""ratio_str\"":\""0.73\""},{\""name\"":\""视频推荐\"",\""value\"":30,\""ratio\"":0.1899999999999949,\""ratio_str\"":\""0.19\""},{\""name\"":\""商业化\"",\""value\"":1,\""ratio\"":0.01,\""ratio_str\"":\""0.01\""}]""",1086,1615,0.1854,0.0091,0.0123,0.0198,0.1779,0.8503,0.9346,0.6957,0.9467,0.4021,2025-08-26 18:24:41
老桑财知道,7542741538795719475,"东半球最强直播间",2025-08-26 12:09:56,2025-08-26 13:04:27,54,704,495,4149,4147,2,109,290,289,1,49,207.45,35312,8528,1361,7167,99,3,37,2.4000,10.2700,0.4300,303,283,20,56211,56119,92,4,3,1,"""[{\""name\"":\""直播推荐\"",\""value\"":38080,\""ratio\"":75.31,\""ratio_str\"":\""75.31\""},{\""name\"":\""其他\"",\""value\"":7474,\""ratio\"":14.78,\""ratio_str\"":\""14.78\""},{\""name\"":\""关注\"",\""value\"":2985,\""ratio\"":5.9,\""ratio_str\"":\""5.90\""},{\""name\"":\""搜索\"",\""value\"":912,\""ratio\"":1.8,\""ratio_str\"":\""1.80\""},{\""name\"":\""个人主页\"",\""value\"":750,\""ratio\"":1.48,\""ratio_str\"":\""1.48\""},{\""name\"":\""视频推荐\"",\""value\"":358,\""ratio\"":0.71,\""ratio_str\"":\""0.71\""},{\""name\"":\""同城\"",\""value\"":4,\""ratio\"":0.01,\""ratio_str\"":\""0.01\""},{\""name\"":\""商业化\"",\""value\"":3,\""ratio\"":0.00999999999998579,\""ratio_str\"":\""0.01\""}]""","""[{\""name\"":\""直播推荐\"",\""value\"":7448,\""ratio\"":87.45,\""ratio_str\"":\""87.45\""},{\""name\"":\""关注\"",\""value\"":440,\""ratio\"":5.17,\""ratio_str\"":\""5.17\""},{\""name\"":\""其他\"",\""value\"":394,\""ratio\"":4.63,\""ratio_str\"":\""4.63\""},{\""name\"":\""个人主页\"",\""value\"":127,\""ratio\"":1.49,\""ratio_str\"":\""1.49\""},{\""name\"":\""搜索\"",\""value\"":100,\""ratio\"":1.17,\""ratio_str\"":\""1.17\""},{\""name\"":\""视频推荐\"",\""value\"":5,\""ratio\"":0.06,\""ratio_str\"":\""0.06\""},{\""name\"":\""同城\"",\""value\"":3,\""ratio\"":0.029999999999994885,\""ratio_str\"":\""0.03\""}]""",618,743,0.2415,0.0116,0.0355,0.0340,0.1596,0.9340,0.9984,0.7500,0.9966,0.4541,2025-08-28 14:32:37
老桑财知道,7542476809879816998,"东半球最强直播间",2025-08-25 19:02:34,2025-08-25 20:00:52,58,687,505,3353,3311,42,83,312,293,19,41,167.65,51629,9789,1331,8458,145,5,31,2.2300,9.5900,0.6300,343,267,76,65668,61379,4289,15,8,7,"""[{\""name\"":\""直播推荐\"",\""value\"":57423,\""ratio\"":79.71,\""ratio_str\"":\""79.71\""},{\""name\"":\""其他\"",\""value\"":7916,\""ratio\"":10.99,\""ratio_str\"":\""10.99\""},{\""name\"":\""关注\"",\""value\"":3282,\""ratio\"":4.56,\""ratio_str\"":\""4.56\""},{\""name\"":\""视频推荐\"",\""value\"":1415,\""ratio\"":1.96,\""ratio_str\"":\""1.96\""},{\""name\"":\""搜索\"",\""value\"":1214,\""ratio\"":1.69,\""ratio_str\"":\""1.69\""},{\""name\"":\""个人主页\"",\""value\"":785,\""ratio\"":1.09,\""ratio_str\"":\""1.09\""},{\""name\"":\""同城\"",\""value\"":7,\""ratio\"":9.0951551845464e-15,\""ratio_str\"":\""0.00\""},{\""name\"":\""商业化\"",\""value\"":2,\""ratio\"":0,\""ratio_str\"":\""0.00\""}]""","""[{\""name\"":\""直播推荐\"",\""value\"":8572,\""ratio\"":87.7,\""ratio_str\"":\""87.70\""},{\""name\"":\""关注\"",\""value\"":521,\""ratio\"":5.33,\""ratio_str\"":\""5.33\""},{\""name\"":\""其他\"",\""value\"":375,\""ratio\"":3.84,\""ratio_str\"":\""3.84\""},{\""name\"":\""搜索\"",\""value\"":154,\""ratio\"":1.58,\""ratio_str\"":\""1.58\""},{\""name\"":\""个人主页\"",\""value\"":130,\""ratio\"":1.33,\""ratio_str\"":\""1.33\""},{\""name\"":\""视频推荐\"",\""value\"":15,\""ratio\"":0.15,\""ratio_str\"":\""0.15\""},{\""name\"":\""同城\"",\""value\"":6,\""ratio\"":0.06,\""ratio_str\"":\""0.06\""},{\""name\"":\""商业化\"",\""value\"":1,\""ratio\"":0.00999999999998579,\""ratio_str\"":\""0.01\""}]""",581,750,0.1896,0.0148,0.0350,0.0319,0.1360,0.7784,0.9347,0.5333,0.9391,0.4365,2025-08-25 22:47:15
戴维李,7542367777429162802,"大A3858点，会回调吗？",2025-08-25 11:59:29,2025-08-25 13:01:29,62,1112,889,4228,4191,37,132,563,547,16,55,211.40,64642,10551,3067,7484,97,10,35,4.3900,10.0100,0.7800,610,572,38,86087,82820,3267,21,15,6,"""[{\""name\"":\""直播推荐\"",\""value\"":72410,\""ratio\"":70.46,\""ratio_str\"":\""70.46\""},{\""name\"":\""其他\"",\""value\"":17734,\""ratio\"":17.26,\""ratio_str\"":\""17.26\""},{\""name\"":\""关注\"",\""value\"":8205,\""ratio\"":7.98,\""ratio_str\"":\""7.98\""},{\""name\"":\""个人主页\"",\""value\"":1996,\""ratio\"":1.94,\""ratio_str\"":\""1.94\""},{\""name\"":\""视频推荐\"",\""value\"":1474,\""ratio\"":1.43,\""ratio_str\"":\""1.43\""},{\""name\"":\""搜索\"",\""value\"":925,\""ratio\"":0.9,\""ratio_str\"":\""0.90\""},{\""name\"":\""商业化\"",\""value\"":24,\""ratio\"":0.029999999999990905,\""ratio_str\"":\""0.03\""},{\""name\"":\""同城\"",\""value\"":5,\""ratio\"":0,\""ratio_str\"":\""0.00\""}]""","""[{\""name\"":\""直播推荐\"",\""value\"":8246,\""ratio\"":77.29,\""ratio_str\"":\""77.29\""},{\""name\"":\""关注\"",\""value\"":1089,\""ratio\"":10.21,\""ratio_str\"":\""10.21\""},{\""name\"":\""其他\"",\""value\"":854,\""ratio\"":8,\""ratio_str\"":\""8.00\""},{\""name\"":\""个人主页\"",\""value\"":331,\""ratio\"":3.1,\""ratio_str\"":\""3.10\""},{\""name\"":\""搜索\"",\""value\"":101,\""ratio\"":0.95,\""ratio_str\"":\""0.95\""},{\""name\"":\""视频推荐\"",\""value\"":45,\""ratio\"":0.42,\""ratio_str\"":\""0.42\""},{\""name\"":\""商业化\"",\""value\"":3,\""ratio\"":0.029999999999985788,\""ratio_str\"":\""0.03\""}]""",1340,1727,0.1632,0.0092,0.0578,0.0534,0.2907,0.9377,0.9621,0.7143,0.9716,0.4369,2025-08-25 22:42:09
戴维李,7541246990235994931,"大A3770点，未来会怎么走？",2025-08-22 11:30:14,2025-08-22 11:51:51,21,735,554,1463,1423,40,52,205,196,9,14,73.15,21652,3626,1264,2362,32,4,10,2.6700,5.5100,0.4200,240,233,7,22501,22374,127,5,5,0,"""[{\""name\"":\""直播推荐\"",\""value\"":21776,\""ratio\"":65.03,\""ratio_str\"":\""65.03\""},{\""name\"":\""其他\"",\""value\"":7496,\""ratio\"":22.39,\""ratio_str\"":\""22.39\""},{\""name\"":\""关注\"",\""value\"":2550,\""ratio\"":7.62,\""ratio_str\"":\""7.62\""},{\""name\"":\""个人主页\"",\""value\"":793,\""ratio\"":2.37,\""ratio_str\"":\""2.37\""},{\""name\"":\""搜索\"",\""value\"":435,\""ratio\"":1.3,\""ratio_str\"":\""1.30\""},{\""name\"":\""视频推荐\"",\""value\"":429,\""ratio\"":1.269999999999995,\""ratio_str\"":\""1.27\""},{\""name\"":\""同城\"",\""value\"":3,\""ratio\"":0.01,\""ratio_str\"":\""0.01\""},{\""name\"":\""商业化\"",\""value\"":2,\""ratio\"":0.01,\""ratio_str\"":\""0.01\""}]""","""[{\""name\"":\""视频推荐\"",\""value\"":14,\""ratio\"":0.38,\""ratio_str\"":\""0.38\""},{\""name\"":\""个人主页\"",\""value\"":165,\""ratio\"":4.48,\""ratio_str\"":\""4.48\""},{\""name\"":\""关注\"",\""value\"":362,\""ratio\"":9.83,\""ratio_str\"":\""9.83\""},{\""name\"":\""其他\"",\""value\"":399,\""ratio\"":10.83,\""ratio_str\"":\""10.83\""},{\""name\"":\""同城\"",\""value\"":3,\""ratio\"":0.08,\""ratio_str\"":\""0.08\""},{\""name\"":\""商业化\"",\""value\"":1,\""ratio\"":0.03,\""ratio_str\"":\""0.03\""},{\""name\"":\""搜索\"",\""value\"":38,\""ratio\"":1.03,\""ratio_str\"":\""1.03\""},{\""name\"":\""直播推荐\"",\""value\"":2702,\""ratio\"":73.34,\""ratio_str\"":\""73.34\""}]""",679,585,0.1675,0.0088,0.0662,0.0565,0.3486,0.9708,0.9944,1.0000,0.9561,0.5372,2025-08-22 22:41:51
戴维李,7540975550853106483,"大A3770点，未来会怎么走？",2025-08-21 17:57:03,2025-08-21 19:00:03,63,1469,1056,1048,1030,18,267,296,287,9,91,52.40,129026,25309,3241,22068,335,9,71,1.8300,8.4500,0.4600,600,496,104,112387,108001,4386,18,15,3,"""[{\""name\"":\""直播推荐\"",\""value\"":150154,\""ratio\"":82.97,\""ratio_str\"":\""82.97\""},{\""name\"":\""其他\"",\""value\"":17812,\""ratio\"":9.84,\""ratio_str\"":\""9.84\""},{\""name\"":\""关注\"",\""value\"":7306,\""ratio\"":4.04,\""ratio_str\"":\""4.04\""},{\""name\"":\""个人主页\"",\""value\"":2149,\""ratio\"":1.19,\""ratio_str\"":\""1.19\""},{\""name\"":\""搜索\"",\""value\"":2036,\""ratio\"":1.13,\""ratio_str\"":\""1.13\""},{\""name\"":\""视频推荐\"",\""value\"":1492,\""ratio\"":0.8099999999999948,\""ratio_str\"":\""0.81\""},{\""name\"":\""商业化\"",\""value\"":17,\""ratio\"":0.01,\""ratio_str\"":\""0.01\""},{\""name\"":\""同城\"",\""value\"":10,\""ratio\"":0.01,\""ratio_str\"":\""0.01\""}]""","""[{\""name\"":\""其他\"",\""value\"":782,\""ratio\"":3.12,\""ratio_str\"":\""3.12\""},{\""name\"":\""同城\"",\""value\"":5,\""ratio\"":0.02,\""ratio_str\"":\""0.02\""},{\""name\"":\""商业化\"",\""value\"":3,\""ratio\"":0.01,\""ratio_str\"":\""0.01\""},{\""name\"":\""搜索\"",\""value\"":265,\""ratio\"":1.06,\""ratio_str\"":\""1.06\""},{\""name\"":\""直播推荐\"",\""value\"":22733,\""ratio\"":90.63,\""ratio_str\"":\""90.63\""},{\""name\"":\""视频推荐\"",\""value\"":28,\""ratio\"":0.11,\""ratio_str\"":\""0.11\""},{\""name\"":\""个人主页\"",\""value\"":245,\""ratio\"":0.98,\""ratio_str\"":\""0.98\""},{\""name\"":\""关注\"",\""value\"":1022,\""ratio\"":4.07,\""ratio_str\"":\""4.07\""}]""",1182,2059,0.1962,0.0132,0.0237,0.0117,0.1281,0.8267,0.9610,0.8333,0.9696,0.3647,2025-08-22 22:42:33
戴维李,7540875635053349642,"大A3730点，什么时候会回调？",2025-08-21 11:29:18,2025-08-21 12:26:01,56,857,732,1023,1022,1,84,328,327,1,38,51.15,47029,9945,2679,7266,82,5,22,3.2500,8.7400,0.5400,406,379,27,45071,44774,297,32,30,2,"""[{\""name\"":\""直播推荐\"",\""value\"":50350,\""ratio\"":63.09,\""ratio_str\"":\""63.09\""},{\""name\"":\""其他\"",\""value\"":18930,\""ratio\"":23.72,\""ratio_str\"":\""23.72\""},{\""name\"":\""关注\"",\""value\"":6310,\""ratio\"":7.91,\""ratio_str\"":\""7.91\""},{\""name\"":\""个人主页\"",\""value\"":1649,\""ratio\"":2.07,\""ratio_str\"":\""2.07\""},{\""name\"":\""视频推荐\"",\""value\"":1626,\""ratio\"":2.04,\""ratio_str\"":\""2.04\""},{\""name\"":\""搜索\"",\""value\"":925,\""ratio\"":1.1499999999999948,\""ratio_str\"":\""1.15\""},{\""name\"":\""商业化\"",\""value\"":11,\""ratio\"":0.01,\""ratio_str\"":\""0.01\""},{\""name\"":\""同城\"",\""value\"":7,\""ratio\"":0.01,\""ratio_str\"":\""0.01\""}]""","""[{\""name\"":\""其他\"",\""value\"":839,\""ratio\"":8.41,\""ratio_str\"":\""8.41\""},{\""name\"":\""同城\"",\""value\"":5,\""ratio\"":0.05,\""ratio_str\"":\""0.05\""},{\""name\"":\""商业化\"",\""value\"":2,\""ratio\"":0.02,\""ratio_str\"":\""0.02\""},{\""name\"":\""搜索\"",\""value\"":93,\""ratio\"":0.93,\""ratio_str\"":\""0.93\""},{\""name\"":\""直播推荐\"",\""value\"":7951,\""ratio\"":79.73,\""ratio_str\"":\""79.73\""},{\""name\"":\""视频推荐\"",\""value\"":33,\""ratio\"":0.33,\""ratio_str\"":\""0.33\""},{\""name\"":\""个人主页\"",\""value\"":245,\""ratio\"":2.46,\""ratio_str\"":\""2.46\""},{\""name\"":\""关注\"",\""value\"":805,\""ratio\"":8.07,\""ratio_str\"":\""8.07\""}]""",1210,1469,0.2115,0.0082,0.0408,0.0330,0.2694,0.9335,0.9934,0.9375,0.9970,0.4517,2025-08-22 22:43:15
戴维李,7540606242062879497,"大A3730点，什么时候会回调？",2025-08-20 18:03:47,2025-08-20 19:11:52,68,1400,1106,824,741,83,133,271,222,49,70,41.20,135279,22827,3030,19797,286,7,54,2.4500,9.8700,0.7600,664,511,153,99064,91850,7214,17,8,9,"""[{\""name\"":\""个人主页\"",\""value\"":2178,\""ratio\"":1.12,\""ratio_str\"":\""1.12\""},{\""name\"":\""关注\"",\""value\"":7692,\""ratio\"":3.97,\""ratio_str\"":\""3.97\""},{\""name\"":\""其他\"",\""value\"":19907,\""ratio\"":10.27,\""ratio_str\"":\""10.27\""},{\""name\"":\""同城\"",\""value\"":7,\""ratio\"":0,\""ratio_str\"":\""0.00\""},{\""name\"":\""商业化\"",\""value\"":14,\""ratio\"":0.01,\""ratio_str\"":\""0.01\""},{\""name\"":\""搜索\"",\""value\"":2942,\""ratio\"":1.52,\""ratio_str\"":\""1.52\""},{\""name\"":\""直播推荐\"",\""value\"":158547,\""ratio\"":81.8,\""ratio_str\"":\""81.80\""},{\""name\"":\""视频推荐\"",\""value\"":2534,\""ratio\"":1.31,\""ratio_str\"":\""1.31\""}]""","""[{\""name\"":\""直播推荐\"",\""value\"":20035,\""ratio\"":88.77,\""ratio_str\"":\""88.77\""},{\""name\"":\""关注\"",\""value\"":1052,\""ratio\"":4.66,\""ratio_str\"":\""4.66\""},{\""name\"":\""其他\"",\""value\"":815,\""ratio\"":3.61,\""ratio_str\"":\""3.61\""},{\""name\"":\""搜索\"",\""value\"":312,\""ratio\"":1.38,\""ratio_str\"":\""1.38\""},{\""name\"":\""个人主页\"",\""value\"":284,\""ratio\"":1.26,\""ratio_str\"":\""1.26\""},{\""name\"":\""视频推荐\"",\""value\"":65,\""ratio\"":0.29,\""ratio_str\"":\""0.29\""},{\""name\"":\""商业化\"",\""value\"":4,\""ratio\"":0.02,\""ratio_str\"":\""0.02\""},{\""name\"":\""同城\"",\""value\"":2,\""ratio\"":0.00999999999998579,\""ratio_str\"":\""0.01\""}]""",1236,1794,0.1687,0.0125,0.0291,0.0119,0.1327,0.7696,0.9272,0.4706,0.8192,0.4079,2025-08-20 22:47:03
戴维李,7540503898894027571,"大A3730点，什么时候会回调？",2025-08-20 11:27:01,2025-08-20 12:30:43,63,975,737,795,709,86,116,303,280,23,43,39.75,51170,10664,2733,7931,93,8,30,3.5800,8.8100,0.7200,275,232,43,61024,57980,3044,7,4,3,"""[{\""name\"":\""关注\"",\""value\"":6006,\""ratio\"":7.15,\""ratio_str\"":\""7.15\""},{\""name\"":\""其他\"",\""value\"":15726,\""ratio\"":18.72,\""ratio_str\"":\""18.72\""},{\""name\"":\""同城\"",\""value\"":3,\""ratio\"":0,\""ratio_str\"":\""0.00\""},{\""name\"":\""商业化\"",\""value\"":12,\""ratio\"":0.01,\""ratio_str\"":\""0.01\""},{\""name\"":\""搜索\"",\""value\"":1365,\""ratio\"":1.62,\""ratio_str\"":\""1.62\""},{\""name\"":\""直播推荐\"",\""value\"":57544,\""ratio\"":68.49,\""ratio_str\"":\""68.49\""},{\""name\"":\""视频推荐\"",\""value\"":1745,\""ratio\"":2.08,\""ratio_str\"":\""2.08\""},{\""name\"":\""个人主页\"",\""value\"":1621,\""ratio\"":1.93,\""ratio_str\"":\""1.93\""}]""","""[{\""name\"":\""直播推荐\"",\""value\"":8816,\""ratio\"":82.84,\""ratio_str\"":\""82.84\""},{\""name\"":\""关注\"",\""value\"":802,\""ratio\"":7.54,\""ratio_str\"":\""7.54\""},{\""name\"":\""其他\"",\""value\"":630,\""ratio\"":5.92,\""ratio_str\"":\""5.92\""},{\""name\"":\""个人主页\"",\""value\"":197,\""ratio\"":1.85,\""ratio_str\"":\""1.85\""},{\""name\"":\""搜索\"",\""value\"":150,\""ratio\"":1.41,\""ratio_str\"":\""1.41\""},{\""name\"":\""视频推荐\"",\""value\"":39,\""ratio\"":0.37,\""ratio_str\"":\""0.37\""},{\""name\"":\""商业化\"",\""value\"":5,\""ratio\"":0.05,\""ratio_str\"":\""0.05\""},{\""name\"":\""同城\"",\""value\"":3,\""ratio\"":0.019999999999994883,\""ratio_str\"":\""0.02\""}]""",1122,1611,0.2084,0.0087,0.0258,0.0284,0.2563,0.8436,0.9501,0.5714,0.9241,0.4105,2025-08-20 22:47:39
戴维李,7540233700294937344,"大A3730点，什么时候会回调？",2025-08-19 17:58:16,2025-08-19 19:09:19,71,862,636,1174,1101,73,83,225,210,15,23,58.70,44112,8178,2705,5473,85,16,21,4.7200,9.4100,0.9500,253,233,20,61080,59179,1901,10,7,3,"""[{\""name\"":\""直播推荐\"",\""value\"":47293,\""ratio\"":59.52,\""ratio_str\"":\""59.52\""},{\""name\"":\""其他\"",\""value\"":18921,\""ratio\"":23.81,\""ratio_str\"":\""23.81\""},{\""name\"":\""关注\"",\""value\"":8011,\""ratio\"":10.08,\""ratio_str\"":\""10.08\""},{\""name\"":\""视频推荐\"",\""value\"":2799,\""ratio\"":3.52,\""ratio_str\"":\""3.52\""},{\""name\"":\""个人主页\"",\""value\"":1536,\""ratio\"":1.93,\""ratio_str\"":\""1.93\""},{\""name\"":\""搜索\"",\""value\"":873,\""ratio\"":1.1,\""ratio_str\"":\""1.10\""},{\""name\"":\""商业化\"",\""value\"":22,\""ratio\"":0.040000000000005115,\""ratio_str\"":\""0.04\""}]""","""[{\""name\"":\""直播推荐\"",\""value\"":6351,\""ratio\"":76.72,\""ratio_str\"":\""76.72\""},{\""name\"":\""关注\"",\""value\"":960,\""ratio\"":11.6,\""ratio_str\"":\""11.60\""},{\""name\"":\""其他\"",\""value\"":600,\""ratio\"":7.25,\""ratio_str\"":\""7.25\""},{\""name\"":\""个人主页\"",\""value\"":226,\""ratio\"":2.73,\""ratio_str\"":\""2.73\""},{\""name\"":\""视频推荐\"",\""value\"":71,\""ratio\"":0.86,\""ratio_str\"":\""0.86\""},{\""name\"":\""搜索\"",\""value\"":67,\""ratio\"":0.81,\""ratio_str\"":\""0.81\""},{\""name\"":\""商业化\"",\""value\"":3,\""ratio\"":0.030000000000009096,\""ratio_str\"":\""0.03\""}]""",1114,1591,0.1854,0.0104,0.0309,0.0275,0.3308,0.9209,0.9689,0.7000,0.9333,0.4118,2025-08-19 22:41:58
老桑财知道,7540221778036116270,"东半球最强直播间",2025-08-19 17:12:10,2025-08-19 18:12:19,60,830,574,1040,1038,2,43,161,160,1,28,52.00,56381,8972,1599,7373,172,4,22,3.0700,10.8500,0.7700,368,329,39,65242,64253,989,13,12,1,"""[{\""name\"":\""直播推荐\"",\""value\"":62137,\""ratio\"":78.65,\""ratio_str\"":\""78.65\""},{\""name\"":\""其他\"",\""value\"":9797,\""ratio\"":12.4,\""ratio_str\"":\""12.40\""},{\""name\"":\""关注\"",\""value\"":3261,\""ratio\"":4.13,\""ratio_str\"":\""4.13\""},{\""name\"":\""搜索\"",\""value\"":1554,\""ratio\"":1.97,\""ratio_str\"":\""1.97\""},{\""name\"":\""视频推荐\"",\""value\"":1190,\""ratio\"":1.51,\""ratio_str\"":\""1.51\""},{\""name\"":\""个人主页\"",\""value\"":1062,\""ratio\"":1.3299999999999808,\""ratio_str\"":\""1.33\""},{\""name\"":\""同城\"",\""value\"":4,\""ratio\"":0.01,\""ratio_str\"":\""0.01\""},{\""name\"":\""商业化\"",\""value\"":3,\""ratio\"":0,\""ratio_str\"":\""0.00\""}]""","""[{\""name\"":\""直播推荐\"",\""value\"":7659,\""ratio\"":85.27,\""ratio_str\"":\""85.27\""},{\""name\"":\""关注\"",\""value\"":564,\""ratio\"":6.28,\""ratio_str\"":\""6.28\""},{\""name\"":\""其他\"",\""value\"":431,\""ratio\"":4.8,\""ratio_str\"":\""4.80\""},{\""name\"":\""搜索\"",\""value\"":166,\""ratio\"":1.85,\""ratio_str\"":\""1.85\""},{\""name\"":\""个人主页\"",\""value\"":150,\""ratio\"":1.67,\""ratio_str\"":\""1.67\""},{\""name\"":\""视频推荐\"",\""value\"":6,\""ratio\"":0.07,\""ratio_str\"":\""0.07\""},{\""name\"":\""同城\"",\""value\"":3,\""ratio\"":0.03000000000001421,\""ratio_str\"":\""0.03\""},{\""name\"":\""商业化\"",\""value\"":3,\""ratio\"":0.03,\""ratio_str\"":\""0.03\""}]""",640,959,0.1591,0.0192,0.0410,0.0179,0.1782,0.8940,0.9848,0.9231,0.9938,0.4003,2025-08-20 22:47:17
老桑财知道,7540141953095093030,"东半球最强直播间",2025-08-19 12:02:09,2025-08-19 12:57:39,55,654,414,838,838,0,51,227,227,0,30,41.90,44647,7537,1422,6115,116,2,22,2.4000,7.9300,0.5700,315,287,28,48330,47182,1148,7,6,1,"""[{\""name\"":\""直播推荐\"",\""value\"":49174,\""ratio\"":79.27,\""ratio_str\"":\""79.27\""},{\""name\"":\""视频推荐\"",\""value\"":1098,\""ratio\"":1.77,\""ratio_str\"":\""1.77\""},{\""name\"":\""个人主页\"",\""value\"":646,\""ratio\"":1.04,\""ratio_str\"":\""1.04\""},{\""name\"":\""关注\"",\""value\"":3069,\""ratio\"":4.95,\""ratio_str\"":\""4.95\""},{\""name\"":\""其他\"",\""value\"":7220,\""ratio\"":11.64,\""ratio_str\"":\""11.64\""},{\""name\"":\""同城\"",\""value\"":3,\""ratio\"":0,\""ratio_str\"":\""0.00\""},{\""name\"":\""商业化\"",\""value\"":8,\""ratio\"":0.01,\""ratio_str\"":\""0.01\""},{\""name\"":\""搜索\"",\""value\"":817,\""ratio\"":1.32,\""ratio_str\"":\""1.32\""}]""","""[{\""name\"":\""直播推荐\"",\""value\"":6514,\""ratio\"":86.86,\""ratio_str\"":\""86.86\""},{\""name\"":\""关注\"",\""value\"":457,\""ratio\"":6.09,\""ratio_str\"":\""6.09\""},{\""name\"":\""其他\"",\""value\"":327,\""ratio\"":4.36,\""ratio_str\"":\""4.36\""},{\""name\"":\""个人主页\"",\""value\"":115,\""ratio\"":1.53,\""ratio_str\"":\""1.53\""},{\""name\"":\""搜索\"",\""value\"":73,\""ratio\"":0.97,\""ratio_str\"":\""0.97\""},{\""name\"":\""视频推荐\"",\""value\"":10,\""ratio\"":0.13,\""ratio_str\"":\""0.13\""},{\""name\"":\""同城\"",\""value\"":2,\""ratio\"":0.03,\""ratio_str\"":\""0.03\""},{\""name\"":\""商业化\"",\""value\"":1,\""ratio\"":0.030000000000010234,\""ratio_str\"":\""0.03\""}]""",570,852,0.1688,0.0154,0.0418,0.0301,0.1887,0.9111,0.9762,0.8571,1.0000,0.4008,2025-08-20 22:49:53
戴维李,7540135134004038450,"大A3730点，什么时候会回调？",2025-08-19 11:35:45,2025-08-19 12:36:20,60,890,682,1126,1083,43,86,312,292,20,47,56.30,91370,11552,2505,9047,140,3,30,2.7700,7.8600,0.7500,451,383,68,56270,54242,2028,23,15,8,"""[{\""name\"":\""直播推荐\"",\""value\"":104364,\""ratio\"":79.74,\""ratio_str\"":\""79.74\""},{\""name\"":\""其他\"",\""value\"":14998,\""ratio\"":11.46,\""ratio_str\"":\""11.46\""},{\""name\"":\""关注\"",\""value\"":6363,\""ratio\"":4.86,\""ratio_str\"":\""4.86\""},{\""name\"":\""视频推荐\"",\""value\"":2024,\""ratio\"":1.55,\""ratio_str\"":\""1.55\""},{\""name\"":\""个人主页\"",\""value\"":1599,\""ratio\"":1.22,\""ratio_str\"":\""1.22\""},{\""name\"":\""搜索\"",\""value\"":1517,\""ratio\"":1.16,\""ratio_str\"":\""1.16\""},{\""name\"":\""商业化\"",\""value\"":9,\""ratio\"":0.010000000000014211,\""ratio_str\"":\""0.01\""},{\""name\"":\""同城\"",\""value\"":2,\""ratio\"":0,\""ratio_str\"":\""0.00\""}]""","""[{\""name\"":\""直播推荐\"",\""value\"":9831,\""ratio\"":85.88,\""ratio_str\"":\""85.88\""},{\""name\"":\""关注\"",\""value\"":709,\""ratio\"":6.19,\""ratio_str\"":\""6.19\""},{\""name\"":\""其他\"",\""value\"":516,\""ratio\"":4.51,\""ratio_str\"":\""4.51\""},{\""name\"":\""个人主页\"",\""value\"":192,\""ratio\"":1.68,\""ratio_str\"":\""1.68\""},{\""name\"":\""搜索\"",\""value\"":166,\""ratio\"":1.45,\""ratio_str\"":\""1.45\""},{\""name\"":\""视频推荐\"",\""value\"":32,\""ratio\"":0.28,\""ratio_str\"":\""0.28\""},{\""name\"":\""商业化\"",\""value\"":2,\""ratio\"":0.009999999999994885,\""ratio_str\"":\""0.01\""}]""",985,1520,0.1264,0.0121,0.0390,0.0270,0.2168,0.8492,0.9640,0.6522,0.9359,0.3932,2025-08-19 22:42:42
戴维李,7539868723098569482,"大A3700点，这几个趋势有机会",2025-08-18 18:21:55,2025-08-18 19:28:08,66,1029,779,1473,1384,89,269,368,333,35,72,73.65,92320,13302,3026,10276,187,10,56,2.6200,8.4500,0.7000,491,410,81,70598,66964,3634,15,14,1,"""[{\""name\"":\""其他\"",\""value\"":17116,\""ratio\"":12.52,\""ratio_str\"":\""12.52\""},{\""name\"":\""同城\"",\""value\"":1,\""ratio\"":0,\""ratio_str\"":\""0.00\""},{\""name\"":\""商业化\"",\""value\"":5,\""ratio\"":0,\""ratio_str\"":\""0.00\""},{\""name\"":\""搜索\"",\""value\"":1449,\""ratio\"":1.06,\""ratio_str\"":\""1.06\""},{\""name\"":\""直播推荐\"",\""value\"":106427,\""ratio\"":77.83,\""ratio_str\"":\""77.83\""},{\""name\"":\""视频推荐\"",\""value\"":1936,\""ratio\"":1.42,\""ratio_str\"":\""1.42\""},{\""name\"":\""个人主页\"",\""value\"":1864,\""ratio\"":1.36,\""ratio_str\"":\""1.36\""},{\""name\"":\""关注\"",\""value\"":7950,\""ratio\"":5.81,\""ratio_str\"":\""5.81\""}]""","""[{\""name\"":\""直播推荐\"",\""value\"":10925,\""ratio\"":84.49,\""ratio_str\"":\""84.49\""},{\""name\"":\""关注\"",\""value\"":985,\""ratio\"":7.62,\""ratio_str\"":\""7.62\""},{\""name\"":\""其他\"",\""value\"":614,\""ratio\"":4.75,\""ratio_str\"":\""4.75\""},{\""name\"":\""个人主页\"",\""value\"":214,\""ratio\"":1.66,\""ratio_str\"":\""1.66\""},{\""name\"":\""搜索\"",\""value\"":142,\""ratio\"":1.1,\""ratio_str\"":\""1.10\""},{\""name\"":\""视频推荐\"",\""value\"":46,\""ratio\"":0.36,\""ratio_str\"":\""0.36\""},{\""name\"":\""商业化\"",\""value\"":4,\""ratio\"":0.020000000000009094,\""ratio_str\"":\""0.02\""}]""",1143,1883,0.1441,0.0141,0.0369,0.0277,0.2275,0.8350,0.9485,0.9333,0.9049,0.3777,2025-08-18 22:41:57
老桑财知道,7539850331505560371,"东半球最强直播间",2025-08-18 17:10:28,2025-08-18 18:16:52,66,855,580,2614,2559,55,112,404,379,25,45,130.70,69414,10567,1687,8880,178,5,30,2.4000,10.6200,0.7300,404,339,65,61959,59528,2431,12,9,3,"""[{\""name\"":\""直播推荐\"",\""value\"":75928,\""ratio\"":78.48,\""ratio_str\"":\""78.48\""},{\""name\"":\""其他\"",\""value\"":12067,\""ratio\"":12.47,\""ratio_str\"":\""12.47\""},{\""name\"":\""关注\"",\""value\"":3902,\""ratio\"":4.03,\""ratio_str\"":\""4.03\""},{\""name\"":\""视频推荐\"",\""value\"":2579,\""ratio\"":2.67,\""ratio_str\"":\""2.67\""},{\""name\"":\""搜索\"",\""value\"":1221,\""ratio\"":1.26,\""ratio_str\"":\""1.26\""},{\""name\"":\""个人主页\"",\""value\"":1038,\""ratio\"":1.07,\""ratio_str\"":\""1.07\""},{\""name\"":\""同城\"",\""value\"":15,\""ratio\"":0.01999999999998579,\""ratio_str\"":\""0.02\""},{\""name\"":\""商业化\"",\""value\"":3,\""ratio\"":0,\""ratio_str\"":\""0.00\""}]""","""[{\""name\"":\""直播推荐\"",\""value\"":9028,\""ratio\"":85.46,\""ratio_str\"":\""85.46\""},{\""name\"":\""关注\"",\""value\"":632,\""ratio\"":5.98,\""ratio_str\"":\""5.98\""},{\""name\"":\""其他\"",\""value\"":558,\""ratio\"":5.28,\""ratio_str\"":\""5.28\""},{\""name\"":\""个人主页\"",\""value\"":179,\""ratio\"":1.69,\""ratio_str\"":\""1.69\""},{\""name\"":\""搜索\"",\""value\"":122,\""ratio\"":1.15,\""ratio_str\"":\""1.15\""},{\""name\"":\""视频推荐\"",\""value\"":29,\""ratio\"":0.27,\""ratio_str\"":\""0.27\""},{\""name\"":\""同城\"",\""value\"":13,\""ratio\"":0.12,\""ratio_str\"":\""0.12\""},{\""name\"":\""商业化\"",\""value\"":3,\""ratio\"":0.04999999999999602,\""ratio_str\"":\""0.05\""}]""",801,886,0.1522,0.0168,0.0382,0.0382,0.1596,0.8391,0.9608,0.7500,0.9381,0.4748,2025-08-18 22:46:50
戴维李,7539764311536093961,"大A3700点，这几个趋势有机会",2025-08-18 11:37:03,2025-08-18 12:42:13,65,992,750,1997,1987,10,106,351,342,9,27,99.85,89159,13178,2947,10231,125,7,17,2.9000,7.9800,0.6800,367,309,58,59597,57271,2326,41,33,8,"""[{\""name\"":\""直播推荐\"",\""value\"":103147,\""ratio\"":76.76,\""ratio_str\"":\""76.76\""},{\""name\"":\""其他\"",\""value\"":18518,\""ratio\"":13.78,\""ratio_str\"":\""13.78\""},{\""name\"":\""关注\"",\""value\"":7773,\""ratio\"":5.78,\""ratio_str\"":\""5.78\""},{\""name\"":\""个人主页\"",\""value\"":1828,\""ratio\"":1.36,\""ratio_str\"":\""1.36\""},{\""name\"":\""视频推荐\"",\""value\"":1641,\""ratio\"":1.22,\""ratio_str\"":\""1.22\""},{\""name\"":\""搜索\"",\""value\"":1458,\""ratio\"":1.08,\""ratio_str\"":\""1.08\""},{\""name\"":\""商业化\"",\""value\"":12,\""ratio\"":0.019999999999990907,\""ratio_str\"":\""0.02\""},{\""name\"":\""同城\"",\""value\"":1,\""ratio\"":0,\""ratio_str\"":\""0.00\""}]""","""[{\""name\"":\""商业化\"",\""value\"":3,\""ratio\"":0.02,\""ratio_str\"":\""0.02\""},{\""name\"":\""搜索\"",\""value\"":128,\""ratio\"":0.98,\""ratio_str\"":\""0.98\""},{\""name\"":\""直播推荐\"",\""value\"":11202,\""ratio\"":85.37,\""ratio_str\"":\""85.37\""},{\""name\"":\""视频推荐\"",\""value\"":40,\""ratio\"":0.3,\""ratio_str\"":\""0.30\""},{\""name\"":\""个人主页\"",\""value\"":207,\""ratio\"":1.58,\""ratio_str\"":\""1.58\""},{\""name\"":\""关注\"",\""value\"":915,\""ratio\"":6.97,\""ratio_str\"":\""6.97\""},{\""name\"":\""其他\"",\""value\"":627,\""ratio\"":4.78,\""ratio_str\"":\""4.78\""}]""",1131,1816,0.1478,0.0095,0.0278,0.0266,0.2236,0.8420,0.9610,0.8049,0.9744,0.3838,2025-08-18 22:42:40
戴维李,7538744617317600010,"大A3700点，这几个趋势有机会",2025-08-15 17:39:47,2025-08-15 19:02:06,82,820,660,1650,1647,3,137,322,320,2,61,82.50,69352,9484,3221,6263,137,13,46,4.8300,10.0300,0.7400,711,657,54,121587,119589,1998,19,18,1,"""[{\""name\"":\""直播推荐\"",\""value\"":79860,\""ratio\"":67.68,\""ratio_str\"":\""67.68\""},{\""name\"":\""其他\"",\""value\"":23115,\""ratio\"":19.59,\""ratio_str\"":\""19.59\""},{\""name\"":\""关注\"",\""value\"":8521,\""ratio\"":7.22,\""ratio_str\"":\""7.22\""},{\""name\"":\""视频推荐\"",\""value\"":2802,\""ratio\"":2.37,\""ratio_str\"":\""2.37\""},{\""name\"":\""个人主页\"",\""value\"":2225,\""ratio\"":1.89,\""ratio_str\"":\""1.89\""},{\""name\"":\""搜索\"",\""value\"":1466,\""ratio\"":1.24,\""ratio_str\"":\""1.24\""},{\""name\"":\""商业化\"",\""value\"":10,\""ratio\"":0.00999999999998579,\""ratio_str\"":\""0.01\""},{\""name\"":\""同城\"",\""value\"":2,\""ratio\"":0,\""ratio_str\"":\""0.00\""}]""","""[{\""name\"":\""直播推荐\"",\""value\"":7347,\""ratio\"":75.94,\""ratio_str\"":\""75.94\""},{\""name\"":\""关注\"",\""value\"":1025,\""ratio\"":10.59,\""ratio_str\"":\""10.59\""},{\""name\"":\""其他\"",\""value\"":817,\""ratio\"":8.44,\""ratio_str\"":\""8.44\""},{\""name\"":\""个人主页\"",\""value\"":259,\""ratio\"":2.68,\""ratio_str\"":\""2.68\""},{\""name\"":\""搜索\"",\""value\"":161,\""ratio\"":1.66,\""ratio_str\"":\""1.66\""},{\""name\"":\""视频推荐\"",\""value\"":64,\""ratio\"":0.66,\""ratio_str\"":\""0.66\""},{\""name\"":\""商业化\"",\""value\"":2,\""ratio\"":0.030000000000005116,\""ratio_str\"":\""0.03\""}]""",1290,1931,0.1368,0.0144,0.0750,0.0340,0.3396,0.9241,0.9836,0.9474,0.9938,0.4005,2025-08-16 22:42:11
戴维李,7538648661803256603,"8月黄金要向上突破了吗?",2025-08-15 11:27:42,2025-08-15 12:34:51,67,703,527,756,755,1,51,286,285,1,29,37.80,36933,5682,2811,2871,41,8,14,5.3900,7.4600,0.8700,265,253,12,45467,45209,258,21,20,1,"""[{\""name\"":\""直播推荐\"",\""value\"":40542,\""ratio\"":59.04,\""ratio_str\"":\""59.04\""},{\""name\"":\""其他\"",\""value\"":15920,\""ratio\"":23.19,\""ratio_str\"":\""23.19\""},{\""name\"":\""关注\"",\""value\"":6953,\""ratio\"":10.13,\""ratio_str\"":\""10.13\""},{\""name\"":\""视频推荐\"",\""value\"":2064,\""ratio\"":3.01,\""ratio_str\"":\""3.01\""},{\""name\"":\""搜索\"",\""value\"":1757,\""ratio\"":2.56,\""ratio_str\"":\""2.56\""},{\""name\"":\""个人主页\"",\""value\"":1418,\""ratio\"":2.07,\""ratio_str\"":\""2.07\""},{\""name\"":\""商业化\"",\""value\"":8,\""ratio\"":9.0951551845464e-15,\""ratio_str\"":\""0.00\""},{\""name\"":\""同城\"",\""value\"":3,\""ratio\"":0,\""ratio_str\"":\""0.00\""}]""","""[{\""name\"":\""直播推荐\"",\""value\"":4048,\""ratio\"":69.65,\""ratio_str\"":\""69.65\""},{\""name\"":\""关注\"",\""value\"":779,\""ratio\"":13.4,\""ratio_str\"":\""13.40\""},{\""name\"":\""其他\"",\""value\"":587,\""ratio\"":10.1,\""ratio_str\"":\""10.10\""},{\""name\"":\""个人主页\"",\""value\"":179,\""ratio\"":3.08,\""ratio_str\"":\""3.08\""},{\""name\"":\""搜索\"",\""value\"":164,\""ratio\"":2.82,\""ratio_str\"":\""2.82\""},{\""name\"":\""视频推荐\"",\""value\"":55,\""ratio\"":0.9499999999999857,\""ratio_str\"":\""0.95\""}]""",1085,1726,0.1538,0.0072,0.0466,0.0503,0.4947,0.9547,0.9943,0.9524,0.9965,0.3860,2025-08-16 22:43:35
戴维李,7538380032729729819,"8月黄金要向上突破了吗?",2025-08-14 18:04:56,2025-08-14 19:56:15,111,903,646,1469,1467,2,275,419,418,1,73,73.45,52505,8686,4011,4675,73,11,51,7.2200,11.1500,1.1400,678,623,55,117842,117449,393,38,34,4,"""[{\""name\"":\""直播推荐\"",\""value\"":55516,\""ratio\"":51.18,\""ratio_str\"":\""51.18\""},{\""name\"":\""其他\"",\""value\"":26882,\""ratio\"":24.78,\""ratio_str\"":\""24.78\""},{\""name\"":\""关注\"",\""value\"":12716,\""ratio\"":11.72,\""ratio_str\"":\""11.72\""},{\""name\"":\""视频推荐\"",\""value\"":8505,\""ratio\"":7.84,\""ratio_str\"":\""7.84\""},{\""name\"":\""个人主页\"",\""value\"":2546,\""ratio\"":2.35,\""ratio_str\"":\""2.35\""},{\""name\"":\""搜索\"",\""value\"":2284,\""ratio\"":2.11,\""ratio_str\"":\""2.11\""},{\""name\"":\""商业化\"",\""value\"":9,\""ratio\"":0.019999999999990907,\""ratio_str\"":\""0.02\""},{\""name\"":\""同城\"",\""value\"":4,\""ratio\"":0,\""ratio_str\"":\""0.00\""}]""","""[{\""name\"":\""直播推荐\"",\""value\"":6274,\""ratio\"":69.5,\""ratio_str\"":\""69.50\""},{\""name\"":\""关注\"",\""value\"":1312,\""ratio\"":14.53,\""ratio_str\"":\""14.53\""},{\""name\"":\""其他\"",\""value\"":857,\""ratio\"":9.49,\""ratio_str\"":\""9.49\""},{\""name\"":\""个人主页\"",\""value\"":247,\""ratio\"":2.74,\""ratio_str\"":\""2.74\""},{\""name\"":\""视频推荐\"",\""value\"":176,\""ratio\"":1.95,\""ratio_str\"":\""1.95\""},{\""name\"":\""搜索\"",\""value\"":161,\""ratio\"":1.7900000000000051,\""ratio_str\"":\""1.79\""}]""",1550,2461,0.1654,0.0084,0.0781,0.0482,0.4618,0.9189,0.9967,0.8947,0.9976,0.3864,2025-08-16 22:44:18
戴维李,7538294862722943770,"8月黄金要向上突破了吗?",2025-08-14 12:34:32,2025-08-14 13:24:08,49,1027,636,1479,1478,1,95,286,285,1,42,73.95,54894,9789,2551,7238,64,8,32,2.4600,6.6400,0.5000,358,318,40,40822,40018,804,17,14,3,"""[{\""name\"":\""直播推荐\"",\""value\"":59294,\""ratio\"":72.92,\""ratio_str\"":\""72.92\""},{\""name\"":\""其他\"",\""value\"":11778,\""ratio\"":14.48,\""ratio_str\"":\""14.48\""},{\""name\"":\""关注\"",\""value\"":5823,\""ratio\"":7.16,\""ratio_str\"":\""7.16\""},{\""name\"":\""视频推荐\"",\""value\"":1780,\""ratio\"":2.19,\""ratio_str\"":\""2.19\""},{\""name\"":\""个人主页\"",\""value\"":1350,\""ratio\"":1.66,\""ratio_str\"":\""1.66\""},{\""name\"":\""搜索\"",\""value\"":1278,\""ratio\"":1.57,\""ratio_str\"":\""1.57\""},{\""name\"":\""商业化\"",\""value\"":12,\""ratio\"":0.020000000000005118,\""ratio_str\"":\""0.02\""},{\""name\"":\""同城\"",\""value\"":1,\""ratio\"":0,\""ratio_str\"":\""0.00\""}]""","""[{\""name\"":\""商业化\"",\""value\"":2,\""ratio\"":0.02,\""ratio_str\"":\""0.02\""},{\""name\"":\""搜索\"",\""value\"":127,\""ratio\"":1.31,\""ratio_str\"":\""1.31\""},{\""name\"":\""直播推荐\"",\""value\"":8157,\""ratio\"":83.83,\""ratio_str\"":\""83.83\""},{\""name\"":\""视频推荐\"",\""value\"":31,\""ratio\"":0.32,\""ratio_str\"":\""0.32\""},{\""name\"":\""个人主页\"",\""value\"":152,\""ratio\"":1.56,\""ratio_str\"":\""1.56\""},{\""name\"":\""关注\"",\""value\"":711,\""ratio\"":7.31,\""ratio_str\"":\""7.31\""},{\""name\"":\""其他\"",\""value\"":550,\""ratio\"":5.65,\""ratio_str\"":\""5.65\""}]""",918,1633,0.1783,0.0065,0.0366,0.0292,0.2606,0.8883,0.9803,0.8235,0.9965,0.3599,2025-08-16 22:45:00
老桑财知道,7538061298819418921,"东半球最强直播间",2025-08-13 21:27:56,2025-08-13 22:41:31,73,471,337,1847,1845,2,90,278,277,1,21,92.35,23349,3005,1736,1269,11,3,12,7.5000,10.1800,1.4500,244,237,7,114243,113139,1104,5,5,0,"""[{\""name\"":\""同城\"",\""value\"":11,\""ratio\"":0.03,\""ratio_str\"":\""0.03\""},{\""name\"":\""商业化\"",\""value\"":2,\""ratio\"":0,\""ratio_str\"":\""0.00\""},{\""name\"":\""搜索\"",\""value\"":1046,\""ratio\"":2.44,\""ratio_str\"":\""2.44\""},{\""name\"":\""直播推荐\"",\""value\"":14470,\""ratio\"":33.73,\""ratio_str\"":\""33.73\""},{\""name\"":\""视频推荐\"",\""value\"":9793,\""ratio\"":22.83,\""ratio_str\"":\""22.83\""},{\""name\"":\""个人主页\"",\""value\"":1101,\""ratio\"":2.57,\""ratio_str\"":\""2.57\""},{\""name\"":\""关注\"",\""value\"":5024,\""ratio\"":11.71,\""ratio_str\"":\""11.71\""},{\""name\"":\""其他\"",\""value\"":11451,\""ratio\"":26.69,\""ratio_str\"":\""26.69\""}]""","""[{\""name\"":\""直播推荐\"",\""value\"":1985,\""ratio\"":64.09,\""ratio_str\"":\""64.09\""},{\""name\"":\""关注\"",\""value\"":587,\""ratio\"":18.95,\""ratio_str\"":\""18.95\""},{\""name\"":\""其他\"",\""value\"":327,\""ratio\"":10.56,\""ratio_str\"":\""10.56\""},{\""name\"":\""个人主页\"",\""value\"":140,\""ratio\"":4.52,\""ratio_str\"":\""4.52\""},{\""name\"":\""视频推荐\"",\""value\"":28,\""ratio\"":0.9,\""ratio_str\"":\""0.90\""},{\""name\"":\""搜索\"",\""value\"":19,\""ratio\"":0.61,\""ratio_str\"":\""0.61\""},{\""name\"":\""同城\"",\""value\"":10,\""ratio\"":0.32,\""ratio_str\"":\""0.32\""},{\""name\"":\""商业化\"",\""value\"":1,\""ratio\"":0.04999999999999602,\""ratio_str\"":\""0.05\""}]""",823,913,0.1287,0.0037,0.0812,0.0925,0.5777,0.9713,0.9903,1.0000,0.9964,0.4741,2025-08-14 22:47:38
戴维李,7538000297986100009,"8月黄金要向上突破了吗?",2025-08-13 17:31:37,2025-08-13 18:32:22,60,869,646,1108,1107,1,141,273,272,1,65,55.40,67071,8006,3007,4999,93,2,42,4.1000,7.8500,0.7300,588,531,57,48440,47113,1327,13,11,2,"""[{\""name\"":\""直播推荐\"",\""value\"":75336,\""ratio\"":70.98,\""ratio_str\"":\""70.98\""},{\""name\"":\""其他\"",\""value\"":18220,\""ratio\"":17.17,\""ratio_str\"":\""17.17\""},{\""name\"":\""关注\"",\""value\"":6776,\""ratio\"":6.38,\""ratio_str\"":\""6.38\""},{\""name\"":\""视频推荐\"",\""value\"":2102,\""ratio\"":1.98,\""ratio_str\"":\""1.98\""},{\""name\"":\""搜索\"",\""value\"":1893,\""ratio\"":1.78,\""ratio_str\"":\""1.78\""},{\""name\"":\""个人主页\"",\""value\"":1798,\""ratio\"":1.69,\""ratio_str\"":\""1.69\""},{\""name\"":\""商业化\"",\""value\"":7,\""ratio\"":0.019999999999990907,\""ratio_str\"":\""0.02\""},{\""name\"":\""同城\"",\""value\"":3,\""ratio\"":0,\""ratio_str\"":\""0.00\""}]""","""[{\""name\"":\""直播推荐\"",\""value\"":6099,\""ratio\"":75.32,\""ratio_str\"":\""75.32\""},{\""name\"":\""关注\"",\""value\"":850,\""ratio\"":10.5,\""ratio_str\"":\""10.50\""},{\""name\"":\""其他\"",\""value\"":695,\""ratio\"":8.58,\""ratio_str\"":\""8.58\""},{\""name\"":\""搜索\"",\""value\"":209,\""ratio\"":2.58,\""ratio_str\"":\""2.58\""},{\""name\"":\""个人主页\"",\""value\"":189,\""ratio\"":2.33,\""ratio_str\"":\""2.33\""},{\""name\"":\""视频推荐\"",\""value\"":53,\""ratio\"":0.65,\""ratio_str\"":\""0.65\""},{\""name\"":\""商业化\"",\""value\"":2,\""ratio\"":0.039999999999996025,\""ratio_str\"":\""0.04\""}]""",1139,1868,0.1194,0.0116,0.0734,0.0341,0.3756,0.9031,0.9726,0.8462,0.9963,0.3788,2025-08-14 11:48:16
戴维李,7537909351521372978,"8月黄金要向上突破了吗?",2025-08-13 11:38:30,2025-08-13 13:00:37,82,948,708,2749,2736,13,207,437,433,4,95,137.45,52241,8580,3655,4925,121,11,68,5.8600,9.8000,0.9600,671,635,36,108628,108268,360,45,42,3,"""[{\""name\"":\""直播推荐\"",\""value\"":58861,\""ratio\"":60.01,\""ratio_str\"":\""60.01\""},{\""name\"":\""其他\"",\""value\"":21295,\""ratio\"":21.71,\""ratio_str\"":\""21.71\""},{\""name\"":\""关注\"",\""value\"":9321,\""ratio\"":9.5,\""ratio_str\"":\""9.50\""},{\""name\"":\""视频推荐\"",\""value\"":3679,\""ratio\"":3.75,\""ratio_str\"":\""3.75\""},{\""name\"":\""搜索\"",\""value\"":2908,\""ratio\"":2.96,\""ratio_str\"":\""2.96\""},{\""name\"":\""个人主页\"",\""value\"":2008,\""ratio\"":2.069999999999996,\""ratio_str\"":\""2.07\""},{\""name\"":\""商业化\"",\""value\"":3,\""ratio\"":0,\""ratio_str\"":\""0.00\""},{\""name\"":\""同城\"",\""value\"":3,\""ratio\"":0,\""ratio_str\"":\""0.00\""}]""","""[{\""name\"":\""个人主页\"",\""value\"":203,\""ratio\"":2.31,\""ratio_str\"":\""2.31\""},{\""name\"":\""关注\"",\""value\"":1093,\""ratio\"":12.44,\""ratio_str\"":\""12.44\""},{\""name\"":\""其他\"",\""value\"":833,\""ratio\"":9.48,\""ratio_str\"":\""9.48\""},{\""name\"":\""搜索\"",\""value\"":243,\""ratio\"":2.77,\""ratio_str\"":\""2.77\""},{\""name\"":\""直播推荐\"",\""value\"":6341,\""ratio\"":72.16,\""ratio_str\"":\""72.16\""},{\""name\"":\""视频推荐\"",\""value\"":74,\""ratio\"":0.84,\""ratio_str\"":\""0.84\""}]""",1379,2276,0.1642,0.0141,0.0782,0.0509,0.4260,0.9463,0.9967,0.9333,0.9908,0.3773,2025-08-14 11:49:33
戴维李,7537646119170444075,"8月黄金要向上突破了吗?",2025-08-12 18:37:13,2025-08-12 19:47:32,70,866,672,2664,2664,0,854,315,315,0,71,133.20,40820,7348,3428,3920,77,13,51,5.5100,8.2900,1.0200,630,587,43,94493,93577,916,22,21,1,"""[{\""name\"":\""直播推荐\"",\""value\"":44008,\""ratio\"":54.86,\""ratio_str\"":\""54.86\""},{\""name\"":\""其他\"",\""value\"":20712,\""ratio\"":25.82,\""ratio_str\"":\""25.82\""},{\""name\"":\""关注\"",\""value\"":8638,\""ratio\"":10.77,\""ratio_str\"":\""10.77\""},{\""name\"":\""搜索\"",\""value\"":2535,\""ratio\"":3.16,\""ratio_str\"":\""3.16\""},{\""name\"":\""视频推荐\"",\""value\"":2454,\""ratio\"":3.06,\""ratio_str\"":\""3.06\""},{\""name\"":\""个人主页\"",\""value\"":1862,\""ratio\"":2.3099999999999805,\""ratio_str\"":\""2.31\""},{\""name\"":\""商业化\"",\""value\"":7,\""ratio\"":0.01,\""ratio_str\"":\""0.01\""},{\""name\"":\""同城\"",\""value\"":6,\""ratio\"":0.01,\""ratio_str\"":\""0.01\""}]""","""[{\""name\"":\""直播推荐\"",\""value\"":5278,\""ratio\"":69.83,\""ratio_str\"":\""69.83\""},{\""name\"":\""关注\"",\""value\"":973,\""ratio\"":12.87,\""ratio_str\"":\""12.87\""},{\""name\"":\""其他\"",\""value\"":763,\""ratio\"":10.1,\""ratio_str\"":\""10.10\""},{\""name\"":\""搜索\"",\""value\"":285,\""ratio\"":3.77,\""ratio_str\"":\""3.77\""},{\""name\"":\""个人主页\"",\""value\"":205,\""ratio\"":2.71,\""ratio_str\"":\""2.71\""},{\""name\"":\""视频推荐\"",\""value\"":52,\""ratio\"":0.69,\""ratio_str\"":\""0.69\""},{\""name\"":\""同城\"",\""value\"":1,\""ratio\"":0.020000000000005118,\""ratio_str\"":\""0.02\""},{\""name\"":\""商业化\"",\""value\"":1,\""ratio\"":0.01,\""ratio_str\"":\""0.01\""}]""",1285,2143,0.1800,0.0105,0.0857,0.0429,0.4665,0.9317,0.9903,0.9545,1.0000,0.3749,2025-08-14 11:50:12
老桑财知道,7537621919579769619,"东半球最强直播间",2025-08-12 17:03:07,2025-08-12 18:15:52,72,531,431,1770,1736,34,68,311,296,15,33,88.50,31915,4336,1565,2771,63,3,24,6.4000,12.3900,0.9800,401,364,37,102011,98826,3185,10,7,3,"""[{\""name\"":\""直播推荐\"",\""value\"":34455,\""ratio\"":65.35,\""ratio_str\"":\""65.35\""},{\""name\"":\""其他\"",\""value\"":9764,\""ratio\"":18.52,\""ratio_str\"":\""18.52\""},{\""name\"":\""关注\"",\""value\"":4226,\""ratio\"":8.02,\""ratio_str\"":\""8.02\""},{\""name\"":\""视频推荐\"",\""value\"":1299,\""ratio\"":2.46,\""ratio_str\"":\""2.46\""},{\""name\"":\""搜索\"",\""value\"":1095,\""ratio\"":2.08,\""ratio_str\"":\""2.08\""},{\""name\"":\""个人主页\"",\""value\"":1008,\""ratio\"":1.91,\""ratio_str\"":\""1.91\""},{\""name\"":\""商业化\"",\""value\"":869,\""ratio\"":1.65,\""ratio_str\"":\""1.65\""},{\""name\"":\""同城\"",\""value\"":8,\""ratio\"":0.010000000000023306,\""ratio_str\"":\""0.01\""}]""","""[{\""name\"":\""同城\"",\""value\"":5,\""ratio\"":0.11,\""ratio_str\"":\""0.11\""},{\""name\"":\""商业化\"",\""value\"":2,\""ratio\"":0.05,\""ratio_str\"":\""0.05\""},{\""name\"":\""搜索\"",\""value\"":99,\""ratio\"":2.26,\""ratio_str\"":\""2.26\""},{\""name\"":\""直播推荐\"",\""value\"":3099,\""ratio\"":70.61,\""ratio_str\"":\""70.61\""},{\""name\"":\""视频推荐\"",\""value\"":22,\""ratio\"":0.5,\""ratio_str\"":\""0.50\""},{\""name\"":\""个人主页\"",\""value\"":139,\""ratio\"":3.17,\""ratio_str\"":\""3.17\""},{\""name\"":\""关注\"",\""value\"":576,\""ratio\"":13.12,\""ratio_str\"":\""13.12\""},{\""name\"":\""其他\"",\""value\"":447,\""ratio\"":10.18,\""ratio_str\"":\""10.18\""}]""",731,834,0.1359,0.0145,0.0925,0.0717,0.3609,0.9077,0.9688,0.7000,0.9518,0.4671,2025-08-12 22:46:44
戴维李,7537535393059687222,"8月黄金要向上突破了吗?",2025-08-12 11:27:37,2025-08-12 12:45:22,77,931,700,1591,1570,21,191,443,438,5,80,79.55,57257,9455,3579,5876,77,14,59,4.8800,9.1700,0.8600,546,496,50,74719,73876,843,43,40,3,"""[{\""name\"":\""直播推荐\"",\""value\"":65666,\""ratio\"":65.56,\""ratio_str\"":\""65.56\""},{\""name\"":\""其他\"",\""value\"":19050,\""ratio\"":19.02,\""ratio_str\"":\""19.02\""},{\""name\"":\""关注\"",\""value\"":8783,\""ratio\"":8.77,\""ratio_str\"":\""8.77\""},{\""name\"":\""搜索\"",\""value\"":2487,\""ratio\"":2.48,\""ratio_str\"":\""2.48\""},{\""name\"":\""视频推荐\"",\""value\"":2238,\""ratio\"":2.23,\""ratio_str\"":\""2.23\""},{\""name\"":\""个人主页\"",\""value\"":1918,\""ratio\"":1.92,\""ratio_str\"":\""1.92\""},{\""name\"":\""商业化\"",\""value\"":11,\""ratio\"":0.020000000000005118,\""ratio_str\"":\""0.02\""},{\""name\"":\""同城\"",\""value\"":3,\""ratio\"":0,\""ratio_str\"":\""0.00\""}]""","""[{\""name\"":\""关注\"",\""value\"":964,\""ratio\"":10.06,\""ratio_str\"":\""10.06\""},{\""name\"":\""其他\"",\""value\"":751,\""ratio\"":7.84,\""ratio_str\"":\""7.84\""},{\""name\"":\""商业化\"",\""value\"":2,\""ratio\"":0.02,\""ratio_str\"":\""0.02\""},{\""name\"":\""搜索\"",\""value\"":263,\""ratio\"":2.75,\""ratio_str\"":\""2.75\""},{\""name\"":\""直播推荐\"",\""value\"":7343,\""ratio\"":76.64,\""ratio_str\"":\""76.64\""},{\""name\"":\""视频推荐\"",\""value\"":47,\""ratio\"":0.49,\""ratio_str\"":\""0.49\""},{\""name\"":\""个人主页\"",\""value\"":211,\""ratio\"":2.2,\""ratio_str\"":\""2.20\""}]""",1314,2265,0.1651,0.0081,0.0577,0.0469,0.3785,0.9084,0.9887,0.9302,0.9887,0.3671,2025-08-14 11:50:50
戴维李,7537275628073028371,"8月黄金要向上突破了吗?",2025-08-11 18:39:17,2025-08-11 19:41:11,61,1097,823,2760,2723,37,2112,251,237,14,41,138.00,69511,11600,3387,8213,116,9,28,3.5600,6.9600,0.8500,557,450,107,50659,46453,4206,14,8,6,"""[{\""name\"":\""直播推荐\"",\""value\"":82219,\""ratio\"":71.99,\""ratio_str\"":\""71.99\""},{\""name\"":\""其他\"",\""value\"":17321,\""ratio\"":15.17,\""ratio_str\"":\""15.17\""},{\""name\"":\""关注\"",\""value\"":8311,\""ratio\"":7.28,\""ratio_str\"":\""7.28\""},{\""name\"":\""搜索\"",\""value\"":2639,\""ratio\"":2.31,\""ratio_str\"":\""2.31\""},{\""name\"":\""视频推荐\"",\""value\"":1957,\""ratio\"":1.71,\""ratio_str\"":\""1.71\""},{\""name\"":\""个人主页\"",\""value\"":1752,\""ratio\"":1.53,\""ratio_str\"":\""1.53\""},{\""name\"":\""同城\"",\""value\"":6,\""ratio\"":0.010000000000014211,\""ratio_str\"":\""0.01\""},{\""name\"":\""商业化\"",\""value\"":5,\""ratio\"":0,\""ratio_str\"":\""0.00\""}]""","""[{\""name\"":\""直播推荐\"",\""value\"":9408,\""ratio\"":80.88,\""ratio_str\"":\""80.88\""},{\""name\"":\""关注\"",\""value\"":888,\""ratio\"":7.63,\""ratio_str\"":\""7.63\""},{\""name\"":\""其他\"",\""value\"":785,\""ratio\"":6.75,\""ratio_str\"":\""6.75\""},{\""name\"":\""搜索\"",\""value\"":314,\""ratio\"":2.7,\""ratio_str\"":\""2.70\""},{\""name\"":\""个人主页\"",\""value\"":177,\""ratio\"":1.52,\""ratio_str\"":\""1.52\""},{\""name\"":\""视频推荐\"",\""value\"":56,\""ratio\"":0.48,\""ratio_str\"":\""0.48\""},{\""name\"":\""同城\"",\""value\"":4,\""ratio\"":0.040000000000005115,\""ratio_str\"":\""0.04\""}]""",1258,2129,0.1669,0.0100,0.0480,0.0216,0.2920,0.8079,0.9170,0.5714,0.9442,0.3714,2025-08-11 22:43:12
老桑财知道,7537249847171124031,"东半球最强直播间",2025-08-11 16:59:12,2025-08-11 18:20:47,81,712,513,3735,3235,500,1572,478,441,37,84,186.75,51564,7383,1873,5510,122,3,65,4.8100,12.0200,0.9900,473,402,71,85092,84361,731,30,25,5,"""[{\""name\"":\""直播推荐\"",\""value\"":60716,\""ratio\"":74.95,\""ratio_str\"":\""74.95\""},{\""name\"":\""其他\"",\""value\"":11655,\""ratio\"":14.39,\""ratio_str\"":\""14.39\""},{\""name\"":\""关注\"",\""value\"":4601,\""ratio\"":5.68,\""ratio_str\"":\""5.68\""},{\""name\"":\""搜索\"",\""value\"":1873,\""ratio\"":2.31,\""ratio_str\"":\""2.31\""},{\""name\"":\""个人主页\"",\""value\"":1085,\""ratio\"":1.34,\""ratio_str\"":\""1.34\""},{\""name\"":\""视频推荐\"",\""value\"":1066,\""ratio\"":1.309999999999995,\""ratio_str\"":\""1.31\""},{\""name\"":\""同城\"",\""value\"":7,\""ratio\"":0.01,\""ratio_str\"":\""0.01\""},{\""name\"":\""商业化\"",\""value\"":6,\""ratio\"":0.01,\""ratio_str\"":\""0.01\""}]""","""[{\""name\"":\""关注\"",\""value\"":676,\""ratio\"":9.1,\""ratio_str\"":\""9.10\""},{\""name\"":\""其他\"",\""value\"":569,\""ratio\"":7.66,\""ratio_str\"":\""7.66\""},{\""name\"":\""同城\"",\""value\"":4,\""ratio\"":0.05,\""ratio_str\"":\""0.05\""},{\""name\"":\""搜索\"",\""value\"":200,\""ratio\"":2.69,\""ratio_str\"":\""2.69\""},{\""name\"":\""直播推荐\"",\""value\"":5810,\""ratio\"":78.21,\""ratio_str\"":\""78.21\""},{\""name\"":\""视频推荐\"",\""value\"":23,\""ratio\"":0.31,\""ratio_str\"":\""0.31\""},{\""name\"":\""个人主页\"",\""value\"":147,\""ratio\"":1.98,\""ratio_str\"":\""1.98\""}]""",858,1015,0.1432,0.0165,0.0641,0.0647,0.2537,0.8499,0.9914,0.8333,0.9226,0.4581,2025-08-11 22:49:33
戴维李,7537164333701188379,"8月黄金要向上突破了吗?",2025-08-11 11:27:35,2025-08-11 12:54:08,86,953,765,1594,1527,67,155,455,433,22,72,79.70,89529,13692,3752,9940,141,12,45,3.9500,8.9200,1.0100,552,453,99,72576,69449,3127,53,46,7,"""[{\""name\"":\""同城\"",\""value\"":2,\""ratio\"":0,\""ratio_str\"":\""0.00\""},{\""name\"":\""商业化\"",\""value\"":11,\""ratio\"":0.01,\""ratio_str\"":\""0.01\""},{\""name\"":\""搜索\"",\""value\"":3662,\""ratio\"":2.5,\""ratio_str\"":\""2.50\""},{\""name\"":\""直播推荐\"",\""value\"":107676,\""ratio\"":73.47,\""ratio_str\"":\""73.47\""},{\""name\"":\""视频推荐\"",\""value\"":2886,\""ratio\"":1.97,\""ratio_str\"":\""1.97\""},{\""name\"":\""个人主页\"",\""value\"":2273,\""ratio\"":1.55,\""ratio_str\"":\""1.55\""},{\""name\"":\""关注\"",\""value\"":10418,\""ratio\"":7.11,\""ratio_str\"":\""7.11\""},{\""name\"":\""其他\"",\""value\"":19624,\""ratio\"":13.39,\""ratio_str\"":\""13.39\""}]""","""[{\""name\"":\""同城\"",\""value\"":1,\""ratio\"":0.01,\""ratio_str\"":\""0.01\""},{\""name\"":\""搜索\"",\""value\"":361,\""ratio\"":2.62,\""ratio_str\"":\""2.62\""},{\""name\"":\""直播推荐\"",\""value\"":11256,\""ratio\"":81.59,\""ratio_str\"":\""81.59\""},{\""name\"":\""视频推荐\"",\""value\"":59,\""ratio\"":0.43,\""ratio_str\"":\""0.43\""},{\""name\"":\""个人主页\"",\""value\"":206,\""ratio\"":1.49,\""ratio_str\"":\""1.49\""},{\""name\"":\""关注\"",\""value\"":1096,\""ratio\"":7.94,\""ratio_str\"":\""7.94\""},{\""name\"":\""其他\"",\""value\"":817,\""ratio\"":5.92,\""ratio_str\"":\""5.92\""}]""",1291,2461,0.1529,0.0103,0.0403,0.0332,0.2740,0.8207,0.9569,0.8679,0.9516,0.3441,2025-08-11 22:43:55
老桑财知道,7536137904352299818,"东半球最强直播间",2025-08-08 17:04:12,2025-08-08 18:23:45,79,654,536,1181,1152,29,140,227,209,18,45,59.05,62770,7822,1872,5950,113,2,32,4.5800,11.9700,1.1700,510,434,76,94108,89479,4629,14,6,8,"""[{\""name\"":\""直播推荐\"",\""value\"":74939,\""ratio\"":78.98,\""ratio_str\"":\""78.98\""},{\""name\"":\""其他\"",\""value\"":10790,\""ratio\"":11.37,\""ratio_str\"":\""11.37\""},{\""name\"":\""关注\"",\""value\"":4544,\""ratio\"":4.79,\""ratio_str\"":\""4.79\""},{\""name\"":\""搜索\"",\""value\"":2170,\""ratio\"":2.29,\""ratio_str\"":\""2.29\""},{\""name\"":\""视频推荐\"",\""value\"":1248,\""ratio\"":1.32,\""ratio_str\"":\""1.32\""},{\""name\"":\""个人主页\"",\""value\"":1185,\""ratio\"":1.230000000000004,\""ratio_str\"":\""1.23\""},{\""name\"":\""同城\"",\""value\"":5,\""ratio\"":0.01,\""ratio_str\"":\""0.01\""},{\""name\"":\""商业化\"",\""value\"":5,\""ratio\"":0.01,\""ratio_str\"":\""0.01\""}]""","""[{\""name\"":\""直播推荐\"",\""value\"":6419,\""ratio\"":81.5,\""ratio_str\"":\""81.50\""},{\""name\"":\""关注\"",\""value\"":657,\""ratio\"":8.34,\""ratio_str\"":\""8.34\""},{\""name\"":\""其他\"",\""value\"":422,\""ratio\"":5.36,\""ratio_str\"":\""5.36\""},{\""name\"":\""搜索\"",\""value\"":209,\""ratio\"":2.65,\""ratio_str\"":\""2.65\""},{\""name\"":\""个人主页\"",\""value\"":153,\""ratio\"":1.94,\""ratio_str\"":\""1.94\""},{\""name\"":\""视频推荐\"",\""value\"":12,\""ratio\"":0.15,\""ratio_str\"":\""0.15\""},{\""name\"":\""同城\"",\""value\"":3,\""ratio\"":0.04,\""ratio_str\"":\""0.04\""},{\""name\"":\""商业化\"",\""value\"":1,\""ratio\"":0.019999999999976696,\""ratio_str\"":\""0.02\""}]""",827,1045,0.1246,0.0144,0.0652,0.0290,0.2393,0.8510,0.9508,0.4286,0.9207,0.4418,2025-08-08 22:46:50
老桑财知道,7536065007369521963,"东半球最强直播间",2025-08-08 12:21:29,2025-08-08 13:22:33,61,731,503,1006,966,40,82,299,277,22,49,50.30,61874,6239,1551,4688,93,6,35,4.1300,9.9200,1.2000,391,327,64,76121,72702,3419,14,7,7,"""[{\""name\"":\""直播推荐\"",\""value\"":71062,\""ratio\"":80.9,\""ratio_str\"":\""80.90\""},{\""name\"":\""其他\"",\""value\"":9407,\""ratio\"":10.71,\""ratio_str\"":\""10.71\""},{\""name\"":\""关注\"",\""value\"":3761,\""ratio\"":4.28,\""ratio_str\"":\""4.28\""},{\""name\"":\""搜索\"",\""value\"":1719,\""ratio\"":1.96,\""ratio_str\"":\""1.96\""},{\""name\"":\""视频推荐\"",\""value\"":1043,\""ratio\"":1.19,\""ratio_str\"":\""1.19\""},{\""name\"":\""个人主页\"",\""value\"":849,\""ratio\"":0.9600000000000091,\""ratio_str\"":\""0.96\""},{\""name\"":\""商业化\"",\""value\"":3,\""ratio\"":0,\""ratio_str\"":\""0.00\""}]""","""[{\""name\"":\""直播推荐\"",\""value\"":5038,\""ratio\"":81,\""ratio_str\"":\""81.00\""},{\""name\"":\""关注\"",\""value\"":502,\""ratio\"":8.07,\""ratio_str\"":\""8.07\""},{\""name\"":\""其他\"",\""value\"":409,\""ratio\"":6.58,\""ratio_str\"":\""6.58\""},{\""name\"":\""搜索\"",\""value\"":130,\""ratio\"":2.09,\""ratio_str\"":\""2.09\""},{\""name\"":\""个人主页\"",\""value\"":129,\""ratio\"":2.07,\""ratio_str\"":\""2.07\""},{\""name\"":\""视频推荐\"",\""value\"":11,\""ratio\"":0.18,\""ratio_str\"":\""0.18\""},{\""name\"":\""商业化\"",\""value\"":1,\""ratio\"":0.010000000000009095,\""ratio_str\"":\""0.01\""}]""",709,842,0.1008,0.0149,0.0627,0.0479,0.2486,0.8363,0.9551,0.5000,0.9264,0.4571,2025-08-08 22:48:11
老桑财知道,7535800131346615086,"东半球最强直播间",2025-08-07 19:13:38,2025-08-07 20:12:48,59,711,463,2074,1956,118,279,201,165,36,69,103.70,54663,6764,1374,5390,109,3,57,3.3600,10.0900,0.9300,313,245,68,60962,56134,4828,28,23,5,"""[{\""name\"":\""直播推荐\"",\""value\"":60779,\""ratio\"":76.97,\""ratio_str\"":\""76.97\""},{\""name\"":\""其他\"",\""value\"":9261,\""ratio\"":11.73,\""ratio_str\"":\""11.73\""},{\""name\"":\""关注\"",\""value\"":3671,\""ratio\"":4.65,\""ratio_str\"":\""4.65\""},{\""name\"":\""视频推荐\"",\""value\"":2156,\""ratio\"":2.73,\""ratio_str\"":\""2.73\""},{\""name\"":\""搜索\"",\""value\"":1846,\""ratio\"":2.34,\""ratio_str\"":\""2.34\""},{\""name\"":\""个人主页\"",\""value\"":942,\""ratio\"":1.19,\""ratio_str\"":\""1.19\""},{\""name\"":\""商业化\"",\""value\"":300,\""ratio\"":0.38,\""ratio_str\"":\""0.38\""},{\""name\"":\""同城\"",\""value\"":14,\""ratio\"":0.009999999999994885,\""ratio_str\"":\""0.01\""}]""","""[{\""name\"":\""视频推荐\"",\""value\"":22,\""ratio\"":0.33,\""ratio_str\"":\""0.33\""},{\""name\"":\""个人主页\"",\""value\"":90,\""ratio\"":1.33,\""ratio_str\"":\""1.33\""},{\""name\"":\""关注\"",\""value\"":423,\""ratio\"":6.25,\""ratio_str\"":\""6.25\""},{\""name\"":\""其他\"",\""value\"":358,\""ratio\"":5.29,\""ratio_str\"":\""5.29\""},{\""name\"":\""同城\"",\""value\"":10,\""ratio\"":0.15,\""ratio_str\"":\""0.15\""},{\""name\"":\""搜索\"",\""value\"":159,\""ratio\"":2.35,\""ratio_str\"":\""2.35\""},{\""name\"":\""直播推荐\"",\""value\"":5702,\""ratio\"":84.3,\""ratio_str\"":\""84.30\""}]""",606,768,0.1237,0.0161,0.0463,0.0297,0.2031,0.7827,0.9208,0.8214,0.8209,0.4410,2025-08-07 22:51:50
戴维李,7535789743512668982,"8月黄金要向上突破了吗?",2025-08-07 18:33:29,2025-08-07 19:26:01,52,1409,1067,1377,1308,69,140,291,256,35,73,68.85,127657,26724,3096,23628,157,4,57,1.3200,6.2800,0.3700,509,400,109,62173,58172,4001,24,12,12,"""[{\""name\"":\""直播推荐\"",\""value\"":150509,\""ratio\"":85.65,\""ratio_str\"":\""85.65\""},{\""name\"":\""其他\"",\""value\"":13678,\""ratio\"":7.78,\""ratio_str\"":\""7.78\""},{\""name\"":\""关注\"",\""value\"":6481,\""ratio\"":3.69,\""ratio_str\"":\""3.69\""},{\""name\"":\""搜索\"",\""value\"":1953,\""ratio\"":1.11,\""ratio_str\"":\""1.11\""},{\""name\"":\""个人主页\"",\""value\"":1823,\""ratio\"":1.04,\""ratio_str\"":\""1.04\""},{\""name\"":\""视频推荐\"",\""value\"":1264,\""ratio\"":0.7299999999999909,\""ratio_str\"":\""0.73\""},{\""name\"":\""商业化\"",\""value\"":8,\""ratio\"":0,\""ratio_str\"":\""0.00\""},{\""name\"":\""同城\"",\""value\"":6,\""ratio\"":0,\""ratio_str\"":\""0.00\""}]""","""[{\""name\"":\""直播推荐\"",\""value\"":24233,\""ratio\"":92.18,\""ratio_str\"":\""92.18\""},{\""name\"":\""其他\"",\""value\"":843,\""ratio\"":3.21,\""ratio_str\"":\""3.21\""},{\""name\"":\""关注\"",\""value\"":759,\""ratio\"":2.89,\""ratio_str\"":\""2.89\""},{\""name\"":\""搜索\"",\""value\"":235,\""ratio\"":0.89,\""ratio_str\"":\""0.89\""},{\""name\"":\""个人主页\"",\""value\"":176,\""ratio\"":0.67,\""ratio_str\"":\""0.67\""},{\""name\"":\""视频推荐\"",\""value\"":39,\""ratio\"":0.13999999999998067,\""ratio_str\"":\""0.14\""},{\""name\"":\""商业化\"",\""value\"":3,\""ratio\"":0.01,\""ratio_str\"":\""0.01\""},{\""name\"":\""同城\"",\""value\"":2,\""ratio\"":0.01,\""ratio_str\"":\""0.01\""}]""",1182,1914,0.2093,0.0059,0.0190,0.0109,0.1159,0.7859,0.9356,0.5000,0.8797,0.3818,2025-08-07 22:47:04
老桑财知道,7535765459077991204,"东半球最强直播间",2025-08-07 16:59:06,2025-08-07 18:19:57,80,749,496,4090,3387,703,1334,405,361,44,80,204.50,92513,9186,1733,7453,144,9,68,3.5100,12.4600,0.6700,427,369,58,118013,112764,5249,11,8,3,"""[{\""name\"":\""直播推荐\"",\""value\"":105383,\""ratio\"":83.29,\""ratio_str\"":\""83.29\""},{\""name\"":\""其他\"",\""value\"":10287,\""ratio\"":8.13,\""ratio_str\"":\""8.13\""},{\""name\"":\""关注\"",\""value\"":4469,\""ratio\"":3.53,\""ratio_str\"":\""3.53\""},{\""name\"":\""视频推荐\"",\""value\"":2838,\""ratio\"":2.24,\""ratio_str\"":\""2.24\""},{\""name\"":\""搜索\"",\""value\"":1898,\""ratio\"":1.5,\""ratio_str\"":\""1.50\""},{\""name\"":\""个人主页\"",\""value\"":1275,\""ratio\"":1.01,\""ratio_str\"":\""1.01\""},{\""name\"":\""商业化\"",\""value\"":364,\""ratio\"":0.29,\""ratio_str\"":\""0.29\""},{\""name\"":\""同城\"",\""value\"":8,\""ratio\"":0.00999999999998579,\""ratio_str\"":\""0.01\""}]""","""[{\""name\"":\""直播推荐\"",\""value\"":7859,\""ratio\"":85.67,\""ratio_str\"":\""85.67\""},{\""name\"":\""关注\"",\""value\"":575,\""ratio\"":6.27,\""ratio_str\"":\""6.27\""},{\""name\"":\""其他\"",\""value\"":371,\""ratio\"":4.04,\""ratio_str\"":\""4.04\""},{\""name\"":\""个人主页\"",\""value\"":169,\""ratio\"":1.84,\""ratio_str\"":\""1.84\""},{\""name\"":\""搜索\"",\""value\"":155,\""ratio\"":1.69,\""ratio_str\"":\""1.69\""},{\""name\"":\""视频推荐\"",\""value\"":38,\""ratio\"":0.41,\""ratio_str\"":\""0.41\""},{\""name\"":\""同城\"",\""value\"":5,\""ratio\"":0.05,\""ratio_str\"":\""0.05\""},{\""name\"":\""商业化\"",\""value\"":2,\""ratio\"":0.030000000000005116,\""ratio_str\"":\""0.03\""}]""",764,969,0.0993,0.0157,0.0465,0.0441,0.1887,0.8642,0.9555,0.7273,0.8914,0.4409,2025-08-07 22:53:13
戴维李,7535691062145387327,"8月黄金要向上突破了吗?",2025-08-07 12:10:25,2025-08-07 13:22:00,71,1060,829,1131,1113,18,81,294,283,11,41,56.55,93502,17753,3510,14243,101,6,29,2.5200,7.7700,0.6200,401,326,75,40639,39769,870,42,33,9,"""[{\""name\"":\""直播推荐\"",\""value\"":111824,\""ratio\"":77.1,\""ratio_str\"":\""77.10\""},{\""name\"":\""其他\"",\""value\"":17544,\""ratio\"":12.1,\""ratio_str\"":\""12.10\""},{\""name\"":\""关注\"",\""value\"":8496,\""ratio\"":5.86,\""ratio_str\"":\""5.86\""},{\""name\"":\""搜索\"",\""value\"":3282,\""ratio\"":2.26,\""ratio_str\"":\""2.26\""},{\""name\"":\""个人主页\"",\""value\"":1968,\""ratio\"":1.36,\""ratio_str\"":\""1.36\""},{\""name\"":\""视频推荐\"",\""value\"":1909,\""ratio\"":1.32,\""ratio_str\"":\""1.32\""},{\""name\"":\""商业化\"",\""value\"":10,\""ratio\"":9.0951551845464e-15,\""ratio_str\"":\""0.00\""},{\""name\"":\""同城\"",\""value\"":5,\""ratio\"":0,\""ratio_str\"":\""0.00\""}]""","""[{\""name\"":\""搜索\"",\""value\"":337,\""ratio\"":1.91,\""ratio_str\"":\""1.91\""},{\""name\"":\""直播推荐\"",\""value\"":15362,\""ratio\"":87.2,\""ratio_str\"":\""87.20\""},{\""name\"":\""视频推荐\"",\""value\"":48,\""ratio\"":0.27,\""ratio_str\"":\""0.27\""},{\""name\"":\""个人主页\"",\""value\"":189,\""ratio\"":1.07,\""ratio_str\"":\""1.07\""},{\""name\"":\""关注\"",\""value\"":921,\""ratio\"":5.23,\""ratio_str\"":\""5.23\""},{\""name\"":\""其他\"",\""value\"":759,\""ratio\"":4.31,\""ratio_str\"":\""4.31\""},{\""name\"":\""商业化\"",\""value\"":1,\""ratio\"":0.01,\""ratio_str\"":\""0.01\""}]""",1141,2369,0.1899,0.0057,0.0226,0.0166,0.1977,0.8130,0.9786,0.7857,0.9626,0.3251,2025-08-07 22:47:48
老桑财知道,7535431960307583795,"东半球最强直播间",2025-08-06 19:25:00,2025-08-06 20:20:15,55,861,652,1058,1043,15,172,264,257,7,84,52.90,79055,15332,1666,13666,154,4,76,1.5900,9.4900,0.3800,427,388,39,70267,69655,612,28,18,10,"""[{\""name\"":\""商业化\"",\""value\"":6,\""ratio\"":0.01,\""ratio_str\"":\""0.01\""},{\""name\"":\""搜索\"",\""value\"":2011,\""ratio\"":1.89,\""ratio_str\"":\""1.89\""},{\""name\"":\""直播推荐\"",\""value\"":90411,\""ratio\"":84.8,\""ratio_str\"":\""84.80\""},{\""name\"":\""视频推荐\"",\""value\"":1898,\""ratio\"":1.78,\""ratio_str\"":\""1.78\""},{\""name\"":\""个人主页\"",\""value\"":1002,\""ratio\"":0.94,\""ratio_str\"":\""0.94\""},{\""name\"":\""关注\"",\""value\"":3534,\""ratio\"":3.31,\""ratio_str\"":\""3.31\""},{\""name\"":\""其他\"",\""value\"":7752,\""ratio\"":7.27,\""ratio_str\"":\""7.27\""}]""","""[{\""name\"":\""个人主页\"",\""value\"":114,\""ratio\"":0.75,\""ratio_str\"":\""0.75\""},{\""name\"":\""关注\"",\""value\"":479,\""ratio\"":3.17,\""ratio_str\"":\""3.17\""},{\""name\"":\""其他\"",\""value\"":400,\""ratio\"":2.65,\""ratio_str\"":\""2.65\""},{\""name\"":\""商业化\"",\""value\"":4,\""ratio\"":0.03,\""ratio_str\"":\""0.03\""},{\""name\"":\""搜索\"",\""value\"":134,\""ratio\"":0.89,\""ratio_str\"":\""0.89\""},{\""name\"":\""直播推荐\"",\""value\"":13960,\""ratio\"":92.45,\""ratio_str\"":\""92.45\""},{\""name\"":\""视频推荐\"",\""value\"":9,\""ratio\"":0.06,\""ratio_str\"":\""0.06\""}]""",678,988,0.1939,0.0100,0.0279,0.0172,0.1087,0.9087,0.9913,0.6429,0.9735,0.4070,2025-08-07 22:54:35
戴维李,7535413699466185535,"8月黄金要向上突破了吗?",2025-08-06 18:14:13,2025-08-06 19:27:41,73,1148,854,1625,1517,108,202,317,279,38,88,81.25,92495,14868,4009,10859,143,5,73,3.3500,7.5100,0.8000,606,495,111,54949,53267,1682,51,43,8,"""[{\""name\"":\""直播推荐\"",\""value\"":115157,\""ratio\"":76.55,\""ratio_str\"":\""76.55\""},{\""name\"":\""其他\"",\""value\"":20278,\""ratio\"":13.48,\""ratio_str\"":\""13.48\""},{\""name\"":\""关注\"",\""value\"":8696,\""ratio\"":5.78,\""ratio_str\"":\""5.78\""},{\""name\"":\""搜索\"",\""value\"":2613,\""ratio\"":1.74,\""ratio_str\"":\""1.74\""},{\""name\"":\""个人主页\"",\""value\"":2190,\""ratio\"":1.46,\""ratio_str\"":\""1.46\""},{\""name\"":\""视频推荐\"",\""value\"":1484,\""ratio\"":0.970000000000004,\""ratio_str\"":\""0.97\""},{\""name\"":\""同城\"",\""value\"":15,\""ratio\"":0.01,\""ratio_str\"":\""0.01\""},{\""name\"":\""商业化\"",\""value\"":8,\""ratio\"":0.01,\""ratio_str\"":\""0.01\""}]""","""[{\""name\"":\""直播推荐\"",\""value\"":12376,\""ratio\"":82.8,\""ratio_str\"":\""82.80\""},{\""name\"":\""其他\"",\""value\"":1152,\""ratio\"":7.71,\""ratio_str\"":\""7.71\""},{\""name\"":\""关注\"",\""value\"":977,\""ratio\"":6.54,\""ratio_str\"":\""6.54\""},{\""name\"":\""搜索\"",\""value\"":222,\""ratio\"":1.49,\""ratio_str\"":\""1.49\""},{\""name\"":\""个人主页\"",\""value\"":181,\""ratio\"":1.21,\""ratio_str\"":\""1.21\""},{\""name\"":\""视频推荐\"",\""value\"":34,\""ratio\"":0.23,\""ratio_str\"":\""0.23\""},{\""name\"":\""同城\"",\""value\"":3,\""ratio\"":0.02,\""ratio_str\"":\""0.02\""},{\""name\"":\""商业化\"",\""value\"":1,\""ratio\"":9.0951551845464e-15,\""ratio_str\"":\""0.00\""}]""",1486,2523,0.1607,0.0096,0.0408,0.0213,0.2696,0.8168,0.9694,0.8431,0.8801,0.3707,2025-08-06 22:41:54
老桑财知道,7535388054778120969,"东半球最强直播间",2025-08-06 16:34:29,2025-08-06 17:42:08,67,617,432,2381,2376,5,78,360,358,2,38,119.05,31629,5144,1754,3390,76,6,30,4.9100,10.5800,0.7200,386,371,15,84514,83766,748,10,10,0,"""[{\""name\"":\""直播推荐\"",\""value\"":34667,\""ratio\"":67.23,\""ratio_str\"":\""67.23\""},{\""name\"":\""其他\"",\""value\"":8816,\""ratio\"":17.1,\""ratio_str\"":\""17.10\""},{\""name\"":\""关注\"",\""value\"":3514,\""ratio\"":6.81,\""ratio_str\"":\""6.81\""},{\""name\"":\""视频推荐\"",\""value\"":2149,\""ratio\"":4.17,\""ratio_str\"":\""4.17\""},{\""name\"":\""搜索\"",\""value\"":1473,\""ratio\"":2.86,\""ratio_str\"":\""2.86\""},{\""name\"":\""个人主页\"",\""value\"":942,\""ratio\"":1.819999999999995,\""ratio_str\"":\""1.82\""},{\""name\"":\""商业化\"",\""value\"":4,\""ratio\"":0.01,\""ratio_str\"":\""0.01\""},{\""name\"":\""同城\"",\""value\"":1,\""ratio\"":0,\""ratio_str\"":\""0.00\""}]""","""[{\""name\"":\""直播推荐\"",\""value\"":3966,\""ratio\"":75.51,\""ratio_str\"":\""75.51\""},{\""name\"":\""其他\"",\""value\"":559,\""ratio\"":10.64,\""ratio_str\"":\""10.64\""},{\""name\"":\""关注\"",\""value\"":496,\""ratio\"":9.44,\""ratio_str\"":\""9.44\""},{\""name\"":\""个人主页\"",\""value\"":125,\""ratio\"":2.38,\""ratio_str\"":\""2.38\""},{\""name\"":\""搜索\"",\""value\"":92,\""ratio\"":1.75,\""ratio_str\"":\""1.75\""},{\""name\"":\""视频推荐\"",\""value\"":13,\""ratio\"":0.25,\""ratio_str\"":\""0.25\""},{\""name\"":\""商业化\"",\""value\"":1,\""ratio\"":0.030000000000005116,\""ratio_str\"":\""0.03\""}]""",878,876,0.1626,0.0148,0.0750,0.0700,0.3410,0.9611,0.9911,1.0000,0.9944,0.5006,2025-08-07 22:55:59
戴维李,7535325861805902633,"8月黄金要向上突破了吗?",2025-08-06 12:33:20,2025-08-06 13:34:59,61,1116,890,950,906,44,61,233,214,19,36,47.50,96979,14976,3263,11713,146,5,26,2.8300,7.2900,0.9700,473,369,104,40819,38988,1831,41,32,9,"""[{\""name\"":\""直播推荐\"",\""value\"":113735,\""ratio\"":80.23,\""ratio_str\"":\""80.23\""},{\""name\"":\""其他\"",\""value\"":15256,\""ratio\"":10.76,\""ratio_str\"":\""10.76\""},{\""name\"":\""关注\"",\""value\"":7361,\""ratio\"":5.19,\""ratio_str\"":\""5.19\""},{\""name\"":\""搜索\"",\""value\"":1975,\""ratio\"":1.39,\""ratio_str\"":\""1.39\""},{\""name\"":\""个人主页\"",\""value\"":1764,\""ratio\"":1.24,\""ratio_str\"":\""1.24\""},{\""name\"":\""视频推荐\"",\""value\"":1649,\""ratio\"":1.16,\""ratio_str\"":\""1.16\""},{\""name\"":\""同城\"",\""value\"":12,\""ratio\"":0.01,\""ratio_str\"":\""0.01\""},{\""name\"":\""商业化\"",\""value\"":8,\""ratio\"":0.019999999999990907,\""ratio_str\"":\""0.02\""}]""","""[{\""name\"":\""商业化\"",\""value\"":2,\""ratio\"":0.01,\""ratio_str\"":\""0.01\""},{\""name\"":\""搜索\"",\""value\"":175,\""ratio\"":1.17,\""ratio_str\"":\""1.17\""},{\""name\"":\""直播推荐\"",\""value\"":12973,\""ratio\"":86.92,\""ratio_str\"":\""86.92\""},{\""name\"":\""视频推荐\"",\""value\"":41,\""ratio\"":0.27,\""ratio_str\"":\""0.27\""},{\""name\"":\""个人主页\"",\""value\"":156,\""ratio\"":1.05,\""ratio_str\"":\""1.05\""},{\""name\"":\""关注\"",\""value\"":858,\""ratio\"":5.75,\""ratio_str\"":\""5.75\""},{\""name\"":\""其他\"",\""value\"":713,\""ratio\"":4.78,\""ratio_str\"":\""4.78\""},{\""name\"":\""同城\"",\""value\"":7,\""ratio\"":0.05,\""ratio_str\"":\""0.05\""}]""",1065,2198,0.1544,0.0097,0.0316,0.0156,0.2179,0.7801,0.9551,0.7805,0.9185,0.3264,2025-08-06 22:42:38
戴维李,7535032860957231911,"8月黄金要向上突破了吗?",2025-08-05 17:36:13,2025-08-05 19:05:32,89,1577,1004,2639,2312,327,482,483,419,64,153,131.95,210109,27949,4435,23514,246,14,119,2.3500,8.6300,0.6300,728,547,181,106344,103280,3064,83,73,10,"""[{\""name\"":\""直播推荐\"",\""value\"":251170,\""ratio\"":84.1,\""ratio_str\"":\""84.10\""},{\""name\"":\""其他\"",\""value\"":27250,\""ratio\"":9.12,\""ratio_str\"":\""9.12\""},{\""name\"":\""关注\"",\""value\"":10541,\""ratio\"":3.53,\""ratio_str\"":\""3.53\""},{\""name\"":\""搜索\"",\""value\"":3510,\""ratio\"":1.18,\""ratio_str\"":\""1.18\""},{\""name\"":\""个人主页\"",\""value\"":3178,\""ratio\"":1.06,\""ratio_str\"":\""1.06\""},{\""name\"":\""视频推荐\"",\""value\"":2963,\""ratio\"":0.99,\""ratio_str\"":\""0.99\""},{\""name\"":\""同城\"",\""value\"":37,\""ratio\"":0.019999999999990907,\""ratio_str\"":\""0.02\""},{\""name\"":\""商业化\"",\""value\"":8,\""ratio\"":0,\""ratio_str\"":\""0.00\""}]""","""[{\""name\"":\""关注\"",\""value\"":1192,\""ratio\"":4.31,\""ratio_str\"":\""4.31\""},{\""name\"":\""其他\"",\""value\"":1112,\""ratio\"":4.02,\""ratio_str\"":\""4.02\""},{\""name\"":\""同城\"",\""value\"":24,\""ratio\"":0.09,\""ratio_str\"":\""0.09\""},{\""name\"":\""商业化\"",\""value\"":1,\""ratio\"":0,\""ratio_str\"":\""0.00\""},{\""name\"":\""搜索\"",\""value\"":335,\""ratio\"":1.21,\""ratio_str\"":\""1.21\""},{\""name\"":\""直播推荐\"",\""value\"":24716,\""ratio\"":89.3,\""ratio_str\"":\""89.30\""},{\""name\"":\""视频推荐\"",\""value\"":47,\""ratio\"":0.17,\""ratio_str\"":\""0.17\""},{\""name\"":\""个人主页\"",\""value\"":250,\""ratio\"":0.9,\""ratio_str\"":\""0.90\""}]""",1377,3058,0.1330,0.0088,0.0260,0.0173,0.1587,0.7514,0.9712,0.8795,0.8675,0.3105,2025-08-05 22:42:15
戴维李,7534959185394420499,"8月黄金要向上突破了吗?",2025-08-05 12:50:17,2025-08-05 14:00:13,69,2634,1693,1381,1203,178,287,398,344,54,115,69.05,326523,66551,3749,62802,300,17,76,0.9700,7.3600,0.4000,672,476,196,102369,92623,9746,62,34,28,"""[{\""name\"":\""直播推荐\"",\""value\"":389746,\""ratio\"":91.61,\""ratio_str\"":\""91.61\""},{\""name\"":\""其他\"",\""value\"":16343,\""ratio\"":3.84,\""ratio_str\"":\""3.84\""},{\""name\"":\""关注\"",\""value\"":8868,\""ratio\"":2.08,\""ratio_str\"":\""2.08\""},{\""name\"":\""搜索\"",\""value\"":4155,\""ratio\"":0.98,\""ratio_str\"":\""0.98\""},{\""name\"":\""个人主页\"",\""value\"":3456,\""ratio\"":0.81,\""ratio_str\"":\""0.81\""},{\""name\"":\""视频推荐\"",\""value\"":2830,\""ratio\"":0.67,\""ratio_str\"":\""0.67\""},{\""name\"":\""同城\"",\""value\"":27,\""ratio\"":0.00999999999998579,\""ratio_str\"":\""0.01\""},{\""name\"":\""商业化\"",\""value\"":10,\""ratio\"":0,\""ratio_str\"":\""0.00\""}]""","""[{\""name\"":\""商业化\"",\""value\"":2,\""ratio\"":0,\""ratio_str\"":\""0.00\""},{\""name\"":\""搜索\"",\""value\"":390,\""ratio\"":0.6,\""ratio_str\"":\""0.60\""},{\""name\"":\""直播推荐\"",\""value\"":62793,\""ratio\"":96.13,\""ratio_str\"":\""96.13\""},{\""name\"":\""视频推荐\"",\""value\"":48,\""ratio\"":0.07,\""ratio_str\"":\""0.07\""},{\""name\"":\""个人主页\"",\""value\"":189,\""ratio\"":0.29,\""ratio_str\"":\""0.29\""},{\""name\"":\""关注\"",\""value\"":1009,\""ratio\"":1.54,\""ratio_str\"":\""1.54\""},{\""name\"":\""其他\"",\""value\"":886,\""ratio\"":1.36,\""ratio_str\"":\""1.36\""},{\""name\"":\""同城\"",\""value\"":7,\""ratio\"":0.01,\""ratio_str\"":\""0.01\""}]""",1093,2656,0.2038,0.0045,0.0101,0.0060,0.0563,0.7083,0.9048,0.5484,0.8643,0.2915,2025-08-05 22:43:00
老桑财知道,7534721119547443987,"东半球最强直播间",2025-08-04 21:26:24,2025-08-04 22:44:14,77,822,514,9908,9876,32,2529,475,467,8,68,495.40,37726,8007,2259,5748,65,13,50,4.1300,9.2000,0.0900,360,333,27,121613,120577,1036,25,21,4,"""[{\""name\"":\""直播推荐\"",\""value\"":31418,\""ratio\"":48.63,\""ratio_str\"":\""48.63\""},{\""name\"":\""其他\"",\""value\"":11983,\""ratio\"":18.55,\""ratio_str\"":\""18.55\""},{\""name\"":\""视频推荐\"",\""value\"":11050,\""ratio\"":17.1,\""ratio_str\"":\""17.10\""},{\""name\"":\""关注\"",\""value\"":5576,\""ratio\"":8.63,\""ratio_str\"":\""8.63\""},{\""name\"":\""搜索\"",\""value\"":2120,\""ratio\"":3.28,\""ratio_str\"":\""3.28\""},{\""name\"":\""个人主页\"",\""value\"":1413,\""ratio\"":2.19,\""ratio_str\"":\""2.19\""},{\""name\"":\""商业化\"",\""value\"":1034,\""ratio\"":1.6,\""ratio_str\"":\""1.60\""},{\""name\"":\""同城\"",\""value\"":7,\""ratio\"":0.020000000000005118,\""ratio_str\"":\""0.02\""}]""","""[{\""name\"":\""直播推荐\"",\""value\"":6568,\""ratio\"":81.56,\""ratio_str\"":\""81.56\""},{\""name\"":\""关注\"",\""value\"":735,\""ratio\"":9.13,\""ratio_str\"":\""9.13\""},{\""name\"":\""其他\"",\""value\"":429,\""ratio\"":5.33,\""ratio_str\"":\""5.33\""},{\""name\"":\""个人主页\"",\""value\"":170,\""ratio\"":2.11,\""ratio_str\"":\""2.11\""},{\""name\"":\""搜索\"",\""value\"":96,\""ratio\"":1.19,\""ratio_str\"":\""1.19\""},{\""name\"":\""视频推荐\"",\""value\"":52,\""ratio\"":0.65,\""ratio_str\"":\""0.65\""},{\""name\"":\""商业化\"",\""value\"":3,\""ratio\"":0.029999999999994885,\""ratio_str\"":\""0.03\""}]""",945,1314,0.2122,0.0081,0.0450,0.0593,0.2821,0.9250,0.9915,0.8400,0.9832,0.4183,2025-08-04 22:46:52
戴维李,7534635422732094258,"8月黄金要向上突破了吗?",2025-08-04 15:54:05,2025-08-04 17:21:34,87,1929,1173,1284,1057,227,367,467,374,93,170,64.20,309159,36881,4281,32600,356,10,129,1.9400,8.2800,0.7200,815,523,292,105637,90671,14966,59,32,27,"""[{\""name\"":\""直播推荐\"",\""value\"":387749,\""ratio\"":90.62,\""ratio_str\"":\""90.62\""},{\""name\"":\""其他\"",\""value\"":21500,\""ratio\"":5.02,\""ratio_str\"":\""5.02\""},{\""name\"":\""关注\"",\""value\"":10469,\""ratio\"":2.45,\""ratio_str\"":\""2.45\""},{\""name\"":\""个人主页\"",\""value\"":3402,\""ratio\"":0.8,\""ratio_str\"":\""0.80\""},{\""name\"":\""视频推荐\"",\""value\"":3001,\""ratio\"":0.7,\""ratio_str\"":\""0.70\""},{\""name\"":\""搜索\"",\""value\"":1712,\""ratio\"":0.4099999999999909,\""ratio_str\"":\""0.41\""},{\""name\"":\""同城\"",\""value\"":19,\""ratio\"":0,\""ratio_str\"":\""0.00\""},{\""name\"":\""商业化\"",\""value\"":11,\""ratio\"":0,\""ratio_str\"":\""0.00\""}]""","""[{\""name\"":\""直播推荐\"",\""value\"":33830,\""ratio\"":92.18,\""ratio_str\"":\""92.18\""},{\""name\"":\""其他\"",\""value\"":1251,\""ratio\"":3.41,\""ratio_str\"":\""3.41\""},{\""name\"":\""关注\"",\""value\"":1184,\""ratio\"":3.23,\""ratio_str\"":\""3.23\""},{\""name\"":\""个人主页\"",\""value\"":219,\""ratio\"":0.6,\""ratio_str\"":\""0.60\""},{\""name\"":\""搜索\"",\""value\"":135,\""ratio\"":0.37,\""ratio_str\"":\""0.37\""},{\""name\"":\""视频推荐\"",\""value\"":57,\""ratio\"":0.16,\""ratio_str\"":\""0.16\""},{\""name\"":\""同城\"",\""value\"":16,\""ratio\"":0.04,\""ratio_str\"":\""0.04\""},{\""name\"":\""商业化\"",\""value\"":9,\""ratio\"":0.009999999999994885,\""ratio_str\"":\""0.01\""}]""",1219,3062,0.1193,0.0097,0.0221,0.0127,0.1161,0.6417,0.8583,0.5424,0.8009,0.2847,2025-08-04 22:41:59
戴维李,7534559009685408539,"8月黄金要向上突破了吗?",2025-08-04 10:57:37,2025-08-04 12:22:54,85,1444,1050,1465,1338,127,310,544,476,68,147,73.20,219455,27397,4371,23026,348,9,118,2.4200,7.7600,0.9100,740,506,234,102550,92186,10364,57,33,24,"""[{\""name\"":\""搜索\"",\""value\"":3492,\""ratio\"":1.12,\""ratio_str\"":\""1.12\""},{\""name\"":\""直播推荐\"",\""value\"":273042,\""ratio\"":87.38,\""ratio_str\"":\""87.38\""},{\""name\"":\""视频推荐\"",\""value\"":2906,\""ratio\"":0.93,\""ratio_str\"":\""0.93\""},{\""name\"":\""个人主页\"",\""value\"":3078,\""ratio\"":0.98,\""ratio_str\"":\""0.98\""},{\""name\"":\""关注\"",\""value\"":10124,\""ratio\"":3.24,\""ratio_str\"":\""3.24\""},{\""name\"":\""其他\"",\""value\"":19828,\""ratio\"":6.35,\""ratio_str\"":\""6.35\""},{\""name\"":\""同城\"",\""value\"":10,\""ratio\"":0,\""ratio_str\"":\""0.00\""},{\""name\"":\""商业化\"",\""value\"":11,\""ratio\"":0,\""ratio_str\"":\""0.00\""}]""","""[{\""name\"":\""直播推荐\"",\""value\"":24504,\""ratio\"":89.5,\""ratio_str\"":\""89.50\""},{\""name\"":\""关注\"",\""value\"":1192,\""ratio\"":4.35,\""ratio_str\"":\""4.35\""},{\""name\"":\""其他\"",\""value\"":1043,\""ratio\"":3.81,\""ratio_str\"":\""3.81\""},{\""name\"":\""搜索\"",\""value\"":354,\""ratio\"":1.29,\""ratio_str\"":\""1.29\""},{\""name\"":\""个人主页\"",\""value\"":220,\""ratio\"":0.8,\""ratio_str\"":\""0.80\""},{\""name\"":\""视频推荐\"",\""value\"":64,\""ratio\"":0.23,\""ratio_str\"":\""0.23\""},{\""name\"":\""商业化\"",\""value\"":3,\""ratio\"":0.020000000000005118,\""ratio_str\"":\""0.02\""}]""",1238,3133,0.1248,0.0127,0.0270,0.0199,0.1595,0.6838,0.8989,0.5789,0.8750,0.2832,2025-08-04 22:42:39
老桑财知道,7534312400007285543,"东半球最强直播间",2025-08-03 19:00:12,2025-08-03 19:58:23,58,668,407,1306,1264,42,75,252,240,12,36,65.30,19845,4129,1485,2644,79,4,27,4.9200,9.7400,1.2100,215,191,24,31907,31714,193,13,5,8,"""[{\""name\"":\""直播推荐\"",\""value\"":19923,\""ratio\"":57.46,\""ratio_str\"":\""57.46\""},{\""name\"":\""其他\"",\""value\"":7140,\""ratio\"":20.59,\""ratio_str\"":\""20.59\""},{\""name\"":\""关注\"",\""value\"":3078,\""ratio\"":8.88,\""ratio_str\"":\""8.88\""},{\""name\"":\""视频推荐\"",\""value\"":2240,\""ratio\"":6.46,\""ratio_str\"":\""6.46\""},{\""name\"":\""搜索\"",\""value\"":1402,\""ratio\"":4.04,\""ratio_str\"":\""4.04\""},{\""name\"":\""个人主页\"",\""value\"":865,\""ratio\"":2.49,\""ratio_str\"":\""2.49\""},{\""name\"":\""同城\"",\""value\"":22,\""ratio\"":0.06,\""ratio_str\"":\""0.06\""},{\""name\"":\""商业化\"",\""value\"":2,\""ratio\"":0.020000000000005118,\""ratio_str\"":\""0.02\""}]""","""[{\""name\"":\""直播推荐\"",\""value\"":3327,\""ratio\"":79.12,\""ratio_str\"":\""79.12\""},{\""name\"":\""视频推荐\"",\""value\"":15,\""ratio\"":0.36,\""ratio_str\"":\""0.36\""},{\""name\"":\""个人主页\"",\""value\"":85,\""ratio\"":2.02,\""ratio_str\"":\""2.02\""},{\""name\"":\""关注\"",\""value\"":427,\""ratio\"":10.15,\""ratio_str\"":\""10.15\""},{\""name\"":\""其他\"",\""value\"":325,\""ratio\"":7.73,\""ratio_str\"":\""7.73\""},{\""name\"":\""同城\"",\""value\"":2,\""ratio\"":0.05,\""ratio_str\"":\""0.05\""},{\""name\"":\""搜索\"",\""value\"":24,\""ratio\"":0.57,\""ratio_str\"":\""0.57\""}]""",610,875,0.2081,0.0191,0.0521,0.0610,0.3597,0.8884,0.9940,0.3846,0.9524,0.4108,2025-08-03 22:53:01
老桑财知道,7533526100199213870,"东半球最强直播间",2025-08-01 16:09:09,2025-08-01 17:24:37,75,752,524,2773,2636,137,215,368,338,30,70,138.65,54506,8479,1878,6601,97,6,59,3.8100,11.5400,0.7200,461,393,68,91941,91102,839,16,12,4,"""[{\""name\"":\""直播推荐\"",\""value\"":53286,\""ratio\"":65.44,\""ratio_str\"":\""65.44\""},{\""name\"":\""其他\"",\""value\"":10236,\""ratio\"":12.57,\""ratio_str\"":\""12.57\""},{\""name\"":\""视频推荐\"",\""value\"":7970,\""ratio\"":9.79,\""ratio_str\"":\""9.79\""},{\""name\"":\""关注\"",\""value\"":4490,\""ratio\"":5.51,\""ratio_str\"":\""5.51\""},{\""name\"":\""搜索\"",\""value\"":4195,\""ratio\"":5.15,\""ratio_str\"":\""5.15\""},{\""name\"":\""个人主页\"",\""value\"":1232,\""ratio\"":1.51,\""ratio_str\"":\""1.51\""},{\""name\"":\""商业化\"",\""value\"":12,\""ratio\"":0.030000000000010234,\""ratio_str\"":\""0.03\""},{\""name\"":\""同城\"",\""value\"":2,\""ratio\"":0,\""ratio_str\"":\""0.00\""}]""","""[{\""name\"":\""直播推荐\"",\""value\"":7117,\""ratio\"":83.53,\""ratio_str\"":\""83.53\""},{\""name\"":\""关注\"",\""value\"":634,\""ratio\"":7.44,\""ratio_str\"":\""7.44\""},{\""name\"":\""其他\"",\""value\"":422,\""ratio\"":4.95,\""ratio_str\"":\""4.95\""},{\""name\"":\""搜索\"",\""value\"":153,\""ratio\"":1.8,\""ratio_str\"":\""1.80\""},{\""name\"":\""个人主页\"",\""value\"":143,\""ratio\"":1.68,\""ratio_str\"":\""1.68\""},{\""name\"":\""视频推荐\"",\""value\"":49,\""ratio\"":0.58,\""ratio_str\"":\""0.58\""},{\""name\"":\""商业化\"",\""value\"":2,\""ratio\"":0.01999999999998579,\""ratio_str\"":\""0.02\""}]""",788,1090,0.1556,0.0114,0.0544,0.0434,0.2215,0.8525,0.9909,0.7500,0.9185,0.4196,2025-08-01 22:48:43
老桑财知道,7533167421864053546,"东半球最强直播间",2025-07-31 16:57:15,2025-07-31 17:53:12,55,1279,777,3455,3242,213,260,351,313,38,63,172.75,117958,19886,1636,18250,131,6,45,1.3800,9.5500,0.3800,440,354,86,77424,73853,3571,14,7,7,"""[{\""name\"":\""直播推荐\"",\""value\"":130844,\""ratio\"":86.92,\""ratio_str\"":\""86.92\""},{\""name\"":\""其他\"",\""value\"":8796,\""ratio\"":5.84,\""ratio_str\"":\""5.84\""},{\""name\"":\""关注\"",\""value\"":3376,\""ratio\"":2.24,\""ratio_str\"":\""2.24\""},{\""name\"":\""搜索\"",\""value\"":3258,\""ratio\"":2.16,\""ratio_str\"":\""2.16\""},{\""name\"":\""视频推荐\"",\""value\"":3150,\""ratio\"":2.09,\""ratio_str\"":\""2.09\""},{\""name\"":\""个人主页\"",\""value\"":1110,\""ratio\"":0.7499999999999909,\""ratio_str\"":\""0.75\""},{\""name\"":\""商业化\"",\""value\"":4,\""ratio\"":0,\""ratio_str\"":\""0.00\""},{\""name\"":\""同城\"",\""value\"":2,\""ratio\"":0,\""ratio_str\"":\""0.00\""}]""","""[{\""name\"":\""直播推荐\"",\""value\"":17909,\""ratio\"":93.09,\""ratio_str\"":\""93.09\""},{\""name\"":\""其他\"",\""value\"":582,\""ratio\"":3.03,\""ratio_str\"":\""3.03\""},{\""name\"":\""关注\"",\""value\"":455,\""ratio\"":2.36,\""ratio_str\"":\""2.36\""},{\""name\"":\""搜索\"",\""value\"":151,\""ratio\"":0.78,\""ratio_str\"":\""0.78\""},{\""name\"":\""个人主页\"",\""value\"":119,\""ratio\"":0.62,\""ratio_str\"":\""0.62\""},{\""name\"":\""视频推荐\"",\""value\"":22,\""ratio\"":0.11,\""ratio_str\"":\""0.11\""},{\""name\"":\""商业化\"",\""value\"":1,\""ratio\"":0.00999999999998579,\""ratio_str\"":\""0.01\""}]""",680,956,0.1686,0.0066,0.0221,0.0177,0.0823,0.8045,0.9539,0.5000,0.8917,0.4156,2025-07-31 22:46:40
老桑财知道,7532806415220558631,"东半球最强直播间",2025-07-30 17:36:31,2025-07-30 19:06:52,90,1242,842,3575,3505,70,130,394,364,30,58,178.75,142054,43041,2088,40953,178,7,48,0.9600,11.1200,0.2500,484,407,77,95998,89835,6163,16,10,6,"""[{\""name\"":\""直播推荐\"",\""value\"":156492,\""ratio\"":83.18,\""ratio_str\"":\""83.18\""},{\""name\"":\""其他\"",\""value\"":13563,\""ratio\"":7.21,\""ratio_str\"":\""7.21\""},{\""name\"":\""视频推荐\"",\""value\"":6055,\""ratio\"":3.22,\""ratio_str\"":\""3.22\""},{\""name\"":\""关注\"",\""value\"":5908,\""ratio\"":3.14,\""ratio_str\"":\""3.14\""},{\""name\"":\""搜索\"",\""value\"":4350,\""ratio\"":2.31,\""ratio_str\"":\""2.31\""},{\""name\"":\""个人主页\"",\""value\"":1738,\""ratio\"":0.92,\""ratio_str\"":\""0.92\""},{\""name\"":\""同城\"",\""value\"":18,\""ratio\"":0.019999999999990907,\""ratio_str\"":\""0.02\""},{\""name\"":\""商业化\"",\""value\"":4,\""ratio\"":0,\""ratio_str\"":\""0.00\""}]""","""[{\""name\"":\""其他\"",\""value\"":659,\""ratio\"":1.57,\""ratio_str\"":\""1.57\""},{\""name\"":\""同城\"",\""value\"":1,\""ratio\"":0,\""ratio_str\"":\""0.00\""},{\""name\"":\""搜索\"",\""value\"":186,\""ratio\"":0.44,\""ratio_str\"":\""0.44\""},{\""name\"":\""直播推荐\"",\""value\"":40305,\""ratio\"":95.8,\""ratio_str\"":\""95.80\""},{\""name\"":\""视频推荐\"",\""value\"":60,\""ratio\"":0.14,\""ratio_str\"":\""0.14\""},{\""name\"":\""个人主页\"",\""value\"":150,\""ratio\"":0.36,\""ratio_str\"":\""0.36\""},{\""name\"":\""关注\"",\""value\"":711,\""ratio\"":1.69,\""ratio_str\"":\""1.69\""}]""",804,1284,0.3030,0.0041,0.0112,0.0092,0.0485,0.8409,0.9358,0.6250,0.9239,0.3851,2025-07-30 22:46:36
老桑财知道,7532433988858710838,"东半球最强直播间",2025-07-29 17:31:20,2025-07-29 19:12:41,101,1332,768,4051,4029,22,346,490,478,12,120,202.55,198699,27149,2595,24554,223,5,85,2.0500,13.4200,0.4500,614,552,62,135112,133429,1683,95,86,9,"""[{\""name\"":\""搜索\"",\""value\"":13759,\""ratio\"":5.19,\""ratio_str\"":\""5.19\""},{\""name\"":\""直播推荐\"",\""value\"":175696,\""ratio\"":66.27,\""ratio_str\"":\""66.27\""},{\""name\"":\""视频推荐\"",\""value\"":44174,\""ratio\"":16.66,\""ratio_str\"":\""16.66\""},{\""name\"":\""个人主页\"",\""value\"":2368,\""ratio\"":0.89,\""ratio_str\"":\""0.89\""},{\""name\"":\""关注\"",\""value\"":6295,\""ratio\"":2.37,\""ratio_str\"":\""2.37\""},{\""name\"":\""其他\"",\""value\"":22811,\""ratio\"":8.6,\""ratio_str\"":\""8.60\""},{\""name\"":\""同城\"",\""value\"":15,\""ratio\"":0.01,\""ratio_str\"":\""0.01\""},{\""name\"":\""商业化\"",\""value\"":18,\""ratio\"":0.01,\""ratio_str\"":\""0.01\""}]""","""[{\""name\"":\""视频推荐\"",\""value\"":260,\""ratio\"":0.97,\""ratio_str\"":\""0.97\""},{\""name\"":\""个人主页\"",\""value\"":178,\""ratio\"":0.66,\""ratio_str\"":\""0.66\""},{\""name\"":\""关注\"",\""value\"":753,\""ratio\"":2.8,\""ratio_str\"":\""2.80\""},{\""name\"":\""其他\"",\""value\"":674,\""ratio\"":2.5,\""ratio_str\"":\""2.50\""},{\""name\"":\""同城\"",\""value\"":1,\""ratio\"":0,\""ratio_str\"":\""0.00\""},{\""name\"":\""商业化\"",\""value\"":2,\""ratio\"":0.01,\""ratio_str\"":\""0.01\""},{\""name\"":\""搜索\"",\""value\"":243,\""ratio\"":0.9,\""ratio_str\"":\""0.90\""},{\""name\"":\""直播推荐\"",\""value\"":24801,\""ratio\"":92.16,\""ratio_str\"":\""92.16\""}]""",942,1653,0.1366,0.0082,0.0226,0.0180,0.0956,0.8990,0.9875,0.9053,0.9755,0.3630,2025-07-30 14:11:51
老桑财知道,7532106773898349351,"东半球最强直播间",2025-07-28 20:21:28,2025-07-28 21:33:20,71,1382,720,1505,1449,56,748,205,184,21,56,75.25,377324,27844,1860,25984,150,10,41,1.1100,8.4200,0.3700,420,335,85,70061,67757,2304,30,23,7,"""[{\""name\"":\""视频推荐\"",\""value\"":348518,\""ratio\"":76.87,\""ratio_str\"":\""76.87\""},{\""name\"":\""直播推荐\"",\""value\"":78771,\""ratio\"":17.37,\""ratio_str\"":\""17.37\""},{\""name\"":\""其他\"",\""value\"":13355,\""ratio\"":2.95,\""ratio_str\"":\""2.95\""},{\""name\"":\""搜索\"",\""value\"":5383,\""ratio\"":1.19,\""ratio_str\"":\""1.19\""},{\""name\"":\""关注\"",\""value\"":5078,\""ratio\"":1.12,\""ratio_str\"":\""1.12\""},{\""name\"":\""个人主页\"",\""value\"":2187,\""ratio\"":0.48,\""ratio_str\"":\""0.48\""},{\""name\"":\""同城\"",\""value\"":83,\""ratio\"":0.01999999999998579,\""ratio_str\"":\""0.02\""},{\""name\"":\""商业化\"",\""value\"":6,\""ratio\"":0,\""ratio_str\"":\""0.00\""}]""","""[{\""name\"":\""同城\"",\""value\"":21,\""ratio\"":0.08,\""ratio_str\"":\""0.08\""},{\""name\"":\""搜索\"",\""value\"":196,\""ratio\"":0.72,\""ratio_str\"":\""0.72\""},{\""name\"":\""直播推荐\"",\""value\"":24455,\""ratio\"":89.88,\""ratio_str\"":\""89.88\""},{\""name\"":\""视频推荐\"",\""value\"":1217,\""ratio\"":4.47,\""ratio_str\"":\""4.47\""},{\""name\"":\""个人主页\"",\""value\"":148,\""ratio\"":0.54,\""ratio_str\"":\""0.54\""},{\""name\"":\""关注\"",\""value\"":592,\""ratio\"":2.18,\""ratio_str\"":\""2.18\""},{\""name\"":\""其他\"",\""value\"":579,\""ratio\"":2.13,\""ratio_str\"":\""2.13\""}]""",718,1142,0.0738,0.0054,0.0151,0.0074,0.0668,0.7976,0.9671,0.7667,0.8976,0.3860,2025-07-28 22:46:38
老桑财知道,7532039799671245609,"东半球最强直播间",2025-07-28 16:01:32,2025-07-28 18:02:43,121,1165,678,6119,6065,54,168,500,481,19,74,305.95,109918,29149,2336,26813,109,9,55,1.9900,15.6900,0.3800,512,455,57,134882,130921,3961,56,50,6,"""[{\""name\"":\""直播推荐\"",\""value\"":127565,\""ratio\"":80.62,\""ratio_str\"":\""80.62\""},{\""name\"":\""其他\"",\""value\"":13418,\""ratio\"":8.48,\""ratio_str\"":\""8.48\""},{\""name\"":\""关注\"",\""value\"":6665,\""ratio\"":4.21,\""ratio_str\"":\""4.21\""},{\""name\"":\""视频推荐\"",\""value\"":5530,\""ratio\"":3.5,\""ratio_str\"":\""3.50\""},{\""name\"":\""搜索\"",\""value\"":3406,\""ratio\"":2.15,\""ratio_str\"":\""2.15\""},{\""name\"":\""个人主页\"",\""value\"":1611,\""ratio\"":1.02,\""ratio_str\"":\""1.02\""},{\""name\"":\""同城\"",\""value\"":20,\""ratio\"":0.019999999999990907,\""ratio_str\"":\""0.02\""},{\""name\"":\""商业化\"",\""value\"":6,\""ratio\"":0,\""ratio_str\"":\""0.00\""}]""","""[{\""name\"":\""直播推荐\"",\""value\"":26850,\""ratio\"":93.2,\""ratio_str\"":\""93.20\""},{\""name\"":\""关注\"",\""value\"":792,\""ratio\"":2.75,\""ratio_str\"":\""2.75\""},{\""name\"":\""其他\"",\""value\"":611,\""ratio\"":2.12,\""ratio_str\"":\""2.12\""},{\""name\"":\""搜索\"",\""value\"":270,\""ratio\"":0.94,\""ratio_str\"":\""0.94\""},{\""name\"":\""个人主页\"",\""value\"":202,\""ratio\"":0.7,\""ratio_str\"":\""0.70\""},{\""name\"":\""视频推荐\"",\""value\"":72,\""ratio\"":0.25,\""ratio_str\"":\""0.25\""},{\""name\"":\""同城\"",\""value\"":7,\""ratio\"":0.02,\""ratio_str\"":\""0.02\""},{\""name\"":\""商业化\"",\""value\"":4,\""ratio\"":0.019999999999990907,\""ratio_str\"":\""0.02\""}]""",949,1387,0.2652,0.0037,0.0176,0.0172,0.0801,0.8887,0.9706,0.8929,0.9620,0.4063,2025-07-28 22:47:59
戴维李,7530949486550682406,"7月黄金要向上突破了吗?",2025-07-25 17:30:38,2025-07-25 19:01:40,91,1599,991,3349,3299,50,883,318,292,26,86,167.45,148567,28563,4199,24364,166,17,53,2.3200,9.4400,0.5300,779,643,136,136412,130876,5536,56,41,15,"""[{\""name\"":\""直播推荐\"",\""value\"":180421,\""ratio\"":81.79,\""ratio_str\"":\""81.79\""},{\""name\"":\""其他\"",\""value\"":19815,\""ratio\"":8.98,\""ratio_str\"":\""8.98\""},{\""name\"":\""关注\"",\""value\"":10917,\""ratio\"":4.95,\""ratio_str\"":\""4.95\""},{\""name\"":\""视频推荐\"",\""value\"":3321,\""ratio\"":1.51,\""ratio_str\"":\""1.51\""},{\""name\"":\""个人主页\"",\""value\"":3110,\""ratio\"":1.41,\""ratio_str\"":\""1.41\""},{\""name\"":\""搜索\"",\""value\"":2991,\""ratio\"":1.3599999999999859,\""ratio_str\"":\""1.36\""},{\""name\"":\""同城\"",\""value\"":8,\""ratio\"":0,\""ratio_str\"":\""0.00\""},{\""name\"":\""商业化\"",\""value\"":7,\""ratio\"":0,\""ratio_str\"":\""0.00\""}]""","""[{\""name\"":\""直播推荐\"",\""value\"":25681,\""ratio\"":90.75,\""ratio_str\"":\""90.75\""},{\""name\"":\""关注\"",\""value\"":1155,\""ratio\"":4.08,\""ratio_str\"":\""4.08\""},{\""name\"":\""其他\"",\""value\"":875,\""ratio\"":3.09,\""ratio_str\"":\""3.09\""},{\""name\"":\""个人主页\"",\""value\"":273,\""ratio\"":0.96,\""ratio_str\"":\""0.96\""},{\""name\"":\""搜索\"",\""value\"":225,\""ratio\"":0.8,\""ratio_str\"":\""0.80\""},{\""name\"":\""视频推荐\"",\""value\"":80,\""ratio\"":0.28,\""ratio_str\"":\""0.28\""},{\""name\"":\""同城\"",\""value\"":5,\""ratio\"":0.02,\""ratio_str\"":\""0.02\""},{\""name\"":\""商业化\"",\""value\"":4,\""ratio\"":0.020000000000005118,\""ratio_str\"":\""0.02\""}]""",1299,2900,0.1923,0.0058,0.0273,0.0111,0.1470,0.8254,0.9594,0.7321,0.9182,0.3094,2025-07-25 22:41:44
老桑财知道,7530926322450058027,"东半球最强直播间",2025-07-25 16:00:42,2025-07-25 17:39:16,98,1072,645,2447,2311,136,656,389,369,20,74,122.35,59561,18125,2074,16051,96,9,55,2.6600,14.8100,0.4300,530,454,76,154126,151502,2624,56,53,3,"""[{\""name\"":\""直播推荐\"",\""value\"":71769,\""ratio\"":77.14,\""ratio_str\"":\""77.14\""},{\""name\"":\""其他\"",\""value\"":12161,\""ratio\"":13.07,\""ratio_str\"":\""13.07\""},{\""name\"":\""关注\"",\""value\"":5185,\""ratio\"":5.57,\""ratio_str\"":\""5.57\""},{\""name\"":\""个人主页\"",\""value\"":1333,\""ratio\"":1.43,\""ratio_str\"":\""1.43\""},{\""name\"":\""视频推荐\"",\""value\"":1331,\""ratio\"":1.43,\""ratio_str\"":\""1.43\""},{\""name\"":\""搜索\"",\""value\"":1240,\""ratio\"":1.33,\""ratio_str\"":\""1.33\""},{\""name\"":\""同城\"",\""value\"":10,\""ratio\"":0.01,\""ratio_str\"":\""0.01\""},{\""name\"":\""商业化\"",\""value\"":6,\""ratio\"":0.019999999999990907,\""ratio_str\"":\""0.02\""}]""","""[{\""name\"":\""个人主页\"",\""value\"":167,\""ratio\"":0.93,\""ratio_str\"":\""0.93\""},{\""name\"":\""关注\"",\""value\"":673,\""ratio\"":3.75,\""ratio_str\"":\""3.75\""},{\""name\"":\""其他\"",\""value\"":498,\""ratio\"":2.78,\""ratio_str\"":\""2.78\""},{\""name\"":\""同城\"",\""value\"":7,\""ratio\"":0.04,\""ratio_str\"":\""0.04\""},{\""name\"":\""搜索\"",\""value\"":144,\""ratio\"":0.8,\""ratio_str\"":\""0.80\""},{\""name\"":\""直播推荐\"",\""value\"":16408,\""ratio\"":91.5,\""ratio_str\"":\""91.50\""},{\""name\"":\""视频推荐\"",\""value\"":35,\""ratio\"":0.2,\""ratio_str\"":\""0.20\""}]""",874,1200,0.3043,0.0053,0.0292,0.0215,0.1144,0.8566,0.9830,0.9464,0.9486,0.4214,2025-07-25 22:46:40
戴维李,7530861954374667071,"7月黄金要向上突破了吗?",2025-07-25 11:51:10,2025-07-25 13:11:11,80,2189,1290,1779,1728,51,244,496,466,30,117,88.95,176626,45558,4285,41273,159,14,80,1.4500,9.0300,0.3700,687,567,120,126966,120003,6963,79,61,18,"""[{\""name\"":\""直播推荐\"",\""value\"":208272,\""ratio\"":84.25,\""ratio_str\"":\""84.25\""},{\""name\"":\""其他\"",\""value\"":20688,\""ratio\"":8.37,\""ratio_str\"":\""8.37\""},{\""name\"":\""关注\"",\""value\"":9794,\""ratio\"":3.96,\""ratio_str\"":\""3.96\""},{\""name\"":\""搜索\"",\""value\"":3318,\""ratio\"":1.34,\""ratio_str\"":\""1.34\""},{\""name\"":\""个人主页\"",\""value\"":2763,\""ratio\"":1.12,\""ratio_str\"":\""1.12\""},{\""name\"":\""视频推荐\"",\""value\"":2330,\""ratio\"":0.94,\""ratio_str\"":\""0.94\""},{\""name\"":\""同城\"",\""value\"":20,\""ratio\"":0.020000000000005118,\""ratio_str\"":\""0.02\""},{\""name\"":\""商业化\"",\""value\"":11,\""ratio\"":0,\""ratio_str\"":\""0.00\""}]""","""[{\""name\"":\""直播推荐\"",\""value\"":42102,\""ratio\"":93.78,\""ratio_str\"":\""93.78\""},{\""name\"":\""关注\"",\""value\"":1132,\""ratio\"":2.52,\""ratio_str\"":\""2.52\""},{\""name\"":\""其他\"",\""value\"":1057,\""ratio\"":2.35,\""ratio_str\"":\""2.35\""},{\""name\"":\""搜索\"",\""value\"":285,\""ratio\"":0.63,\""ratio_str\"":\""0.63\""},{\""name\"":\""个人主页\"",\""value\"":248,\""ratio\"":0.55,\""ratio_str\"":\""0.55\""},{\""name\"":\""视频推荐\"",\""value\"":63,\""ratio\"":0.14,\""ratio_str\"":\""0.14\""},{\""name\"":\""同城\"",\""value\"":5,\""ratio\"":0.01,\""ratio_str\"":\""0.01\""},{\""name\"":\""商业化\"",\""value\"":3,\""ratio\"":0.020000000000005118,\""ratio_str\"":\""0.02\""}]""",1368,2917,0.2579,0.0035,0.0151,0.0109,0.0941,0.8253,0.9452,0.7722,0.9395,0.3193,2025-07-25 22:42:25
戴维李,7530582039050390298,"7月黄金要向上突破了吗?",2025-07-24 17:44:50,2025-07-24 19:15:38,90,1873,1247,1965,1850,115,316,442,388,54,146,98.25,184645,41202,4997,36205,238,12,111,1.9100,8.9400,0.4900,797,602,195,104347,100420,3927,88,69,19,"""[{\""name\"":\""商业化\"",\""value\"":93,\""ratio\"":0.03,\""ratio_str\"":\""0.03\""},{\""name\"":\""搜索\"",\""value\"":4169,\""ratio\"":1.52,\""ratio_str\"":\""1.52\""},{\""name\"":\""直播推荐\"",\""value\"":228886,\""ratio\"":83.48,\""ratio_str\"":\""83.48\""},{\""name\"":\""视频推荐\"",\""value\"":3198,\""ratio\"":1.17,\""ratio_str\"":\""1.17\""},{\""name\"":\""个人主页\"",\""value\"":3902,\""ratio\"":1.42,\""ratio_str\"":\""1.42\""},{\""name\"":\""关注\"",\""value\"":11933,\""ratio\"":4.35,\""ratio_str\"":\""4.35\""},{\""name\"":\""其他\"",\""value\"":21998,\""ratio\"":8.02,\""ratio_str\"":\""8.02\""},{\""name\"":\""同城\"",\""value\"":14,\""ratio\"":0.01,\""ratio_str\"":\""0.01\""}]""","""[{\""name\"":\""直播推荐\"",\""value\"":37623,\""ratio\"":92.25,\""ratio_str\"":\""92.25\""},{\""name\"":\""关注\"",\""value\"":1354,\""ratio\"":3.32,\""ratio_str\"":\""3.32\""},{\""name\"":\""其他\"",\""value\"":961,\""ratio\"":2.36,\""ratio_str\"":\""2.36\""},{\""name\"":\""搜索\"",\""value\"":418,\""ratio\"":1.02,\""ratio_str\"":\""1.02\""},{\""name\"":\""个人主页\"",\""value\"":336,\""ratio\"":0.82,\""ratio_str\"":\""0.82\""},{\""name\"":\""视频推荐\"",\""value\"":75,\""ratio\"":0.18,\""ratio_str\"":\""0.18\""},{\""name\"":\""同城\"",\""value\"":10,\""ratio\"":0.02,\""ratio_str\"":\""0.02\""},{\""name\"":\""商业化\"",\""value\"":6,\""ratio\"":0.030000000000010234,\""ratio_str\"":\""0.03\""}]""",1420,3577,0.2231,0.0058,0.0193,0.0107,0.1213,0.7553,0.9624,0.7841,0.8778,0.2842,2025-07-24 22:41:44
老桑财知道,7530563948358224682,"东半球最强直播间",2025-07-24 16:34:33,2025-07-24 17:56:25,81,1373,653,2194,2016,178,225,277,258,19,59,109.70,78688,21171,1903,19268,99,5,46,1.7300,11.4900,0.3900,440,364,76,112810,112043,767,48,46,2,"""[{\""name\"":\""直播推荐\"",\""value\"":93183,\""ratio\"":82.82,\""ratio_str\"":\""82.82\""},{\""name\"":\""其他\"",\""value\"":10715,\""ratio\"":9.52,\""ratio_str\"":\""9.52\""},{\""name\"":\""关注\"",\""value\"":4391,\""ratio\"":3.9,\""ratio_str\"":\""3.90\""},{\""name\"":\""搜索\"",\""value\"":1784,\""ratio\"":1.59,\""ratio_str\"":\""1.59\""},{\""name\"":\""视频推荐\"",\""value\"":1419,\""ratio\"":1.26,\""ratio_str\"":\""1.26\""},{\""name\"":\""个人主页\"",\""value\"":1013,\""ratio\"":0.9,\""ratio_str\"":\""0.90\""},{\""name\"":\""商业化\"",\""value\"":8,\""ratio\"":0.00999999999998579,\""ratio_str\"":\""0.01\""},{\""name\"":\""同城\"",\""value\"":1,\""ratio\"":0,\""ratio_str\"":\""0.00\""}]""","""[{\""name\"":\""直播推荐\"",\""value\"":19348,\""ratio\"":92.6,\""ratio_str\"":\""92.60\""},{\""name\"":\""视频推荐\"",\""value\"":41,\""ratio\"":0.2,\""ratio_str\"":\""0.20\""},{\""name\"":\""个人主页\"",\""value\"":141,\""ratio\"":0.67,\""ratio_str\"":\""0.67\""},{\""name\"":\""关注\"",\""value\"":601,\""ratio\"":2.88,\""ratio_str\"":\""2.88\""},{\""name\"":\""其他\"",\""value\"":570,\""ratio\"":2.73,\""ratio_str\"":\""2.73\""},{\""name\"":\""商业化\"",\""value\"":2,\""ratio\"":0.01,\""ratio_str\"":\""0.01\""},{\""name\"":\""搜索\"",\""value\"":191,\""ratio\"":0.91,\""ratio_str\"":\""0.91\""}]""",833,1070,0.2690,0.0047,0.0208,0.0131,0.0899,0.8273,0.9932,0.9583,0.9314,0.4377,2025-07-24 22:46:38
老桑财知道,7530498598304434995,"东半球最强直播间",2025-07-24 12:20:59,2025-07-24 13:24:08,63,1643,736,1966,1803,163,548,256,227,29,78,98.30,70311,26037,1630,24407,140,1,65,1.0500,8.0700,0.4100,366,293,73,52931,51988,943,46,36,10,"""[{\""name\"":\""直播推荐\"",\""value\"":80895,\""ratio\"":82.26,\""ratio_str\"":\""82.26\""},{\""name\"":\""其他\"",\""value\"":8827,\""ratio\"":8.98,\""ratio_str\"":\""8.98\""},{\""name\"":\""关注\"",\""value\"":3785,\""ratio\"":3.85,\""ratio_str\"":\""3.85\""},{\""name\"":\""视频推荐\"",\""value\"":2037,\""ratio\"":2.07,\""ratio_str\"":\""2.07\""},{\""name\"":\""搜索\"",\""value\"":1984,\""ratio\"":2.02,\""ratio_str\"":\""2.02\""},{\""name\"":\""个人主页\"",\""value\"":807,\""ratio\"":0.8099999999999948,\""ratio_str\"":\""0.81\""},{\""name\"":\""同城\"",\""value\"":7,\""ratio\"":0.01,\""ratio_str\"":\""0.01\""},{\""name\"":\""商业化\"",\""value\"":3,\""ratio\"":0,\""ratio_str\"":\""0.00\""}]""","""[{\""name\"":\""视频推荐\"",\""value\"":35,\""ratio\"":0.14,\""ratio_str\"":\""0.14\""},{\""name\"":\""个人主页\"",\""value\"":105,\""ratio\"":0.41,\""ratio_str\"":\""0.41\""},{\""name\"":\""关注\"",\""value\"":469,\""ratio\"":1.84,\""ratio_str\"":\""1.84\""},{\""name\"":\""其他\"",\""value\"":569,\""ratio\"":2.23,\""ratio_str\"":\""2.23\""},{\""name\"":\""商业化\"",\""value\"":1,\""ratio\"":0,\""ratio_str\"":\""0.00\""},{\""name\"":\""搜索\"",\""value\"":161,\""ratio\"":0.63,\""ratio_str\"":\""0.63\""},{\""name\"":\""直播推荐\"",\""value\"":24187,\""ratio\"":94.75,\""ratio_str\"":\""94.75\""}]""",664,966,0.3703,0.0054,0.0141,0.0098,0.0626,0.8005,0.9822,0.7826,0.8867,0.4074,2025-07-24 22:48:42
戴维李,7530489252610673447,"7月黄金要向上突破了吗?",2025-07-24 11:44:42,2025-07-24 12:51:39,66,1641,1093,1263,1252,11,150,380,373,7,87,63.15,123518,24539,4157,20382,146,2,58,2.1700,7.9500,0.5000,776,688,88,114127,112543,1584,82,72,10,"""[{\""name\"":\""直播推荐\"",\""value\"":147286,\""ratio\"":80.34,\""ratio_str\"":\""80.34\""},{\""name\"":\""其他\"",\""value\"":18254,\""ratio\"":9.96,\""ratio_str\"":\""9.96\""},{\""name\"":\""关注\"",\""value\"":8976,\""ratio\"":4.9,\""ratio_str\"":\""4.90\""},{\""name\"":\""搜索\"",\""value\"":3945,\""ratio\"":2.15,\""ratio_str\"":\""2.15\""},{\""name\"":\""个人主页\"",\""value\"":2644,\""ratio\"":1.44,\""ratio_str\"":\""1.44\""},{\""name\"":\""视频推荐\"",\""value\"":2200,\""ratio\"":1.2,\""ratio_str\"":\""1.20\""},{\""name\"":\""商业化\"",\""value\"":11,\""ratio\"":0.00999999999998579,\""ratio_str\"":\""0.01\""},{\""name\"":\""同城\"",\""value\"":9,\""ratio\"":0,\""ratio_str\"":\""0.00\""}]""","""[{\""name\"":\""同城\"",\""value\"":2,\""ratio\"":0.01,\""ratio_str\"":\""0.01\""},{\""name\"":\""商业化\"",\""value\"":2,\""ratio\"":0.01,\""ratio_str\"":\""0.01\""},{\""name\"":\""搜索\"",\""value\"":366,\""ratio\"":1.5,\""ratio_str\"":\""1.50\""},{\""name\"":\""直播推荐\"",\""value\"":21743,\""ratio\"":89.1,\""ratio_str\"":\""89.10\""},{\""name\"":\""视频推荐\"",\""value\"":71,\""ratio\"":0.29,\""ratio_str\"":\""0.29\""},{\""name\"":\""个人主页\"",\""value\"":263,\""ratio\"":1.08,\""ratio_str\"":\""1.08\""},{\""name\"":\""关注\"",\""value\"":1047,\""ratio\"":4.29,\""ratio_str\"":\""4.29\""},{\""name\"":\""其他\"",\""value\"":909,\""ratio\"":3.72,\""ratio_str\"":\""3.72\""}]""",1329,2828,0.1987,0.0059,0.0316,0.0155,0.1694,0.8866,0.9861,0.8780,0.9816,0.3197,2025-07-25 10:16:43
戴维李,7530215654557747987,"7月黄金要向上突破了吗?",2025-07-23 18:02:57,2025-07-23 19:33:57,91,1682,1253,4588,4490,98,191,392,366,26,81,229.40,159200,42647,4430,38217,185,11,52,1.8300,10.4000,0.4100,782,660,122,194995,190397,4598,80,69,11,"""[{\""name\"":\""其他\"",\""value\"":23385,\""ratio\"":9.9,\""ratio_str\"":\""9.90\""},{\""name\"":\""同城\"",\""value\"":18,\""ratio\"":0.01,\""ratio_str\"":\""0.01\""},{\""name\"":\""商业化\"",\""value\"":10,\""ratio\"":0,\""ratio_str\"":\""0.00\""},{\""name\"":\""搜索\"",\""value\"":4663,\""ratio\"":1.97,\""ratio_str\"":\""1.97\""},{\""name\"":\""直播推荐\"",\""value\"":190302,\""ratio\"":80.56,\""ratio_str\"":\""80.56\""},{\""name\"":\""视频推荐\"",\""value\"":3045,\""ratio\"":1.29,\""ratio_str\"":\""1.29\""},{\""name\"":\""个人主页\"",\""value\"":3262,\""ratio\"":1.38,\""ratio_str\"":\""1.38\""},{\""name\"":\""关注\"",\""value\"":11549,\""ratio\"":4.89,\""ratio_str\"":\""4.89\""}]""","""[{\""name\"":\""直播推荐\"",\""value\"":38948,\""ratio\"":92.72,\""ratio_str\"":\""92.72\""},{\""name\"":\""关注\"",\""value\"":1250,\""ratio\"":2.98,\""ratio_str\"":\""2.98\""},{\""name\"":\""其他\"",\""value\"":1024,\""ratio\"":2.44,\""ratio_str\"":\""2.44\""},{\""name\"":\""搜索\"",\""value\"":401,\""ratio\"":0.95,\""ratio_str\"":\""0.95\""},{\""name\"":\""个人主页\"",\""value\"":290,\""ratio\"":0.69,\""ratio_str\"":\""0.69\""},{\""name\"":\""视频推荐\"",\""value\"":87,\""ratio\"":0.21,\""ratio_str\"":\""0.21\""},{\""name\"":\""同城\"",\""value\"":7,\""ratio\"":0.010000000000009095,\""ratio_str\"":\""0.01\""}]""",1431,2999,0.2679,0.0043,0.0183,0.0092,0.1039,0.8440,0.9764,0.8625,0.9337,0.3230,2025-07-23 22:43:40
老桑财知道,7530183993914608425,"东半球最强直播间",2025-07-23 16:00:05,2025-07-23 17:54:08,114,1448,841,4874,4436,438,1118,491,425,66,173,243.70,105818,41760,2393,39367,252,7,151,1.4300,14.3700,0.3400,531,426,105,135985,132097,3888,30,21,9,"""[{\""name\"":\""其他\"",\""value\"":14771,\""ratio\"":9.66,\""ratio_str\"":\""9.66\""},{\""name\"":\""同城\"",\""value\"":7,\""ratio\"":0,\""ratio_str\"":\""0.00\""},{\""name\"":\""商业化\"",\""value\"":3,\""ratio\"":0,\""ratio_str\"":\""0.00\""},{\""name\"":\""搜索\"",\""value\"":2198,\""ratio\"":1.44,\""ratio_str\"":\""1.44\""},{\""name\"":\""直播推荐\"",\""value\"":125605,\""ratio\"":82.14,\""ratio_str\"":\""82.14\""},{\""name\"":\""视频推荐\"",\""value\"":2288,\""ratio\"":1.5,\""ratio_str\"":\""1.50\""},{\""name\"":\""个人主页\"",\""value\"":1809,\""ratio\"":1.18,\""ratio_str\"":\""1.18\""},{\""name\"":\""关注\"",\""value\"":6241,\""ratio\"":4.08,\""ratio_str\"":\""4.08\""}]""","""[{\""name\"":\""直播推荐\"",\""value\"":38921,\""ratio\"":94.9,\""ratio_str\"":\""94.90\""},{\""name\"":\""其他\"",\""value\"":793,\""ratio\"":1.93,\""ratio_str\"":\""1.93\""},{\""name\"":\""关注\"",\""value\"":744,\""ratio\"":1.81,\""ratio_str\"":\""1.81\""},{\""name\"":\""搜索\"",\""value\"":300,\""ratio\"":0.73,\""ratio_str\"":\""0.73\""},{\""name\"":\""个人主页\"",\""value\"":186,\""ratio\"":0.45,\""ratio_str\"":\""0.45\""},{\""name\"":\""视频推荐\"",\""value\"":67,\""ratio\"":0.17999999999999602,\""ratio_str\"":\""0.18\""}]""",967,1426,0.3946,0.0060,0.0127,0.0118,0.0573,0.8023,0.9714,0.7000,0.8656,0.4041,2025-07-23 22:48:36
戴维李,7530125468654258995,"7月黄金要向上突破了吗?",2025-07-23 12:13:10,2025-07-23 13:19:32,66,2010,1266,1606,1482,124,445,498,441,57,154,80.30,210955,25789,4176,21613,266,10,114,2.4200,8.1000,0.7600,750,604,146,145962,137414,8548,46,25,21,"""[{\""name\"":\""直播推荐\"",\""value\"":249816,\""ratio\"":86.78,\""ratio_str\"":\""86.78\""},{\""name\"":\""其他\"",\""value\"":18581,\""ratio\"":6.45,\""ratio_str\"":\""6.45\""},{\""name\"":\""关注\"",\""value\"":9361,\""ratio\"":3.25,\""ratio_str\"":\""3.25\""},{\""name\"":\""搜索\"",\""value\"":4437,\""ratio\"":1.54,\""ratio_str\"":\""1.54\""},{\""name\"":\""个人主页\"",\""value\"":3075,\""ratio\"":1.07,\""ratio_str\"":\""1.07\""},{\""name\"":\""视频推荐\"",\""value\"":2565,\""ratio\"":0.89,\""ratio_str\"":\""0.89\""},{\""name\"":\""商业化\"",\""value\"":27,\""ratio\"":0.019999999999990907,\""ratio_str\"":\""0.02\""},{\""name\"":\""同城\"",\""value\"":3,\""ratio\"":0,\""ratio_str\"":\""0.00\""}]""","""[{\""name\"":\""直播推荐\"",\""value\"":22890,\""ratio\"":89.2,\""ratio_str\"":\""89.20\""},{\""name\"":\""关注\"",\""value\"":1081,\""ratio\"":4.21,\""ratio_str\"":\""4.21\""},{\""name\"":\""其他\"",\""value\"":1028,\""ratio\"":4.01,\""ratio_str\"":\""4.01\""},{\""name\"":\""搜索\"",\""value\"":340,\""ratio\"":1.32,\""ratio_str\"":\""1.32\""},{\""name\"":\""个人主页\"",\""value\"":253,\""ratio\"":0.99,\""ratio_str\"":\""0.99\""},{\""name\"":\""视频推荐\"",\""value\"":66,\""ratio\"":0.26,\""ratio_str\"":\""0.26\""},{\""name\"":\""商业化\"",\""value\"":4,\""ratio\"":0.009999999999994885,\""ratio_str\"":\""0.01\""}]""",1240,2936,0.1222,0.0103,0.0291,0.0193,0.1619,0.8053,0.9414,0.5435,0.8855,0.2969,2025-07-23 22:44:23
戴维李,7529844208765520703,"投资黄金，怎么拿翻倍利润",2025-07-22 18:01:32,2025-07-22 19:06:18,64,1376,957,1029,968,61,116,252,223,29,70,51.45,103280,28399,3268,25131,123,12,44,1.3900,6.9400,0.3800,535,422,113,102374,94108,8266,20,10,10,"""[{\""name\"":\""直播推荐\"",\""value\"":122656,\""ratio\"":79.6,\""ratio_str\"":\""79.60\""},{\""name\"":\""其他\"",\""value\"":15232,\""ratio\"":9.88,\""ratio_str\"":\""9.88\""},{\""name\"":\""关注\"",\""value\"":8359,\""ratio\"":5.42,\""ratio_str\"":\""5.42\""},{\""name\"":\""视频推荐\"",\""value\"":3441,\""ratio\"":2.23,\""ratio_str\"":\""2.23\""},{\""name\"":\""个人主页\"",\""value\"":2229,\""ratio\"":1.45,\""ratio_str\"":\""1.45\""},{\""name\"":\""搜索\"",\""value\"":2161,\""ratio\"":1.4,\""ratio_str\"":\""1.40\""},{\""name\"":\""商业化\"",\""value\"":13,\""ratio\"":0.020000000000005118,\""ratio_str\"":\""0.02\""},{\""name\"":\""同城\"",\""value\"":5,\""ratio\"":0,\""ratio_str\"":\""0.00\""}]""","""[{\""name\"":\""个人主页\"",\""value\"":195,\""ratio\"":0.7,\""ratio_str\"":\""0.70\""},{\""name\"":\""关注\"",\""value\"":920,\""ratio\"":3.3,\""ratio_str\"":\""3.30\""},{\""name\"":\""其他\"",\""value\"":620,\""ratio\"":2.22,\""ratio_str\"":\""2.22\""},{\""name\"":\""商业化\"",\""value\"":2,\""ratio\"":0.01,\""ratio_str\"":\""0.01\""},{\""name\"":\""搜索\"",\""value\"":168,\""ratio\"":0.6,\""ratio_str\"":\""0.60\""},{\""name\"":\""直播推荐\"",\""value\"":25882,\""ratio\"":92.8,\""ratio_str\"":\""92.80\""},{\""name\"":\""视频推荐\"",\""value\"":102,\""ratio\"":0.37,\""ratio_str\"":\""0.37\""}]""",1070,2198,0.2750,0.0043,0.0188,0.0089,0.1151,0.7888,0.9193,0.5000,0.8849,0.3274,2025-07-22 22:41:51
老桑财知道,7529813549196069673,"东半球最强直播间",2025-07-22 16:02:35,2025-07-22 17:35:49,93,1281,737,3795,3332,463,1556,418,376,42,152,189.75,92581,31792,1924,29868,126,4,119,1.3700,13.5000,0.3100,470,403,67,127392,124204,3188,18,9,9,"""[{\""name\"":\""其他\"",\""value\"":10706,\""ratio\"":8.26,\""ratio_str\"":\""8.26\""},{\""name\"":\""同城\"",\""value\"":4,\""ratio\"":0,\""ratio_str\"":\""0.00\""},{\""name\"":\""商业化\"",\""value\"":3,\""ratio\"":0,\""ratio_str\"":\""0.00\""},{\""name\"":\""搜索\"",\""value\"":1239,\""ratio\"":0.96,\""ratio_str\"":\""0.96\""},{\""name\"":\""直播推荐\"",\""value\"":110031,\""ratio\"":84.91,\""ratio_str\"":\""84.91\""},{\""name\"":\""视频推荐\"",\""value\"":1368,\""ratio\"":1.06,\""ratio_str\"":\""1.06\""},{\""name\"":\""个人主页\"",\""value\"":1351,\""ratio\"":1.04,\""ratio_str\"":\""1.04\""},{\""name\"":\""关注\"",\""value\"":4883,\""ratio\"":3.77,\""ratio_str\"":\""3.77\""}]""","""[{\""name\"":\""搜索\"",\""value\"":150,\""ratio\"":0.48,\""ratio_str\"":\""0.48\""},{\""name\"":\""直播推荐\"",\""value\"":29690,\""ratio\"":95.31,\""ratio_str\"":\""95.31\""},{\""name\"":\""视频推荐\"",\""value\"":41,\""ratio\"":0.13,\""ratio_str\"":\""0.13\""},{\""name\"":\""个人主页\"",\""value\"":140,\""ratio\"":0.45,\""ratio_str\"":\""0.45\""},{\""name\"":\""关注\"",\""value\"":631,\""ratio\"":2.03,\""ratio_str\"":\""2.03\""},{\""name\"":\""其他\"",\""value\"":498,\""ratio\"":1.6,\""ratio_str\"":\""1.60\""},{\""name\"":\""商业化\"",\""value\"":1,\""ratio\"":0,\""ratio_str\"":\""0.00\""}]""",816,1108,0.3434,0.0040,0.0148,0.0131,0.0605,0.8574,0.9750,0.5000,0.8995,0.4241,2025-07-22 22:46:45
戴维李,7529752820333955875,"投资黄金，怎么拿翻倍利润",2025-07-22 12:07:01,2025-07-22 13:14:21,67,2034,1306,1789,1689,100,290,412,369,43,101,89.45,163125,46235,3751,42484,226,7,72,1.1100,7.0600,0.3700,476,366,110,105509,97062,8447,32,20,12,"""[{\""name\"":\""直播推荐\"",\""value\"":191484,\""ratio\"":84.29,\""ratio_str\"":\""84.29\""},{\""name\"":\""其他\"",\""value\"":17388,\""ratio\"":7.65,\""ratio_str\"":\""7.65\""},{\""name\"":\""关注\"",\""value\"":8831,\""ratio\"":3.89,\""ratio_str\"":\""3.89\""},{\""name\"":\""搜索\"",\""value\"":3529,\""ratio\"":1.55,\""ratio_str\"":\""1.55\""},{\""name\"":\""视频推荐\"",\""value\"":3251,\""ratio\"":1.43,\""ratio_str\"":\""1.43\""},{\""name\"":\""个人主页\"",\""value\"":2680,\""ratio\"":1.18,\""ratio_str\"":\""1.18\""},{\""name\"":\""商业化\"",\""value\"":13,\""ratio\"":0.009999999999971578,\""ratio_str\"":\""0.01\""},{\""name\"":\""同城\"",\""value\"":9,\""ratio\"":0,\""ratio_str\"":\""0.00\""}]""","""[{\""name\"":\""直播推荐\"",\""value\"":43179,\""ratio\"":94.95,\""ratio_str\"":\""94.95\""},{\""name\"":\""视频推荐\"",\""value\"":86,\""ratio\"":0.19,\""ratio_str\"":\""0.19\""},{\""name\"":\""个人主页\"",\""value\"":203,\""ratio\"":0.45,\""ratio_str\"":\""0.45\""},{\""name\"":\""关注\"",\""value\"":968,\""ratio\"":2.13,\""ratio_str\"":\""2.13\""},{\""name\"":\""其他\"",\""value\"":809,\""ratio\"":1.78,\""ratio_str\"":\""1.78\""},{\""name\"":\""商业化\"",\""value\"":6,\""ratio\"":0.01,\""ratio_str\"":\""0.01\""},{\""name\"":\""搜索\"",\""value\"":225,\""ratio\"":0.49,\""ratio_str\"":\""0.49\""}]""",1144,2607,0.2834,0.0049,0.0103,0.0089,0.0811,0.7689,0.9199,0.6250,0.8956,0.3050,2025-07-22 22:42:34
戴维李,7529471844567550720,"投资黄金，怎么拿翻倍利润",2025-07-21 17:56:40,2025-07-21 19:34:15,97,1932,1373,1976,1156,820,1007,462,386,76,168,98.80,218728,56739,4542,52197,330,14,121,1.5300,9.9100,0.4700,854,640,214,168620,159901,8719,45,26,19,"""[{\""name\"":\""直播推荐\"",\""value\"":265380,\""ratio\"":84.54,\""ratio_str\"":\""84.54\""},{\""name\"":\""其他\"",\""value\"":21084,\""ratio\"":6.72,\""ratio_str\"":\""6.72\""},{\""name\"":\""关注\"",\""value\"":13737,\""ratio\"":4.38,\""ratio_str\"":\""4.38\""},{\""name\"":\""视频推荐\"",\""value\"":5323,\""ratio\"":1.7,\""ratio_str\"":\""1.70\""},{\""name\"":\""搜索\"",\""value\"":4608,\""ratio\"":1.47,\""ratio_str\"":\""1.47\""},{\""name\"":\""个人主页\"",\""value\"":3718,\""ratio\"":1.1699999999999948,\""ratio_str\"":\""1.17\""},{\""name\"":\""同城\"",\""value\"":22,\""ratio\"":0.01,\""ratio_str\"":\""0.01\""},{\""name\"":\""商业化\"",\""value\"":22,\""ratio\"":0.01,\""ratio_str\"":\""0.01\""}]""","""[{\""name\"":\""个人主页\"",\""value\"":287,\""ratio\"":0.52,\""ratio_str\"":\""0.52\""},{\""name\"":\""关注\"",\""value\"":1357,\""ratio\"":2.44,\""ratio_str\"":\""2.44\""},{\""name\"":\""其他\"",\""value\"":944,\""ratio\"":1.7,\""ratio_str\"":\""1.70\""},{\""name\"":\""商业化\"",\""value\"":6,\""ratio\"":0.01,\""ratio_str\"":\""0.01\""},{\""name\"":\""搜索\"",\""value\"":325,\""ratio\"":0.58,\""ratio_str\"":\""0.58\""},{\""name\"":\""直播推荐\"",\""value\"":52632,\""ratio\"":94.53,\""ratio_str\"":\""94.53\""},{\""name\"":\""视频推荐\"",\""value\"":125,\""ratio\"":0.22,\""ratio_str\"":\""0.22\""}]""",1290,3252,0.2594,0.0058,0.0151,0.0081,0.0801,0.7494,0.9483,0.5778,0.8355,0.2840,2025-07-21 22:41:45
老桑财知道,7529441936990571315,"东半球最强直播间",2025-07-21 16:00:24,2025-07-21 17:37:05,96,2051,965,2578,2045,533,825,424,384,40,137,128.90,118415,57892,1913,55979,146,5,94,0.8200,14.2100,0.2300,455,374,81,137146,131719,5427,10,7,3,"""[{\""name\"":\""直播推荐\"",\""value\"":136990,\""ratio\"":86.16,\""ratio_str\"":\""86.16\""},{\""name\"":\""其他\"",\""value\"":11150,\""ratio\"":7.01,\""ratio_str\"":\""7.01\""},{\""name\"":\""关注\"",\""value\"":5367,\""ratio\"":3.38,\""ratio_str\"":\""3.38\""},{\""name\"":\""视频推荐\"",\""value\"":2133,\""ratio\"":1.34,\""ratio_str\"":\""1.34\""},{\""name\"":\""搜索\"",\""value\"":1739,\""ratio\"":1.09,\""ratio_str\"":\""1.09\""},{\""name\"":\""个人主页\"",\""value\"":1583,\""ratio\"":1,\""ratio_str\"":\""1.00\""},{\""name\"":\""同城\"",\""value\"":16,\""ratio\"":0.01,\""ratio_str\"":\""0.01\""},{\""name\"":\""商业化\"",\""value\"":12,\""ratio\"":0.00999999999998579,\""ratio_str\"":\""0.01\""}]""","""[{\""name\"":\""直播推荐\"",\""value\"":54937,\""ratio\"":97.13,\""ratio_str\"":\""97.13\""},{\""name\"":\""关注\"",\""value\"":687,\""ratio\"":1.21,\""ratio_str\"":\""1.21\""},{\""name\"":\""其他\"",\""value\"":491,\""ratio\"":0.87,\""ratio_str\"":\""0.87\""},{\""name\"":\""搜索\"",\""value\"":223,\""ratio\"":0.39,\""ratio_str\"":\""0.39\""},{\""name\"":\""个人主页\"",\""value\"":163,\""ratio\"":0.29,\""ratio_str\"":\""0.29\""},{\""name\"":\""视频推荐\"",\""value\"":53,\""ratio\"":0.09,\""ratio_str\"":\""0.09\""},{\""name\"":\""商业化\"",\""value\"":6,\""ratio\"":0.019999999999990907,\""ratio_str\"":\""0.02\""}]""",846,1067,0.4889,0.0025,0.0079,0.0073,0.0330,0.8220,0.9604,0.7000,0.9057,0.4422,2025-07-21 22:46:38
戴维李,7529374383425522451,"投资黄金，怎么拿翻倍利润",2025-07-21 11:38:33,2025-07-21 12:56:56,78,2027,1268,1627,1572,55,167,390,362,28,97,81.35,152417,54350,3757,50593,187,22,62,1.0400,7.6200,0.3600,525,393,132,107749,97763,9986,30,15,15,"""[{\""name\"":\""个人主页\"",\""value\"":2621,\""ratio\"":1.21,\""ratio_str\"":\""1.21\""},{\""name\"":\""关注\"",\""value\"":9454,\""ratio\"":4.36,\""ratio_str\"":\""4.36\""},{\""name\"":\""其他\"",\""value\"":17567,\""ratio\"":8.11,\""ratio_str\"":\""8.11\""},{\""name\"":\""同城\"",\""value\"":6,\""ratio\"":0,\""ratio_str\"":\""0.00\""},{\""name\"":\""商业化\"",\""value\"":16,\""ratio\"":0.01,\""ratio_str\"":\""0.01\""},{\""name\"":\""搜索\"",\""value\"":2887,\""ratio\"":1.33,\""ratio_str\"":\""1.33\""},{\""name\"":\""直播推荐\"",\""value\"":180456,\""ratio\"":83.26,\""ratio_str\"":\""83.26\""},{\""name\"":\""视频推荐\"",\""value\"":3718,\""ratio\"":1.72,\""ratio_str\"":\""1.72\""}]""","""[{\""name\"":\""直播推荐\"",\""value\"":51040,\""ratio\"":95.55,\""ratio_str\"":\""95.55\""},{\""name\"":\""关注\"",\""value\"":1034,\""ratio\"":1.94,\""ratio_str\"":\""1.94\""},{\""name\"":\""其他\"",\""value\"":861,\""ratio\"":1.61,\""ratio_str\"":\""1.61\""},{\""name\"":\""个人主页\"",\""value\"":205,\""ratio\"":0.38,\""ratio_str\"":\""0.38\""},{\""name\"":\""搜索\"",\""value\"":203,\""ratio\"":0.38,\""ratio_str\"":\""0.38\""},{\""name\"":\""视频推荐\"",\""value\"":67,\""ratio\"":0.13,\""ratio_str\"":\""0.13\""},{\""name\"":\""商业化\"",\""value\"":8,\""ratio\"":0.010000000000014211,\""ratio_str\"":\""0.01\""}]""",1107,2650,0.3566,0.0034,0.0097,0.0072,0.0691,0.7486,0.9073,0.5000,0.9282,0.2946,2025-07-21 22:42:27
戴维李,7528360474828639015,"投资黄金，怎么拿翻倍利润",2025-07-18 18:03:53,2025-07-18 19:30:48,86,2013,1094,1923,1909,14,675,286,278,8,97,96.15,141150,50938,3889,47049,155,13,75,1.0600,8.3800,0.2600,551,485,66,114823,111780,3043,37,32,5,"""[{\""name\"":\""直播推荐\"",\""value\"":163350,\""ratio\"":79.72,\""ratio_str\"":\""79.72\""},{\""name\"":\""其他\"",\""value\"":19106,\""ratio\"":9.32,\""ratio_str\"":\""9.32\""},{\""name\"":\""关注\"",\""value\"":10289,\""ratio\"":5.02,\""ratio_str\"":\""5.02\""},{\""name\"":\""视频推荐\"",\""value\"":6255,\""ratio\"":3.05,\""ratio_str\"":\""3.05\""},{\""name\"":\""搜索\"",\""value\"":3223,\""ratio\"":1.57,\""ratio_str\"":\""1.57\""},{\""name\"":\""个人主页\"",\""value\"":2668,\""ratio\"":1.3,\""ratio_str\"":\""1.30\""},{\""name\"":\""商业化\"",\""value\"":11,\""ratio\"":0.020000000000005118,\""ratio_str\"":\""0.02\""},{\""name\"":\""同城\"",\""value\"":10,\""ratio\"":0,\""ratio_str\"":\""0.00\""}]""","""[{\""name\"":\""直播推荐\"",\""value\"":47543,\""ratio\"":94.98,\""ratio_str\"":\""94.98\""},{\""name\"":\""关注\"",\""value\"":1102,\""ratio\"":2.2,\""ratio_str\"":\""2.20\""},{\""name\"":\""其他\"",\""value\"":879,\""ratio\"":1.76,\""ratio_str\"":\""1.76\""},{\""name\"":\""个人主页\"",\""value\"":213,\""ratio\"":0.43,\""ratio_str\"":\""0.43\""},{\""name\"":\""搜索\"",\""value\"":199,\""ratio\"":0.4,\""ratio_str\"":\""0.40\""},{\""name\"":\""视频推荐\"",\""value\"":115,\""ratio\"":0.20999999999998978,\""ratio_str\"":\""0.21\""},{\""name\"":\""商业化\"",\""value\"":4,\""ratio\"":0.01,\""ratio_str\"":\""0.01\""},{\""name\"":\""同城\"",\""value\"":3,\""ratio\"":0.01,\""ratio_str\"":\""0.01\""}]""",1196,2693,0.3609,0.0030,0.0108,0.0056,0.0763,0.8802,0.9735,0.8649,0.9720,0.3075,2025-07-21 10:54:41
老桑财知道,7528341990870666023,"东半球最强直播间",2025-07-18 16:52:17,2025-07-18 17:40:27,48,1260,746,714,680,34,155,122,108,14,38,35.70,58533,25772,1088,24684,71,4,31,0.6400,8.1200,0.2100,221,190,31,58346,54640,3706,8,4,4,"""[{\""name\"":\""直播推荐\"",\""value\"":64241,\""ratio\"":84.1,\""ratio_str\"":\""84.10\""},{\""name\"":\""其他\"",\""value\"":6537,\""ratio\"":8.56,\""ratio_str\"":\""8.56\""},{\""name\"":\""关注\"",\""value\"":2348,\""ratio\"":3.07,\""ratio_str\"":\""3.07\""},{\""name\"":\""视频推荐\"",\""value\"":1577,\""ratio\"":2.06,\""ratio_str\"":\""2.06\""},{\""name\"":\""搜索\"",\""value\"":971,\""ratio\"":1.27,\""ratio_str\"":\""1.27\""},{\""name\"":\""个人主页\"",\""value\"":706,\""ratio\"":0.92,\""ratio_str\"":\""0.92\""},{\""name\"":\""同城\"",\""value\"":6,\""ratio\"":0.020000000000005118,\""ratio_str\"":\""0.02\""},{\""name\"":\""商业化\"",\""value\"":3,\""ratio\"":0,\""ratio_str\"":\""0.00\""}]""","""[{\""name\"":\""直播推荐\"",\""value\"":24163,\""ratio\"":95.88,\""ratio_str\"":\""95.88\""},{\""name\"":\""其他\"",\""value\"":440,\""ratio\"":1.75,\""ratio_str\"":\""1.75\""},{\""name\"":\""关注\"",\""value\"":386,\""ratio\"":1.53,\""ratio_str\"":\""1.53\""},{\""name\"":\""个人主页\"",\""value\"":98,\""ratio\"":0.39,\""ratio_str\"":\""0.39\""},{\""name\"":\""搜索\"",\""value\"":92,\""ratio\"":0.37,\""ratio_str\"":\""0.37\""},{\""name\"":\""视频推荐\"",\""value\"":22,\""ratio\"":0.07999999999999488,\""ratio_str\"":\""0.08\""},{\""name\"":\""同城\"",\""value\"":1,\""ratio\"":0,\""ratio_str\"":\""0.00\""}]""",532,556,0.4403,0.0028,0.0086,0.0047,0.0422,0.8597,0.9365,0.5000,0.8852,0.4890,2025-07-18 22:46:54
老桑财知道,7528320877931727655,"东半球最强直播间",2025-07-18 15:30:15,2025-07-18 16:39:03,68,1302,791,3312,3204,108,664,291,257,34,104,165.60,74678,33914,1481,32433,109,2,80,0.8300,10.4100,0.2500,317,267,50,83888,80040,3848,9,6,3,"""[{\""name\"":\""直播推荐\"",\""value\"":85620,\""ratio\"":84.15,\""ratio_str\"":\""84.15\""},{\""name\"":\""其他\"",\""value\"":8665,\""ratio\"":8.52,\""ratio_str\"":\""8.52\""},{\""name\"":\""关注\"",\""value\"":3359,\""ratio\"":3.3,\""ratio_str\"":\""3.30\""},{\""name\"":\""视频推荐\"",\""value\"":1879,\""ratio\"":1.85,\""ratio_str\"":\""1.85\""},{\""name\"":\""搜索\"",\""value\"":1140,\""ratio\"":1.12,\""ratio_str\"":\""1.12\""},{\""name\"":\""个人主页\"",\""value\"":1064,\""ratio\"":1.05,\""ratio_str\"":\""1.05\""},{\""name\"":\""同城\"",\""value\"":9,\""ratio\"":0.01,\""ratio_str\"":\""0.01\""},{\""name\"":\""商业化\"",\""value\"":6,\""ratio\"":9.0951551845464e-15,\""ratio_str\"":\""0.00\""}]""","""[{\""name\"":\""直播推荐\"",\""value\"":31965,\""ratio\"":96.21,\""ratio_str\"":\""96.21\""},{\""name\"":\""其他\"",\""value\"":536,\""ratio\"":1.61,\""ratio_str\"":\""1.61\""},{\""name\"":\""关注\"",\""value\"":455,\""ratio\"":1.37,\""ratio_str\"":\""1.37\""},{\""name\"":\""个人主页\"",\""value\"":128,\""ratio\"":0.39,\""ratio_str\"":\""0.39\""},{\""name\"":\""搜索\"",\""value\"":94,\""ratio\"":0.28,\""ratio_str\"":\""0.28\""},{\""name\"":\""视频推荐\"",\""value\"":34,\""ratio\"":0.1,\""ratio_str\"":\""0.10\""},{\""name\"":\""同城\"",\""value\"":8,\""ratio\"":0.02,\""ratio_str\"":\""0.02\""},{\""name\"":\""商业化\"",\""value\"":4,\""ratio\"":0.020000000000005118,\""ratio_str\"":\""0.02\""}]""",664,817,0.4541,0.0032,0.0093,0.0086,0.0437,0.8423,0.9541,0.6667,0.8832,0.4483,2025-07-18 22:47:36
戴维李,7528259789621709620,"投资黄金，怎么拿翻倍利润",2025-07-18 11:33:17,2025-07-18 13:00:50,87,1668,1148,4855,4820,35,2115,507,491,16,149,242.75,156491,48429,4534,43895,212,16,94,1.2700,8.0000,0.3400,538,469,69,121226,117751,3475,38,26,12,"""[{\""name\"":\""直播推荐\"",\""value\"":186657,\""ratio\"":81.09,\""ratio_str\"":\""81.09\""},{\""name\"":\""其他\"",\""value\"":21109,\""ratio\"":9.17,\""ratio_str\"":\""9.17\""},{\""name\"":\""关注\"",\""value\"":10313,\""ratio\"":4.48,\""ratio_str\"":\""4.48\""},{\""name\"":\""视频推荐\"",\""value\"":5678,\""ratio\"":2.47,\""ratio_str\"":\""2.47\""},{\""name\"":\""搜索\"",\""value\"":3429,\""ratio\"":1.49,\""ratio_str\"":\""1.49\""},{\""name\"":\""个人主页\"",\""value\"":2967,\""ratio\"":1.2799999999999807,\""ratio_str\"":\""1.28\""},{\""name\"":\""商业化\"",\""value\"":14,\""ratio\"":0.01,\""ratio_str\"":\""0.01\""},{\""name\"":\""同城\"",\""value\"":14,\""ratio\"":0.01,\""ratio_str\"":\""0.01\""}]""","""[{\""name\"":\""直播推荐\"",\""value\"":45017,\""ratio\"":94.51,\""ratio_str\"":\""94.51\""},{\""name\"":\""关注\"",\""value\"":1157,\""ratio\"":2.43,\""ratio_str\"":\""2.43\""},{\""name\"":\""其他\"",\""value\"":960,\""ratio\"":2.02,\""ratio_str\"":\""2.02\""},{\""name\"":\""个人主页\"",\""value\"":204,\""ratio\"":0.43,\""ratio_str\"":\""0.43\""},{\""name\"":\""搜索\"",\""value\"":178,\""ratio\"":0.37,\""ratio_str\"":\""0.37\""},{\""name\"":\""视频推荐\"",\""value\"":114,\""ratio\"":0.22999999999999488,\""ratio_str\"":\""0.23\""},{\""name\"":\""商业化\"",\""value\"":3,\""ratio\"":0.01,\""ratio_str\"":\""0.01\""}]""",1294,3240,0.3095,0.0044,0.0111,0.0105,0.0936,0.8717,0.9713,0.6842,0.9684,0.2854,2025-07-21 10:55:21
戴维李,7527987721202191143,"投资黄金，怎么拿翻倍利润",2025-07-17 17:57:36,2025-07-17 19:32:18,94,2563,1389,3959,3937,22,639,595,582,13,199,197.95,227356,67723,4855,62868,283,15,130,1.1200,8.8400,0.3100,667,570,97,149807,144987,4820,72,54,18,"""[{\""name\"":\""同城\"",\""value\"":23,\""ratio\"":0.01,\""ratio_str\"":\""0.01\""},{\""name\"":\""商业化\"",\""value\"":22,\""ratio\"":0.01,\""ratio_str\"":\""0.01\""},{\""name\"":\""搜索\"",\""value\"":3191,\""ratio\"":0.97,\""ratio_str\"":\""0.97\""},{\""name\"":\""直播推荐\"",\""value\"":270907,\""ratio\"":82.36,\""ratio_str\"":\""82.36\""},{\""name\"":\""视频推荐\"",\""value\"":14740,\""ratio\"":4.48,\""ratio_str\"":\""4.48\""},{\""name\"":\""个人主页\"",\""value\"":3989,\""ratio\"":1.21,\""ratio_str\"":\""1.21\""},{\""name\"":\""关注\"",\""value\"":12364,\""ratio\"":3.76,\""ratio_str\"":\""3.76\""},{\""name\"":\""其他\"",\""value\"":23688,\""ratio\"":7.2,\""ratio_str\"":\""7.20\""}]""","""[{\""name\"":\""直播推荐\"",\""value\"":63363,\""ratio\"":95.35,\""ratio_str\"":\""95.35\""},{\""name\"":\""关注\"",\""value\"":1271,\""ratio\"":1.91,\""ratio_str\"":\""1.91\""},{\""name\"":\""其他\"",\""value\"":1014,\""ratio\"":1.53,\""ratio_str\"":\""1.53\""},{\""name\"":\""视频推荐\"",\""value\"":287,\""ratio\"":0.43,\""ratio_str\"":\""0.43\""},{\""name\"":\""个人主页\"",\""value\"":264,\""ratio\"":0.4,\""ratio_str\"":\""0.40\""},{\""name\"":\""搜索\"",\""value\"":251,\""ratio\"":0.3699999999999949,\""ratio_str\"":\""0.37\""},{\""name\"":\""商业化\"",\""value\"":5,\""ratio\"":0.01,\""ratio_str\"":\""0.01\""}]""",1356,3499,0.2979,0.0042,0.0098,0.0088,0.0717,0.8546,0.9678,0.7500,0.9782,0.2793,2025-07-18 10:39:12
老桑财知道,7527943025461513003,"东半球最强直播间",2025-07-17 15:03:59,2025-07-17 16:35:12,91,1548,901,7231,6443,788,2840,357,319,38,170,361.55,115006,44746,1984,42762,157,9,129,1.0300,12.0700,0.3200,399,318,81,112443,109167,3276,24,11,13,"""[{\""name\"":\""直播推荐\"",\""value\"":133258,\""ratio\"":83.65,\""ratio_str\"":\""83.65\""},{\""name\"":\""其他\"",\""value\"":12995,\""ratio\"":8.16,\""ratio_str\"":\""8.16\""},{\""name\"":\""关注\"",\""value\"":5323,\""ratio\"":3.34,\""ratio_str\"":\""3.34\""},{\""name\"":\""搜索\"",\""value\"":3745,\""ratio\"":2.35,\""ratio_str\"":\""2.35\""},{\""name\"":\""视频推荐\"",\""value\"":2512,\""ratio\"":1.58,\""ratio_str\"":\""1.58\""},{\""name\"":\""个人主页\"",\""value\"":1461,\""ratio\"":0.9099999999999949,\""ratio_str\"":\""0.91\""},{\""name\"":\""同城\"",\""value\"":10,\""ratio\"":0.01,\""ratio_str\"":\""0.01\""},{\""name\"":\""商业化\"",\""value\"":5,\""ratio\"":0,\""ratio_str\"":\""0.00\""}]""","""[{\""name\"":\""直播推荐\"",\""value\"":42048,\""ratio\"":95.68,\""ratio_str\"":\""95.68\""},{\""name\"":\""关注\"",\""value\"":712,\""ratio\"":1.62,\""ratio_str\"":\""1.62\""},{\""name\"":\""其他\"",\""value\"":605,\""ratio\"":1.38,\""ratio_str\"":\""1.38\""},{\""name\"":\""搜索\"",\""value\"":329,\""ratio\"":0.75,\""ratio_str\"":\""0.75\""},{\""name\"":\""个人主页\"",\""value\"":178,\""ratio\"":0.41,\""ratio_str\"":\""0.41\""},{\""name\"":\""视频推荐\"",\""value\"":66,\""ratio\"":0.15,\""ratio_str\"":\""0.15\""},{\""name\"":\""同城\"",\""value\"":5,\""ratio\"":0.00999999999998579,\""ratio_str\"":\""0.01\""},{\""name\"":\""商业化\"",\""value\"":2,\""ratio\"":0,\""ratio_str\"":\""0.00\""}]""",845,1139,0.3891,0.0035,0.0089,0.0080,0.0443,0.7970,0.9709,0.4583,0.8936,0.4259,2025-07-17 22:46:40
戴维李,7527616322562181929,"投资黄金，怎么拿翻倍利润",2025-07-16 17:56:21,2025-07-16 19:23:14,86,2844,1739,6413,6379,34,1290,633,612,21,267,320.65,249354,85106,4878,80228,420,13,179,0.9700,9.7400,0.2800,778,662,116,173305,166648,6657,70,50,20,"""[{\""name\"":\""直播推荐\"",\""value\"":303967,\""ratio\"":86.81,\""ratio_str\"":\""86.81\""},{\""name\"":\""其他\"",\""value\"":24059,\""ratio\"":6.87,\""ratio_str\"":\""6.87\""},{\""name\"":\""关注\"",\""value\"":10304,\""ratio\"":2.94,\""ratio_str\"":\""2.94\""},{\""name\"":\""视频推荐\"",\""value\"":4914,\""ratio\"":1.4,\""ratio_str\"":\""1.40\""},{\""name\"":\""个人主页\"",\""value\"":3810,\""ratio\"":1.09,\""ratio_str\"":\""1.09\""},{\""name\"":\""搜索\"",\""value\"":3062,\""ratio\"":0.87,\""ratio_str\"":\""0.87\""},{\""name\"":\""同城\"",\""value\"":19,\""ratio\"":0.019999999999976696,\""ratio_str\"":\""0.02\""},{\""name\"":\""商业化\"",\""value\"":12,\""ratio\"":0,\""ratio_str\"":\""0.00\""}]""","""[{\""name\"":\""直播推荐\"",\""value\"":80190,\""ratio\"":96.46,\""ratio_str\"":\""96.46\""},{\""name\"":\""其他\"",\""value\"":1204,\""ratio\"":1.45,\""ratio_str\"":\""1.45\""},{\""name\"":\""关注\"",\""value\"":1164,\""ratio\"":1.4,\""ratio_str\"":\""1.40\""},{\""name\"":\""个人主页\"",\""value\"":258,\""ratio\"":0.31,\""ratio_str\"":\""0.31\""},{\""name\"":\""搜索\"",\""value\"":237,\""ratio\"":0.29,\""ratio_str\"":\""0.29\""},{\""name\"":\""视频推荐\"",\""value\"":72,\""ratio\"":0.07999999999998067,\""ratio_str\"":\""0.08\""},{\""name\"":\""同城\"",\""value\"":5,\""ratio\"":0.01,\""ratio_str\"":\""0.01\""},{\""name\"":\""商业化\"",\""value\"":3,\""ratio\"":0,\""ratio_str\"":\""0.00\""}]""",1406,3472,0.3413,0.0049,0.0091,0.0074,0.0573,0.8509,0.9616,0.7143,0.9668,0.2882,2025-07-17 17:36:19
老桑财知道,7527585316912630547,"东半球最强直播间",2025-07-16 15:56:00,2025-07-16 17:37:15,101,1619,696,390,371,19,75,160,146,14,48,19.50,92231,32320,1996,30324,142,11,31,1.3900,13.1200,0.3500,369,296,73,124537,117928,6609,17,9,8,"""[{\""name\"":\""直播推荐\"",\""value\"":107277,\""ratio\"":79.6,\""ratio_str\"":\""79.60\""},{\""name\"":\""其他\"",\""value\"":14917,\""ratio\"":11.07,\""ratio_str\"":\""11.07\""},{\""name\"":\""关注\"",\""value\"":5202,\""ratio\"":3.86,\""ratio_str\"":\""3.86\""},{\""name\"":\""搜索\"",\""value\"":3147,\""ratio\"":2.34,\""ratio_str\"":\""2.34\""},{\""name\"":\""视频推荐\"",\""value\"":2811,\""ratio\"":2.09,\""ratio_str\"":\""2.09\""},{\""name\"":\""个人主页\"",\""value\"":1412,\""ratio\"":1.030000000000004,\""ratio_str\"":\""1.03\""},{\""name\"":\""商业化\"",\""value\"":9,\""ratio\"":0.01,\""ratio_str\"":\""0.01\""}]""","""[{\""name\"":\""直播推荐\"",\""value\"":29986,\""ratio\"":94.39,\""ratio_str\"":\""94.39\""},{\""name\"":\""其他\"",\""value\"":669,\""ratio\"":2.11,\""ratio_str\"":\""2.11\""},{\""name\"":\""关注\"",\""value\"":646,\""ratio\"":2.03,\""ratio_str\"":\""2.03\""},{\""name\"":\""搜索\"",\""value\"":244,\""ratio\"":0.77,\""ratio_str\"":\""0.77\""},{\""name\"":\""个人主页\"",\""value\"":164,\""ratio\"":0.52,\""ratio_str\"":\""0.52\""},{\""name\"":\""视频推荐\"",\""value\"":57,\""ratio\"":0.16999999999999488,\""ratio_str\"":\""0.17\""},{\""name\"":\""商业化\"",\""value\"":3,\""ratio\"":0.01,\""ratio_str\"":\""0.01\""}]""",822,1174,0.3504,0.0044,0.0114,0.0050,0.0618,0.8022,0.9469,0.5294,0.9125,0.4118,2025-07-16 22:46:38
戴维李,7527259660240325417,"投资黄金，怎么拿翻倍利润",2025-07-15 18:52:07,2025-07-15 20:57:15,125,833,652,1761,1756,5,1124,342,339,3,179,88.05,88423,14617,5017,9600,236,17,141,4.6200,8.8400,0.8600,508,443,65,110672,109235,1437,53,46,7,"""[{\""name\"":\""直播推荐\"",\""value\"":113351,\""ratio\"":65.89,\""ratio_str\"":\""65.89\""},{\""name\"":\""其他\"",\""value\"":30293,\""ratio\"":17.61,\""ratio_str\"":\""17.61\""},{\""name\"":\""关注\"",\""value\"":14773,\""ratio\"":8.59,\""ratio_str\"":\""8.59\""},{\""name\"":\""视频推荐\"",\""value\"":5849,\""ratio\"":3.4,\""ratio_str\"":\""3.40\""},{\""name\"":\""个人主页\"",\""value\"":4169,\""ratio\"":2.42,\""ratio_str\"":\""2.42\""},{\""name\"":\""搜索\"",\""value\"":3556,\""ratio\"":2.07,\""ratio_str\"":\""2.07\""},{\""name\"":\""同城\"",\""value\"":25,\""ratio\"":0.019999999999990907,\""ratio_str\"":\""0.02\""},{\""name\"":\""商业化\"",\""value\"":5,\""ratio\"":0,\""ratio_str\"":\""0.00\""}]""","""[{\""name\"":\""直播推荐\"",\""value\"":12020,\""ratio\"":80.76,\""ratio_str\"":\""80.76\""},{\""name\"":\""关注\"",\""value\"":1477,\""ratio\"":9.92,\""ratio_str\"":\""9.92\""},{\""name\"":\""其他\"",\""value\"":667,\""ratio\"":4.48,\""ratio_str\"":\""4.48\""},{\""name\"":\""个人主页\"",\""value\"":311,\""ratio\"":2.09,\""ratio_str\"":\""2.09\""},{\""name\"":\""搜索\"",\""value\"":279,\""ratio\"":1.87,\""ratio_str\"":\""1.87\""},{\""name\"":\""视频推荐\"",\""value\"":113,\""ratio\"":0.76,\""ratio_str\"":\""0.76\""},{\""name\"":\""同城\"",\""value\"":14,\""ratio\"":0.09,\""ratio_str\"":\""0.09\""},{\""name\"":\""商业化\"",\""value\"":2,\""ratio\"":0.029999999999981812,\""ratio_str\"":\""0.03\""}]""",1385,3632,0.1653,0.0161,0.0348,0.0234,0.3432,0.8720,0.9870,0.8679,0.9912,0.2761,2025-07-17 17:36:57
戴维李,7527222431254055706,"投资黄金，怎么拿翻倍利润",2025-07-15 16:27:45,2025-07-15 17:50:55,83,816,582,534,505,29,314,275,269,6,151,26.70,77592,11813,3797,8016,133,9,121,3.2300,6.8000,0.8300,452,380,72,60053,56163,3890,34,27,7,"""[{\""name\"":\""其他\"",\""value\"":20285,\""ratio\"":15.23,\""ratio_str\"":\""15.23\""},{\""name\"":\""同城\"",\""value\"":9,\""ratio\"":0.01,\""ratio_str\"":\""0.01\""},{\""name\"":\""商业化\"",\""value\"":10,\""ratio\"":0.01,\""ratio_str\"":\""0.01\""},{\""name\"":\""搜索\"",\""value\"":2020,\""ratio\"":1.52,\""ratio_str\"":\""1.52\""},{\""name\"":\""直播推荐\"",\""value\"":92213,\""ratio\"":69.22,\""ratio_str\"":\""69.22\""},{\""name\"":\""视频推荐\"",\""value\"":7080,\""ratio\"":5.31,\""ratio_str\"":\""5.31\""},{\""name\"":\""个人主页\"",\""value\"":2535,\""ratio\"":1.9,\""ratio_str\"":\""1.90\""},{\""name\"":\""关注\"",\""value\"":9056,\""ratio\"":6.8,\""ratio_str\"":\""6.80\""}]""","""[{\""name\"":\""直播推荐\"",\""value\"":9861,\""ratio\"":82.82,\""ratio_str\"":\""82.82\""},{\""name\"":\""关注\"",\""value\"":958,\""ratio\"":8.05,\""ratio_str\"":\""8.05\""},{\""name\"":\""其他\"",\""value\"":644,\""ratio\"":5.41,\""ratio_str\"":\""5.41\""},{\""name\"":\""个人主页\"",\""value\"":231,\""ratio\"":1.94,\""ratio_str\"":\""1.94\""},{\""name\"":\""搜索\"",\""value\"":119,\""ratio\"":1,\""ratio_str\"":\""1.00\""},{\""name\"":\""视频推荐\"",\""value\"":91,\""ratio\"":0.76,\""ratio_str\"":\""0.76\""},{\""name\"":\""同城\"",\""value\"":2,\""ratio\"":0.02,\""ratio_str\"":\""0.02\""},{\""name\"":\""商业化\"",\""value\"":1,\""ratio\"":9.0951551845464e-15,\""ratio_str\"":\""0.00\""}]""",1088,2709,0.1522,0.0113,0.0383,0.0233,0.3214,0.8407,0.9352,0.7941,0.9782,0.2865,2025-07-17 17:37:36
老桑财知道,7527215582249306922,"东半球最强直播间",2025-07-15 16:01:05,2025-07-15 17:56:11,115,1510,783,702,693,9,261,146,140,6,55,35.10,124999,46888,2305,44583,197,4,34,1.1100,13.2800,0.2800,414,353,61,127546,122623,4923,17,10,7,"""[{\""name\"":\""商业化\"",\""value\"":7,\""ratio\"":0,\""ratio_str\"":\""0.00\""},{\""name\"":\""搜索\"",\""value\"":3779,\""ratio\"":2.16,\""ratio_str\"":\""2.16\""},{\""name\"":\""直播推荐\"",\""value\"":146593,\""ratio\"":83.85,\""ratio_str\"":\""83.85\""},{\""name\"":\""视频推荐\"",\""value\"":2687,\""ratio\"":1.54,\""ratio_str\"":\""1.54\""},{\""name\"":\""个人主页\"",\""value\"":1491,\""ratio\"":0.85,\""ratio_str\"":\""0.85\""},{\""name\"":\""关注\"",\""value\"":5622,\""ratio\"":3.22,\""ratio_str\"":\""3.22\""},{\""name\"":\""其他\"",\""value\"":14642,\""ratio\"":8.37,\""ratio_str\"":\""8.37\""},{\""name\"":\""同城\"",\""value\"":9,\""ratio\"":0.01,\""ratio_str\"":\""0.01\""}]""","""[{\""name\"":\""视频推荐\"",\""value\"":55,\""ratio\"":0.12,\""ratio_str\"":\""0.12\""},{\""name\"":\""个人主页\"",\""value\"":160,\""ratio\"":0.35,\""ratio_str\"":\""0.35\""},{\""name\"":\""关注\"",\""value\"":705,\""ratio\"":1.53,\""ratio_str\"":\""1.53\""},{\""name\"":\""其他\"",\""value\"":624,\""ratio\"":1.36,\""ratio_str\"":\""1.36\""},{\""name\"":\""同城\"",\""value\"":1,\""ratio\"":0,\""ratio_str\"":\""0.00\""},{\""name\"":\""商业化\"",\""value\"":2,\""ratio\"":0,\""ratio_str\"":\""0.00\""},{\""name\"":\""搜索\"",\""value\"":257,\""ratio\"":0.56,\""ratio_str\"":\""0.56\""},{\""name\"":\""直播推荐\"",\""value\"":44205,\""ratio\"":96.08,\""ratio_str\"":\""96.08\""}]""",892,1413,0.3751,0.0042,0.0088,0.0031,0.0492,0.8527,0.9614,0.5882,0.9589,0.3870,2025-07-16 11:28:42
戴维李,7526873379312339755,"大A能上3600吗？",2025-07-14 17:53:20,2025-07-14 19:43:56,110,964,808,975,973,2,301,301,299,2,165,48.75,104049,15363,4950,10413,252,14,132,4.8800,9.9000,1.1000,604,503,101,107012,105310,1702,51,42,9,"""[{\""name\"":\""关注\"",\""value\"":12680,\""ratio\"":6.7,\""ratio_str\"":\""6.70\""},{\""name\"":\""其他\"",\""value\"":26745,\""ratio\"":14.14,\""ratio_str\"":\""14.14\""},{\""name\"":\""同城\"",\""value\"":13,\""ratio\"":0.01,\""ratio_str\"":\""0.01\""},{\""name\"":\""商业化\"",\""value\"":17,\""ratio\"":0.01,\""ratio_str\"":\""0.01\""},{\""name\"":\""搜索\"",\""value\"":3136,\""ratio\"":1.66,\""ratio_str\"":\""1.66\""},{\""name\"":\""直播推荐\"",\""value\"":134241,\""ratio\"":70.98,\""ratio_str\"":\""70.98\""},{\""name\"":\""视频推荐\"",\""value\"":8974,\""ratio\"":4.75,\""ratio_str\"":\""4.75\""},{\""name\"":\""个人主页\"",\""value\"":3311,\""ratio\"":1.75,\""ratio_str\"":\""1.75\""}]""","""[{\""name\"":\""直播推荐\"",\""value\"":12885,\""ratio\"":82.73,\""ratio_str\"":\""82.73\""},{\""name\"":\""关注\"",\""value\"":1331,\""ratio\"":8.55,\""ratio_str\"":\""8.55\""},{\""name\"":\""其他\"",\""value\"":742,\""ratio\"":4.76,\""ratio_str\"":\""4.76\""},{\""name\"":\""个人主页\"",\""value\"":247,\""ratio\"":1.59,\""ratio_str\"":\""1.59\""},{\""name\"":\""搜索\"",\""value\"":216,\""ratio\"":1.39,\""ratio_str\"":\""1.39\""},{\""name\"":\""视频推荐\"",\""value\"":147,\""ratio\"":0.94,\""ratio_str\"":\""0.94\""},{\""name\"":\""商业化\"",\""value\"":5,\""ratio\"":0.03,\""ratio_str\"":\""0.03\""},{\""name\"":\""同城\"",\""value\"":1,\""ratio\"":0.00999999999998579,\""ratio_str\"":\""0.01\""}]""",1408,3542,0.1477,0.0164,0.0393,0.0196,0.3222,0.8328,0.9841,0.8235,0.9934,0.2844,2025-07-17 17:39:30
老桑财知道,7526844541689695030,"东半球最强直播间",2025-07-14 16:01:19,2025-07-14 17:30:26,89,1525,723,324,312,12,97,159,152,7,60,16.20,110175,26142,2203,23939,201,6,43,1.6500,12.2500,0.3800,356,315,41,111511,107911,3600,16,11,5,"""[{\""name\"":\""直播推荐\"",\""value\"":130453,\""ratio\"":85.48,\""ratio_str\"":\""85.48\""},{\""name\"":\""其他\"",\""value\"":12611,\""ratio\"":8.26,\""ratio_str\"":\""8.26\""},{\""name\"":\""关注\"",\""value\"":4677,\""ratio\"":3.06,\""ratio_str\"":\""3.06\""},{\""name\"":\""搜索\"",\""value\"":1872,\""ratio\"":1.23,\""ratio_str\"":\""1.23\""},{\""name\"":\""视频推荐\"",\""value\"":1678,\""ratio\"":1.1,\""ratio_str\"":\""1.10\""},{\""name\"":\""个人主页\"",\""value\"":1307,\""ratio\"":0.86,\""ratio_str\"":\""0.86\""},{\""name\"":\""商业化\"",\""value\"":9,\""ratio\"":0.00999999999998579,\""ratio_str\"":\""0.01\""}]""","""[{\""name\"":\""商业化\"",\""value\"":6,\""ratio\"":0.02,\""ratio_str\"":\""0.02\""},{\""name\"":\""搜索\"",\""value\"":203,\""ratio\"":0.79,\""ratio_str\"":\""0.79\""},{\""name\"":\""直播推荐\"",\""value\"":24177,\""ratio\"":93.78,\""ratio_str\"":\""93.78\""},{\""name\"":\""视频推荐\"",\""value\"":35,\""ratio\"":0.14,\""ratio_str\"":\""0.14\""},{\""name\"":\""个人主页\"",\""value\"":156,\""ratio\"":0.61,\""ratio_str\"":\""0.61\""},{\""name\"":\""关注\"",\""value\"":674,\""ratio\"":2.61,\""ratio_str\"":\""2.61\""},{\""name\"":\""其他\"",\""value\"":529,\""ratio\"":2.05,\""ratio_str\"":\""2.05\""}]""",865,1338,0.2373,0.0077,0.0136,0.0061,0.0843,0.8848,0.9677,0.6875,0.9560,0.3926,2025-07-15 17:47:23
戴维李,7526765053962373927,"大A能上3600吗？",2025-07-14 10:52:55,2025-07-14 12:58:30,125,984,582,423,408,15,84,219,209,10,56,21.15,58902,11999,4523,7476,67,23,38,5.1200,8.9700,0.9400,371,331,40,104118,98952,5166,30,26,4,"""[{\""name\"":\""视频推荐\"",\""value\"":6983,\""ratio\"":5.63,\""ratio_str\"":\""5.63\""},{\""name\"":\""个人主页\"",\""value\"":3088,\""ratio\"":2.49,\""ratio_str\"":\""2.49\""},{\""name\"":\""关注\"",\""value\"":13006,\""ratio\"":10.49,\""ratio_str\"":\""10.49\""},{\""name\"":\""其他\"",\""value\"":28024,\""ratio\"":22.6,\""ratio_str\"":\""22.60\""},{\""name\"":\""同城\"",\""value\"":4,\""ratio\"":0,\""ratio_str\"":\""0.00\""},{\""name\"":\""商业化\"",\""value\"":14,\""ratio\"":0.01,\""ratio_str\"":\""0.01\""},{\""name\"":\""搜索\"",\""value\"":2690,\""ratio\"":2.17,\""ratio_str\"":\""2.17\""},{\""name\"":\""直播推荐\"",\""value\"":70205,\""ratio\"":56.61,\""ratio_str\"":\""56.61\""}]""","""[{\""name\"":\""直播推荐\"",\""value\"":9499,\""ratio\"":77.46,\""ratio_str\"":\""77.46\""},{\""name\"":\""关注\"",\""value\"":1383,\""ratio\"":11.28,\""ratio_str\"":\""11.28\""},{\""name\"":\""其他\"",\""value\"":884,\""ratio\"":7.21,\""ratio_str\"":\""7.21\""},{\""name\"":\""个人主页\"",\""value\"":259,\""ratio\"":2.11,\""ratio_str\"":\""2.11\""},{\""name\"":\""搜索\"",\""value\"":122,\""ratio\"":0.99,\""ratio_str\"":\""0.99\""},{\""name\"":\""视频推荐\"",\""value\"":116,\""ratio\"":0.9500000000000142,\""ratio_str\"":\""0.95\""}]""",1429,3094,0.2037,0.0056,0.0309,0.0183,0.3769,0.8922,0.9504,0.8667,0.9543,0.3159,2025-07-14 14:51:08
老桑财知道,7525731024932801299,"东半球最强直播间",2025-07-11 16:00:12,2025-07-11 17:41:10,100,2468,829,1960,1847,113,256,178,167,11,87,98.00,115543,36336,2343,33993,241,12,63,1.4900,13.2400,0.3900,504,434,70,110130,107604,2526,18,15,3,"""[{\""name\"":\""直播推荐\"",\""value\"":136448,\""ratio\"":84.04,\""ratio_str\"":\""84.04\""},{\""name\"":\""其他\"",\""value\"":13859,\""ratio\"":8.54,\""ratio_str\"":\""8.54\""},{\""name\"":\""关注\"",\""value\"":4832,\""ratio\"":2.98,\""ratio_str\"":\""2.98\""},{\""name\"":\""视频推荐\"",\""value\"":3231,\""ratio\"":1.99,\""ratio_str\"":\""1.99\""},{\""name\"":\""搜索\"",\""value\"":2549,\""ratio\"":1.57,\""ratio_str\"":\""1.57\""},{\""name\"":\""个人主页\"",\""value\"":1430,\""ratio\"":0.8699999999999949,\""ratio_str\"":\""0.87\""},{\""name\"":\""商业化\"",\""value\"":9,\""ratio\"":0.01,\""ratio_str\"":\""0.01\""},{\""name\"":\""同城\"",\""value\"":5,\""ratio\"":0,\""ratio_str\"":\""0.00\""}]""","""[{\""name\"":\""直播推荐\"",\""value\"":33663,\""ratio\"":94.1,\""ratio_str\"":\""94.10\""},{\""name\"":\""其他\"",\""value\"":844,\""ratio\"":2.36,\""ratio_str\"":\""2.36\""},{\""name\"":\""关注\"",\""value\"":724,\""ratio\"":2.02,\""ratio_str\"":\""2.02\""},{\""name\"":\""搜索\"",\""value\"":311,\""ratio\"":0.87,\""ratio_str\"":\""0.87\""},{\""name\"":\""个人主页\"",\""value\"":195,\""ratio\"":0.55,\""ratio_str\"":\""0.55\""},{\""name\"":\""视频推荐\"",\""value\"":28,\""ratio\"":0.08,\""ratio_str\"":\""0.08\""},{\""name\"":\""商业化\"",\""value\"":6,\""ratio\"":0.02,\""ratio_str\"":\""0.02\""},{\""name\"":\""同城\"",\""value\"":3,\""ratio\"":9.0951551845464e-15,\""ratio_str\"":\""0.00\""}]""",953,1390,0.3145,0.0066,0.0139,0.0049,0.0645,0.8611,0.9771,0.8333,0.9382,0.4067,2025-07-14 14:39:47
戴维李,7525658045725133604,"黄金现在能买吗，你一定...展开",2025-07-11 11:17:16,2025-07-11 13:07:41,110,1000,746,655,644,11,265,335,328,7,179,32.75,97176,14545,5301,9244,196,14,128,4.7500,8.7500,1.0800,656,582,74,101752,97883,3869,35,30,5,"""[{\""name\"":\""搜索\"",\""value\"":3236,\""ratio\"":1.85,\""ratio_str\"":\""1.85\""},{\""name\"":\""直播推荐\"",\""value\"":126467,\""ratio\"":72.2,\""ratio_str\"":\""72.20\""},{\""name\"":\""视频推荐\"",\""value\"":3983,\""ratio\"":2.27,\""ratio_str\"":\""2.27\""},{\""name\"":\""个人主页\"",\""value\"":3179,\""ratio\"":1.81,\""ratio_str\"":\""1.81\""},{\""name\"":\""关注\"",\""value\"":13536,\""ratio\"":7.73,\""ratio_str\"":\""7.73\""},{\""name\"":\""其他\"",\""value\"":24746,\""ratio\"":14.13,\""ratio_str\"":\""14.13\""},{\""name\"":\""同城\"",\""value\"":4,\""ratio\"":0,\""ratio_str\"":\""0.00\""},{\""name\"":\""商业化\"",\""value\"":12,\""ratio\"":0.01,\""ratio_str\"":\""0.01\""}]""","""[{\""name\"":\""直播推荐\"",\""value\"":12034,\""ratio\"":81.43,\""ratio_str\"":\""81.43\""},{\""name\"":\""关注\"",\""value\"":1389,\""ratio\"":9.4,\""ratio_str\"":\""9.40\""},{\""name\"":\""其他\"",\""value\"":813,\""ratio\"":5.5,\""ratio_str\"":\""5.50\""},{\""name\"":\""搜索\"",\""value\"":248,\""ratio\"":1.68,\""ratio_str\"":\""1.68\""},{\""name\"":\""个人主页\"",\""value\"":219,\""ratio\"":1.48,\""ratio_str\"":\""1.48\""},{\""name\"":\""视频推荐\"",\""value\"":71,\""ratio\"":0.48,\""ratio_str\"":\""0.48\""},{\""name\"":\""商业化\"",\""value\"":4,\""ratio\"":0.029999999999985788,\""ratio_str\"":\""0.03\""}]""",1527,3774,0.1497,0.0135,0.0451,0.0230,0.3645,0.8872,0.9620,0.8571,0.9791,0.2881,2025-07-14 14:51:46
老桑财知道,7525360437349583658,"东半球最强直播间",2025-07-10 16:02:11,2025-07-10 18:02:37,120,1528,819,991,981,10,174,137,130,7,67,49.55,137609,47416,2565,44851,325,7,46,1.2400,13.2900,0.3700,451,365,86,108312,106137,2175,29,19,10,"""[{\""name\"":\""直播推荐\"",\""value\"":168339,\""ratio\"":85.86,\""ratio_str\"":\""85.86\""},{\""name\"":\""其他\"",\""value\"":15730,\""ratio\"":8.02,\""ratio_str\"":\""8.02\""},{\""name\"":\""关注\"",\""value\"":6106,\""ratio\"":3.11,\""ratio_str\"":\""3.11\""},{\""name\"":\""搜索\"",\""value\"":2613,\""ratio\"":1.33,\""ratio_str\"":\""1.33\""},{\""name\"":\""视频推荐\"",\""value\"":1631,\""ratio\"":0.83,\""ratio_str\"":\""0.83\""},{\""name\"":\""个人主页\"",\""value\"":1620,\""ratio\"":0.83,\""ratio_str\"":\""0.83\""},{\""name\"":\""同城\"",\""value\"":14,\""ratio\"":0.020000000000005118,\""ratio_str\"":\""0.02\""},{\""name\"":\""商业化\"",\""value\"":9,\""ratio\"":0,\""ratio_str\"":\""0.00\""}]""","""[{\""name\"":\""直播推荐\"",\""value\"":44669,\""ratio\"":95.4,\""ratio_str\"":\""95.40\""},{\""name\"":\""关注\"",\""value\"":829,\""ratio\"":1.77,\""ratio_str\"":\""1.77\""},{\""name\"":\""其他\"",\""value\"":808,\""ratio\"":1.73,\""ratio_str\"":\""1.73\""},{\""name\"":\""搜索\"",\""value\"":256,\""ratio\"":0.55,\""ratio_str\"":\""0.55\""},{\""name\"":\""个人主页\"",\""value\"":213,\""ratio\"":0.45,\""ratio_str\"":\""0.45\""},{\""name\"":\""视频推荐\"",\""value\"":38,\""ratio\"":0.08,\""ratio_str\"":\""0.08\""},{\""name\"":\""商业化\"",\""value\"":5,\""ratio\"":0.01,\""ratio_str\"":\""0.01\""},{\""name\"":\""同城\"",\""value\"":3,\""ratio\"":0.00999999999998579,\""ratio_str\"":\""0.01\""}]""",911,1654,0.3446,0.0069,0.0095,0.0029,0.0541,0.8093,0.9799,0.6552,0.9489,0.3552,2025-07-14 14:41:03
戴维李,7525358266902186762,"黄金现在能买吗，你一定...展开",2025-07-10 15:53:49,1970-01-01 08:00:00,106,1281,687,291,235,56,126,161,129,32,81,0.00,166611,22953,4223,18730,113,6,56,2.2900,4.5300,0.5500,368,259,109,56694,55263,1431,46,39,7,"""[{\""name\"":\""直播推荐\"",\""value\"":203182,\""ratio\"":82.02,\""ratio_str\"":\""82.02\""},{\""name\"":\""其他\"",\""value\"":22234,\""ratio\"":8.98,\""ratio_str\"":\""8.98\""},{\""name\"":\""关注\"",\""value\"":10964,\""ratio\"":4.43,\""ratio_str\"":\""4.43\""},{\""name\"":\""视频推荐\"",\""value\"":5579,\""ratio\"":2.25,\""ratio_str\"":\""2.25\""},{\""name\"":\""个人主页\"",\""value\"":3054,\""ratio\"":1.23,\""ratio_str\"":\""1.23\""},{\""name\"":\""搜索\"",\""value\"":2696,\""ratio\"":1.0899999999999859,\""ratio_str\"":\""1.09\""},{\""name\"":\""同城\"",\""value\"":12,\""ratio\"":0,\""ratio_str\"":\""0.00\""},{\""name\"":\""商业化\"",\""value\"":10,\""ratio\"":0,\""ratio_str\"":\""0.00\""}]""","""[{\""name\"":\""直播推荐\"",\""value\"":20322,\""ratio\"":89.34,\""ratio_str\"":\""89.34\""},{\""name\"":\""关注\"",\""value\"":1200,\""ratio\"":5.28,\""ratio_str\"":\""5.28\""},{\""name\"":\""其他\"",\""value\"":734,\""ratio\"":3.23,\""ratio_str\"":\""3.23\""},{\""name\"":\""个人主页\"",\""value\"":213,\""ratio\"":0.94,\""ratio_str\"":\""0.94\""},{\""name\"":\""搜索\"",\""value\"":195,\""ratio\"":0.86,\""ratio_str\"":\""0.86\""},{\""name\"":\""视频推荐\"",\""value\"":78,\""ratio\"":0.34,\""ratio_str\"":\""0.34\""},{\""name\"":\""商业化\"",\""value\"":4,\""ratio\"":0.009999999999994885,\""ratio_str\"":\""0.01\""},{\""name\"":\""同城\"",\""value\"":1,\""ratio\"":0,\""ratio_str\"":\""0.00\""}]""",1135,3088,0.1378,0.0049,0.0160,0.0070,0.1840,0.7038,0.9748,0.8478,0.8012,0.2688,2025-07-10 17:40:41
老桑财知道,7524988941817137939,"东半球最强直播间",2025-07-09 16:00:35,2025-07-09 18:21:03,140,1460,695,6635,6630,5,5099,203,199,4,101,331.75,99561,27660,3184,24476,339,11,84,2.6500,14.0800,0.6000,629,516,113,117829,107880,9949,26,15,11,"""[{\""name\"":\""视频推荐\"",\""value\"":2901,\""ratio\"":1.78,\""ratio_str\"":\""1.78\""},{\""name\"":\""个人主页\"",\""value\"":2252,\""ratio\"":1.38,\""ratio_str\"":\""1.38\""},{\""name\"":\""关注\"",\""value\"":6906,\""ratio\"":4.24,\""ratio_str\"":\""4.24\""},{\""name\"":\""其他\"",\""value\"":18247,\""ratio\"":11.19,\""ratio_str\"":\""11.19\""},{\""name\"":\""同城\"",\""value\"":2,\""ratio\"":0,\""ratio_str\"":\""0.00\""},{\""name\"":\""商业化\"",\""value\"":9,\""ratio\"":0.01,\""ratio_str\"":\""0.01\""},{\""name\"":\""搜索\"",\""value\"":2875,\""ratio\"":1.76,\""ratio_str\"":\""1.76\""},{\""name\"":\""直播推荐\"",\""value\"":129829,\""ratio\"":79.64,\""ratio_str\"":\""79.64\""}]""","""[{\""name\"":\""直播推荐\"",\""value\"":25111,\""ratio\"":91.2,\""ratio_str\"":\""91.20\""},{\""name\"":\""其他\"",\""value\"":947,\""ratio\"":3.44,\""ratio_str\"":\""3.44\""},{\""name\"":\""关注\"",\""value\"":920,\""ratio\"":3.34,\""ratio_str\"":\""3.34\""},{\""name\"":\""搜索\"",\""value\"":290,\""ratio\"":1.05,\""ratio_str\"":\""1.05\""},{\""name\"":\""个人主页\"",\""value\"":209,\""ratio\"":0.76,\""ratio_str\"":\""0.76\""},{\""name\"":\""视频推荐\"",\""value\"":56,\""ratio\"":0.20999999999999092,\""ratio_str\"":\""0.21\""},{\""name\"":\""商业化\"",\""value\"":1,\""ratio\"":0,\""ratio_str\"":\""0.00\""}]""",1170,2014,0.2778,0.0123,0.0227,0.0073,0.1151,0.8203,0.9156,0.5769,0.9803,0.3675,2025-07-10 11:18:39
戴维李,7524985356840717098,"黄金现在能买吗，你一定...展开",2025-07-09 15:46:47,2025-07-09 17:29:07,102,1780,1252,849,726,123,264,273,197,76,153,42.45,299578,37671,5762,31909,438,15,124,2.5200,7.5700,0.9800,923,582,341,73728,64272,9456,54,22,32,"""[{\""name\"":\""直播推荐\"",\""value\"":393554,\""ratio\"":87.72,\""ratio_str\"":\""87.72\""},{\""name\"":\""其他\"",\""value\"":24909,\""ratio\"":5.55,\""ratio_str\"":\""5.55\""},{\""name\"":\""关注\"",\""value\"":13064,\""ratio\"":2.91,\""ratio_str\"":\""2.91\""},{\""name\"":\""视频推荐\"",\""value\"":7472,\""ratio\"":1.67,\""ratio_str\"":\""1.67\""},{\""name\"":\""搜索\"",\""value\"":4912,\""ratio\"":1.09,\""ratio_str\"":\""1.09\""},{\""name\"":\""个人主页\"",\""value\"":4729,\""ratio\"":1.0600000000000052,\""ratio_str\"":\""1.06\""},{\""name\"":\""商业化\"",\""value\"":19,\""ratio\"":0,\""ratio_str\"":\""0.00\""},{\""name\"":\""同城\"",\""value\"":7,\""ratio\"":0,\""ratio_str\"":\""0.00\""}]""","""[{\""name\"":\""直播推荐\"",\""value\"":34220,\""ratio\"":90.89,\""ratio_str\"":\""90.89\""},{\""name\"":\""关注\"",\""value\"":1532,\""ratio\"":4.07,\""ratio_str\"":\""4.07\""},{\""name\"":\""其他\"",\""value\"":1023,\""ratio\"":2.72,\""ratio_str\"":\""2.72\""},{\""name\"":\""搜索\"",\""value\"":373,\""ratio\"":0.99,\""ratio_str\"":\""0.99\""},{\""name\"":\""个人主页\"",\""value\"":331,\""ratio\"":0.88,\""ratio_str\"":\""0.88\""},{\""name\"":\""视频推荐\"",\""value\"":158,\""ratio\"":0.42,\""ratio_str\"":\""0.42\""},{\""name\"":\""商业化\"",\""value\"":11,\""ratio\"":0.019999999999994883,\""ratio_str\"":\""0.02\""},{\""name\"":\""同城\"",\""value\"":2,\""ratio\"":0.01,\""ratio_str\"":\""0.01\""}]""",1423,4339,0.1257,0.0116,0.0245,0.0072,0.1530,0.6306,0.8717,0.4074,0.7216,0.2470,2025-07-09 19:59:23
戴维李,7524636870756584202,"黄金现在能买吗，你一定...展开",2025-07-08 17:14:36,2025-07-08 18:52:26,97,1925,1160,517,501,16,284,282,273,9,154,25.85,279648,52362,5202,47160,293,16,109,1.3300,7.8900,0.3900,619,496,123,137490,132575,4915,42,31,11,"""[{\""name\"":\""直播推荐\"",\""value\"":340543,\""ratio\"":85.21,\""ratio_str\"":\""85.21\""},{\""name\"":\""其他\"",\""value\"":26119,\""ratio\"":6.54,\""ratio_str\"":\""6.54\""},{\""name\"":\""关注\"",\""value\"":12693,\""ratio\"":3.18,\""ratio_str\"":\""3.18\""},{\""name\"":\""视频推荐\"",\""value\"":11989,\""ratio\"":3,\""ratio_str\"":\""3.00\""},{\""name\"":\""搜索\"",\""value\"":4220,\""ratio\"":1.06,\""ratio_str\"":\""1.06\""},{\""name\"":\""个人主页\"",\""value\"":4050,\""ratio\"":1.0099999999999858,\""ratio_str\"":\""1.01\""},{\""name\"":\""同城\"",\""value\"":13,\""ratio\"":0,\""ratio_str\"":\""0.00\""},{\""name\"":\""商业化\"",\""value\"":9,\""ratio\"":0,\""ratio_str\"":\""0.00\""}]""","""[{\""name\"":\""直播推荐\"",\""value\"":48644,\""ratio\"":93.97,\""ratio_str\"":\""93.97\""},{\""name\"":\""关注\"",\""value\"":1277,\""ratio\"":2.47,\""ratio_str\"":\""2.47\""},{\""name\"":\""其他\"",\""value\"":980,\""ratio\"":1.89,\""ratio_str\"":\""1.89\""},{\""name\"":\""搜索\"",\""value\"":335,\""ratio\"":0.65,\""ratio_str\"":\""0.65\""},{\""name\"":\""个人主页\"",\""value\"":315,\""ratio\"":0.61,\""ratio_str\"":\""0.61\""},{\""name\"":\""视频推荐\"",\""value\"":212,\""ratio\"":0.39999999999999486,\""ratio_str\"":\""0.40\""},{\""name\"":\""商业化\"",\""value\"":3,\""ratio\"":0.01,\""ratio_str\"":\""0.01\""},{\""name\"":\""同城\"",\""value\"":2,\""ratio\"":0,\""ratio_str\"":\""0.00\""}]""",1476,3726,0.1872,0.0056,0.0118,0.0054,0.0993,0.8013,0.9643,0.7381,0.9681,0.2837,2025-07-09 19:58:45
老桑财知道,7524617898515008275,"东半球最强直播间",2025-07-08 16:00:45,2025-07-08 17:41:29,100,2096,986,482,469,13,157,162,153,9,76,24.10,135963,51572,2471,49101,290,6,51,1.1100,12.8600,0.3000,460,391,69,112590,110133,2457,23,12,11,"""[{\""name\"":\""直播推荐\"",\""value\"":162920,\""ratio\"":87.42,\""ratio_str\"":\""87.42\""},{\""name\"":\""其他\"",\""value\"":13111,\""ratio\"":7.03,\""ratio_str\"":\""7.03\""},{\""name\"":\""关注\"",\""value\"":5019,\""ratio\"":2.69,\""ratio_str\"":\""2.69\""},{\""name\"":\""搜索\"",\""value\"":2276,\""ratio\"":1.22,\""ratio_str\"":\""1.22\""},{\""name\"":\""视频推荐\"",\""value\"":1552,\""ratio\"":0.83,\""ratio_str\"":\""0.83\""},{\""name\"":\""个人主页\"",\""value\"":1481,\""ratio\"":0.79,\""ratio_str\"":\""0.79\""},{\""name\"":\""商业化\"",\""value\"":10,\""ratio\"":0.019999999999990907,\""ratio_str\"":\""0.02\""},{\""name\"":\""同城\"",\""value\"":6,\""ratio\"":0,\""ratio_str\"":\""0.00\""}]""","""[{\""name\"":\""直播推荐\"",\""value\"":48759,\""ratio\"":95.93,\""ratio_str\"":\""95.93\""},{\""name\"":\""其他\"",\""value\"":977,\""ratio\"":1.92,\""ratio_str\"":\""1.92\""},{\""name\"":\""关注\"",\""value\"":662,\""ratio\"":1.3,\""ratio_str\"":\""1.30\""},{\""name\"":\""搜索\"",\""value\"":201,\""ratio\"":0.4,\""ratio_str\"":\""0.40\""},{\""name\"":\""个人主页\"",\""value\"":186,\""ratio\"":0.37,\""ratio_str\"":\""0.37\""},{\""name\"":\""视频推荐\"",\""value\"":36,\""ratio\"":0.07,\""ratio_str\"":\""0.07\""},{\""name\"":\""商业化\"",\""value\"":8,\""ratio\"":0.009999999999994885,\""ratio_str\"":\""0.01\""}]""",925,1546,0.3793,0.0056,0.0089,0.0031,0.0479,0.8500,0.9782,0.5217,0.9444,0.3743,2025-07-10 11:17:25
戴维李,7524286288355265322,"黄金现在能买吗，你一定...展开",2025-07-07 18:34:04,2025-07-07 20:13:21,99,2964,2085,1081,1043,38,611,520,494,26,366,54.05,542019,95942,7068,88874,1029,10,282,1.3200,8.3000,0.5100,1061,787,274,110898,106294,4604,124,79,45,"""[{\""name\"":\""直播推荐\"",\""value\"":695816,\""ratio\"":92.87,\""ratio_str\"":\""92.87\""},{\""name\"":\""其他\"",\""value\"":23517,\""ratio\"":3.14,\""ratio_str\"":\""3.14\""},{\""name\"":\""关注\"",\""value\"":15397,\""ratio\"":2.05,\""ratio_str\"":\""2.05\""},{\""name\"":\""个人主页\"",\""value\"":5976,\""ratio\"":0.8,\""ratio_str\"":\""0.80\""},{\""name\"":\""视频推荐\"",\""value\"":4294,\""ratio\"":0.57,\""ratio_str\"":\""0.57\""},{\""name\"":\""搜索\"",\""value\"":4265,\""ratio\"":0.5700000000000142,\""ratio_str\"":\""0.57\""},{\""name\"":\""商业化\"",\""value\"":9,\""ratio\"":0,\""ratio_str\"":\""0.00\""},{\""name\"":\""同城\"",\""value\"":2,\""ratio\"":0,\""ratio_str\"":\""0.00\""}]""","""[{\""name\"":\""搜索\"",\""value\"":343,\""ratio\"":0.36,\""ratio_str\"":\""0.36\""},{\""name\"":\""直播推荐\"",\""value\"":91223,\""ratio\"":96.1,\""ratio_str\"":\""96.10\""},{\""name\"":\""视频推荐\"",\""value\"":104,\""ratio\"":0.11,\""ratio_str\"":\""0.11\""},{\""name\"":\""个人主页\"",\""value\"":337,\""ratio\"":0.35,\""ratio_str\"":\""0.35\""},{\""name\"":\""关注\"",\""value\"":1642,\""ratio\"":1.73,\""ratio_str\"":\""1.73\""},{\""name\"":\""其他\"",\""value\"":1275,\""ratio\"":1.34,\""ratio_str\"":\""1.34\""},{\""name\"":\""同城\"",\""value\"":1,\""ratio\"":0,\""ratio_str\"":\""0.00\""},{\""name\"":\""商业化\"",\""value\"":5,\""ratio\"":0.01,\""ratio_str\"":\""0.01\""}]""",1635,5433,0.1770,0.0107,0.0111,0.0054,0.0737,0.7418,0.9585,0.6371,0.9500,0.2313,2025-07-09 19:54:54
老桑财知道,7524246893019269929,"东半球最强直播间",2025-07-07 16:01:03,2025-07-07 17:42:47,101,2428,1421,420,396,24,202,210,199,11,107,21.00,196102,86513,2928,83585,461,13,64,0.8600,13.0700,0.3000,574,462,112,92699,89810,2889,25,18,7,"""[{\""name\"":\""其他\"",\""value\"":17152,\""ratio\"":6.38,\""ratio_str\"":\""6.38\""},{\""name\"":\""同城\"",\""value\"":2,\""ratio\"":0,\""ratio_str\"":\""0.00\""},{\""name\"":\""商业化\"",\""value\"":7,\""ratio\"":0,\""ratio_str\"":\""0.00\""},{\""name\"":\""搜索\"",\""value\"":2780,\""ratio\"":1.03,\""ratio_str\"":\""1.03\""},{\""name\"":\""直播推荐\"",\""value\"":238188,\""ratio\"":88.53,\""ratio_str\"":\""88.53\""},{\""name\"":\""视频推荐\"",\""value\"":3442,\""ratio\"":1.28,\""ratio_str\"":\""1.28\""},{\""name\"":\""个人主页\"",\""value\"":2012,\""ratio\"":0.75,\""ratio_str\"":\""0.75\""},{\""name\"":\""关注\"",\""value\"":5460,\""ratio\"":2.03,\""ratio_str\"":\""2.03\""}]""","""[{\""name\"":\""直播推荐\"",\""value\"":82279,\""ratio\"":96.52,\""ratio_str\"":\""96.52\""},{\""name\"":\""其他\"",\""value\"":1638,\""ratio\"":1.92,\""ratio_str\"":\""1.92\""},{\""name\"":\""关注\"",\""value\"":777,\""ratio\"":0.91,\""ratio_str\"":\""0.91\""},{\""name\"":\""搜索\"",\""value\"":267,\""ratio\"":0.31,\""ratio_str\"":\""0.31\""},{\""name\"":\""个人主页\"",\""value\"":203,\""ratio\"":0.24,\""ratio_str\"":\""0.24\""},{\""name\"":\""视频推荐\"",\""value\"":81,\""ratio\"":0.10000000000001422,\""ratio_str\"":\""0.10\""},{\""name\"":\""商业化\"",\""value\"":3,\""ratio\"":0,\""ratio_str\"":\""0.00\""}]""",1021,1907,0.4412,0.0053,0.0066,0.0024,0.0338,0.8049,0.9688,0.7200,0.9476,0.3487,2025-07-10 11:16:13
戴维李,7524230596814916402,"黄金现在能买吗，你一定...展开",2025-07-07 14:57:54,2025-07-07 16:50:30,112,3775,1565,744,711,33,496,387,371,16,237,37.20,405252,64391,6690,57701,653,19,182,1.8600,8.3700,0.6800,777,520,257,70946,65750,5196,75,40,35,"""[{\""name\"":\""直播推荐\"",\""value\"":528954,\""ratio\"":90.54,\""ratio_str\"":\""90.54\""},{\""name\"":\""其他\"",\""value\"":22253,\""ratio\"":3.81,\""ratio_str\"":\""3.81\""},{\""name\"":\""关注\"",\""value\"":15226,\""ratio\"":2.61,\""ratio_str\"":\""2.61\""},{\""name\"":\""视频推荐\"",\""value\"":6960,\""ratio\"":1.19,\""ratio_str\"":\""1.19\""},{\""name\"":\""搜索\"",\""value\"":5421,\""ratio\"":0.93,\""ratio_str\"":\""0.93\""},{\""name\"":\""个人主页\"",\""value\"":5386,\""ratio\"":0.9199999999999858,\""ratio_str\"":\""0.92\""},{\""name\"":\""同城\"",\""value\"":16,\""ratio\"":0,\""ratio_str\"":\""0.00\""},{\""name\"":\""商业化\"",\""value\"":11,\""ratio\"":0,\""ratio_str\"":\""0.00\""}]""","""[{\""name\"":\""直播推荐\"",\""value\"":59840,\""ratio\"":93.6,\""ratio_str\"":\""93.60\""},{\""name\"":\""关注\"",\""value\"":1704,\""ratio\"":2.67,\""ratio_str\"":\""2.67\""},{\""name\"":\""其他\"",\""value\"":1351,\""ratio\"":2.11,\""ratio_str\"":\""2.11\""},{\""name\"":\""搜索\"",\""value\"":555,\""ratio\"":0.87,\""ratio_str\"":\""0.87\""},{\""name\"":\""个人主页\"",\""value\"":335,\""ratio\"":0.52,\""ratio_str\"":\""0.52\""},{\""name\"":\""视频推荐\"",\""value\"":144,\""ratio\"":0.23,\""ratio_str\"":\""0.23\""},{\""name\"":\""商业化\"",\""value\"":6,\""ratio\"":9.0951551845464e-15,\""ratio_str\"":\""0.00\""}]""",1547,5143,0.1589,0.0101,0.0121,0.0060,0.1039,0.6692,0.9268,0.5333,0.9587,0.2312,2025-07-09 19:54:16
老桑财知道,7523133601676839721,"东半球最强直播间",2025-07-04 16:01:02,2025-07-04 18:01:25,120,2626,1313,2082,1651,431,152,194,185,9,109,104.10,185781,76517,2866,73651,523,11,85,1.2200,17.1000,0.4000,620,492,128,115229,112584,2645,43,37,6,"""[{\""name\"":\""直播推荐\"",\""value\"":226190,\""ratio\"":88.27,\""ratio_str\"":\""88.27\""},{\""name\"":\""其他\"",\""value\"":16613,\""ratio\"":6.48,\""ratio_str\"":\""6.48\""},{\""name\"":\""关注\"",\""value\"":6079,\""ratio\"":2.37,\""ratio_str\"":\""2.37\""},{\""name\"":\""搜索\"",\""value\"":3017,\""ratio\"":1.18,\""ratio_str\"":\""1.18\""},{\""name\"":\""视频推荐\"",\""value\"":2311,\""ratio\"":0.9,\""ratio_str\"":\""0.90\""},{\""name\"":\""个人主页\"",\""value\"":2007,\""ratio\"":0.78,\""ratio_str\"":\""0.78\""},{\""name\"":\""同城\"",\""value\"":15,\""ratio\"":0.019999999999976696,\""ratio_str\"":\""0.02\""},{\""name\"":\""商业化\"",\""value\"":8,\""ratio\"":0,\""ratio_str\"":\""0.00\""}]""","""[{\""name\"":\""直播推荐\"",\""value\"":72030,\""ratio\"":96.15,\""ratio_str\"":\""96.15\""},{\""name\"":\""其他\"",\""value\"":1452,\""ratio\"":1.94,\""ratio_str\"":\""1.94\""},{\""name\"":\""关注\"",\""value\"":867,\""ratio\"":1.16,\""ratio_str\"":\""1.16\""},{\""name\"":\""搜索\"",\""value\"":289,\""ratio\"":0.39,\""ratio_str\"":\""0.39\""},{\""name\"":\""个人主页\"",\""value\"":214,\""ratio\"":0.29,\""ratio_str\"":\""0.29\""},{\""name\"":\""视频推荐\"",\""value\"":56,\""ratio\"":0.05999999999999489,\""ratio_str\"":\""0.06\""},{\""name\"":\""商业化\"",\""value\"":4,\""ratio\"":0.01,\""ratio_str\"":\""0.01\""}]""",997,1869,0.4119,0.0068,0.0081,0.0025,0.0375,0.7935,0.9770,0.8605,0.9536,0.3479,2025-07-10 11:15:04
戴维李,7523106580234079012,"黄金现在能买吗，你一定...展开",2025-07-04 14:16:10,2025-07-04 15:38:59,82,3887,2017,530,495,35,299,238,218,20,174,26.50,445592,94381,5239,89142,758,15,141,0.9700,7.6500,0.4300,774,567,207,65076,58187,6889,98,45,53,"""[{\""name\"":\""直播推荐\"",\""value\"":553040,\""ratio\"":92.67,\""ratio_str\"":\""92.67\""},{\""name\"":\""其他\"",\""value\"":19310,\""ratio\"":3.24,\""ratio_str\"":\""3.24\""},{\""name\"":\""关注\"",\""value\"":11149,\""ratio\"":1.87,\""ratio_str\"":\""1.87\""},{\""name\"":\""视频推荐\"",\""value\"":5518,\""ratio\"":0.92,\""ratio_str\"":\""0.92\""},{\""name\"":\""个人主页\"",\""value\"":4583,\""ratio\"":0.77,\""ratio_str\"":\""0.77\""},{\""name\"":\""搜索\"",\""value\"":3118,\""ratio\"":0.5300000000000051,\""ratio_str\"":\""0.53\""},{\""name\"":\""同城\"",\""value\"":28,\""ratio\"":0,\""ratio_str\"":\""0.00\""},{\""name\"":\""商业化\"",\""value\"":8,\""ratio\"":0,\""ratio_str\"":\""0.00\""}]""","""[{\""name\"":\""直播推荐\"",\""value\"":89686,\""ratio\"":96.59,\""ratio_str\"":\""96.59\""},{\""name\"":\""关注\"",\""value\"":1268,\""ratio\"":1.37,\""ratio_str\"":\""1.37\""},{\""name\"":\""其他\"",\""value\"":1245,\""ratio\"":1.34,\""ratio_str\"":\""1.34\""},{\""name\"":\""个人主页\"",\""value\"":277,\""ratio\"":0.3,\""ratio_str\"":\""0.30\""},{\""name\"":\""搜索\"",\""value\"":262,\""ratio\"":0.28,\""ratio_str\"":\""0.28\""},{\""name\"":\""视频推荐\"",\""value\"":105,\""ratio\"":0.09999999999999488,\""ratio_str\"":\""0.10\""},{\""name\"":\""同城\"",\""value\"":7,\""ratio\"":0.01,\""ratio_str\"":\""0.01\""},{\""name\"":\""商业化\"",\""value\"":5,\""ratio\"":0.01,\""ratio_str\"":\""0.01\""}]""",1153,4086,0.2118,0.0080,0.0082,0.0025,0.0555,0.7326,0.8941,0.4592,0.9160,0.2201,2025-07-09 19:52:18
戴维李,7523059529274641188,"黄金现在能买吗，你一定...展开",2025-07-04 11:13:45,2025-07-04 13:07:20,113,1819,1240,992,971,21,445,414,403,11,258,49.60,244029,36037,6619,29418,597,15,212,3.0200,9.3300,1.0200,918,734,184,154085,146780,7305,72,55,17,"""[{\""name\"":\""直播推荐\"",\""value\"":322832,\""ratio\"":84.44,\""ratio_str\"":\""84.44\""},{\""name\"":\""其他\"",\""value\"":27108,\""ratio\"":7.09,\""ratio_str\"":\""7.09\""},{\""name\"":\""关注\"",\""value\"":15431,\""ratio\"":4.04,\""ratio_str\"":\""4.04\""},{\""name\"":\""视频推荐\"",\""value\"":8131,\""ratio\"":2.13,\""ratio_str\"":\""2.13\""},{\""name\"":\""个人主页\"",\""value\"":4810,\""ratio\"":1.26,\""ratio_str\"":\""1.26\""},{\""name\"":\""搜索\"",\""value\"":3969,\""ratio\"":1.04,\""ratio_str\"":\""1.04\""},{\""name\"":\""同城\"",\""value\"":29,\""ratio\"":9.0951551845464e-15,\""ratio_str\"":\""0.00\""},{\""name\"":\""商业化\"",\""value\"":17,\""ratio\"":0,\""ratio_str\"":\""0.00\""}]""","""[{\""name\"":\""直播推荐\"",\""value\"":32443,\""ratio\"":90.1,\""ratio_str\"":\""90.10\""},{\""name\"":\""关注\"",\""value\"":1678,\""ratio\"":4.66,\""ratio_str\"":\""4.66\""},{\""name\"":\""其他\"",\""value\"":1123,\""ratio\"":3.12,\""ratio_str\"":\""3.12\""},{\""name\"":\""个人主页\"",\""value\"":308,\""ratio\"":0.86,\""ratio_str\"":\""0.86\""},{\""name\"":\""搜索\"",\""value\"":280,\""ratio\"":0.78,\""ratio_str\"":\""0.78\""},{\""name\"":\""视频推荐\"",\""value\"":164,\""ratio\"":0.46,\""ratio_str\"":\""0.46\""},{\""name\"":\""商业化\"",\""value\"":7,\""ratio\"":0.02,\""ratio_str\"":\""0.02\""},{\""name\"":\""同城\"",\""value\"":3,\""ratio\"":9.0951551845464e-15,\""ratio_str\"":\""0.00\""}]""",1611,5008,0.1477,0.0166,0.0255,0.0115,0.1837,0.7996,0.9526,0.7639,0.9734,0.2434,2025-07-09 19:51:01
老桑财知道,7522762026520038180,"东半球最强直播间",2025-07-03 15:59:09,2025-07-03 18:03:59,124,2278,1088,4032,4013,19,735,210,204,6,141,201.60,139690,55950,3367,52583,608,10,110,1.5800,14.9500,0.4800,711,574,137,106995,102683,4312,58,35,23,"""[{\""name\"":\""关注\"",\""value\"":6606,\""ratio\"":3.14,\""ratio_str\"":\""3.14\""},{\""name\"":\""其他\"",\""value\"":18491,\""ratio\"":8.79,\""ratio_str\"":\""8.79\""},{\""name\"":\""同城\"",\""value\"":11,\""ratio\"":0.01,\""ratio_str\"":\""0.01\""},{\""name\"":\""商业化\"",\""value\"":9,\""ratio\"":0,\""ratio_str\"":\""0.00\""},{\""name\"":\""搜索\"",\""value\"":2983,\""ratio\"":1.42,\""ratio_str\"":\""1.42\""},{\""name\"":\""直播推荐\"",\""value\"":175791,\""ratio\"":83.61,\""ratio_str\"":\""83.61\""},{\""name\"":\""视频推荐\"",\""value\"":3443,\""ratio\"":1.64,\""ratio_str\"":\""1.64\""},{\""name\"":\""个人主页\"",\""value\"":2912,\""ratio\"":1.39,\""ratio_str\"":\""1.39\""}]""","""[{\""name\"":\""直播推荐\"",\""value\"":52446,\""ratio\"":94.61,\""ratio_str\"":\""94.61\""},{\""name\"":\""其他\"",\""value\"":1376,\""ratio\"":2.48,\""ratio_str\"":\""2.48\""},{\""name\"":\""关注\"",\""value\"":904,\""ratio\"":1.63,\""ratio_str\"":\""1.63\""},{\""name\"":\""个人主页\"",\""value\"":374,\""ratio\"":0.67,\""ratio_str\"":\""0.67\""},{\""name\"":\""搜索\"",\""value\"":282,\""ratio\"":0.51,\""ratio_str\"":\""0.51\""},{\""name\"":\""视频推荐\"",\""value\"":46,\""ratio\"":0.08,\""ratio_str\"":\""0.08\""},{\""name\"":\""商业化\"",\""value\"":5,\""ratio\"":0.020000000000005118,\""ratio_str\"":\""0.02\""}]""",1217,2150,0.4005,0.0109,0.0127,0.0038,0.0602,0.8073,0.9597,0.6034,0.9714,0.3614,2025-07-10 11:13:53
戴维李,7522761617579281190,"黄金现在能买吗，你一定...展开",2025-07-03 15:57:30,2025-07-03 17:54:11,116,2522,1457,1940,1910,30,998,431,411,20,261,97.00,351531,50067,7180,42887,806,24,185,2.4900,9.8500,0.8300,1187,892,295,109990,103747,6243,91,53,38,"""[{\""name\"":\""个人主页\"",\""value\"":6116,\""ratio\"":1.18,\""ratio_str\"":\""1.18\""},{\""name\"":\""关注\"",\""value\"":14709,\""ratio\"":2.83,\""ratio_str\"":\""2.83\""},{\""name\"":\""其他\"",\""value\"":27351,\""ratio\"":5.27,\""ratio_str\"":\""5.27\""},{\""name\"":\""同城\"",\""value\"":15,\""ratio\"":0,\""ratio_str\"":\""0.00\""},{\""name\"":\""商业化\"",\""value\"":13,\""ratio\"":0,\""ratio_str\"":\""0.00\""},{\""name\"":\""搜索\"",\""value\"":3679,\""ratio\"":0.71,\""ratio_str\"":\""0.71\""},{\""name\"":\""直播推荐\"",\""value\"":459579,\""ratio\"":88.54,\""ratio_str\"":\""88.54\""},{\""name\"":\""视频推荐\"",\""value\"":7618,\""ratio\"":1.47,\""ratio_str\"":\""1.47\""}]""","""[{\""name\"":\""直播推荐\"",\""value\"":46260,\""ratio\"":92.5,\""ratio_str\"":\""92.50\""},{\""name\"":\""关注\"",\""value\"":1716,\""ratio\"":3.43,\""ratio_str\"":\""3.43\""},{\""name\"":\""其他\"",\""value\"":1264,\""ratio\"":2.53,\""ratio_str\"":\""2.53\""},{\""name\"":\""个人主页\"",\""value\"":430,\""ratio\"":0.86,\""ratio_str\"":\""0.86\""},{\""name\"":\""搜索\"",\""value\"":223,\""ratio\"":0.45,\""ratio_str\"":\""0.45\""},{\""name\"":\""视频推荐\"",\""value\"":119,\""ratio\"":0.22999999999999488,\""ratio_str\"":\""0.23\""},{\""name\"":\""商业化\"",\""value\"":1,\""ratio\"":0,\""ratio_str\"":\""0.00\""}]""",1762,5418,0.1424,0.0161,0.0237,0.0086,0.1434,0.7515,0.9432,0.5824,0.9536,0.2454,2025-07-09 19:50:23
老桑财知道,7522693914437143337,"东半球最强直播间",2025-07-03 11:35:06,2025-07-03 11:56:58,21,2,0,0,0,0,0,0,0,0,0,0.00,3,2,2,0,0,0,0,9.9400,7.9300,0.0000,1,1,0,0,0,0,0,0,0,"""[{\""name\"":\""其他\"",\""value\"":11,\""ratio\"":40.74,\""ratio_str\"":\""40.74\""},{\""name\"":\""搜索\"",\""value\"":11,\""ratio\"":40.74,\""ratio_str\"":\""40.74\""},{\""name\"":\""个人主页\"",\""value\"":3,\""ratio\"":11.11,\""ratio_str\"":\""11.11\""},{\""name\"":\""关注\"",\""value\"":2,\""ratio\"":7.409999999999986,\""ratio_str\"":\""7.41\""}]""","""[{\""name\"":\""搜索\"",\""value\"":2,\""ratio\"":40,\""ratio_str\"":\""40.00\""},{\""name\"":\""个人主页\"",\""value\"":2,\""ratio\"":40,\""ratio_str\"":\""40.00\""},{\""name\"":\""关注\"",\""value\"":1,\""ratio\"":20,\""ratio_str\"":\""20.00\""}]""",1,1,0.6667,0.0000,0.5000,0.0000,1.0000,1.0000,0.0000,0.0000,0.0000,0.5000,2025-07-10 11:13:19
戴维李,7522693914403343155,"黄金现在能买吗，你一定...展开",2025-07-03 11:35:03,2025-07-03 11:56:21,21,1,0,0,0,0,0,0,0,0,0,0.00,4,2,2,0,0,0,0,6.5700,0.4500,0.0000,1,0,1,0,0,0,0,0,0,"""[{\""name\"":\""个人主页\"",\""value\"":3,\""ratio\"":11.54,\""ratio_str\"":\""11.54\""},{\""name\"":\""关注\"",\""value\"":3,\""ratio\"":11.54,\""ratio_str\"":\""11.54\""},{\""name\"":\""其他\"",\""value\"":15,\""ratio\"":57.69,\""ratio_str\"":\""57.69\""},{\""name\"":\""搜索\"",\""value\"":5,\""ratio\"":19.23,\""ratio_str\"":\""19.23\""}]""","""[{\""name\"":\""个人主页\"",\""value\"":2,\""ratio\"":40,\""ratio_str\"":\""40.00\""},{\""name\"":\""关注\"",\""value\"":1,\""ratio\"":20,\""ratio_str\"":\""20.00\""},{\""name\"":\""搜索\"",\""value\"":2,\""ratio\"":40,\""ratio_str\"":\""40.00\""}]""",2,0,0.5000,0.0000,0.5000,0.0000,1.0000,0.0000,0.0000,0.0000,0.0000,1.0000,2025-07-09 19:49:05
戴维李,7522687892443990794,"黄金现在能买吗，你一定...展开",2025-07-03 11:11:36,2025-07-03 11:33:11,21,1,0,0,0,0,0,0,0,0,0,0.00,3,1,1,0,0,0,0,10.0200,9.8700,0.0000,1,0,1,0,0,0,0,0,0,"""[{\""name\"":\""关注\"",\""value\"":3,\""ratio\"":21.43,\""ratio_str\"":\""21.43\""},{\""name\"":\""其他\"",\""value\"":11,\""ratio\"":78.57,\""ratio_str\"":\""78.57\""}]""","""[{\""name\"":\""个人主页\"",\""value\"":1,\""ratio\"":50,\""ratio_str\"":\""50.00\""},{\""name\"":\""关注\"",\""value\"":1,\""ratio\"":50,\""ratio_str\"":\""50.00\""}]""",1,0,0.3333,0.0000,1.0000,0.0000,1.0000,0.0000,0.0000,0.0000,0.0000,1.0000,2025-07-09 19:48:27
老桑财知道,7522687653641227051,"东半球最强直播间",2025-07-03 11:10:35,2025-07-03 11:32:22,21,1,0,0,0,0,0,0,0,0,0,0.00,2,1,1,0,0,0,0,20.4500,20.1300,0.0000,0,0,0,49,49,0,0,0,0,"""[{\""name\"":\""个人主页\"",\""value\"":7,\""ratio\"":87.5,\""ratio_str\"":\""87.50\""},{\""name\"":\""其他\"",\""value\"":1,\""ratio\"":12.5,\""ratio_str\"":\""12.50\""}]""","""[{\""name\"":\""个人主页\"",\""value\"":2,\""ratio\"":66.67,\""ratio_str\"":\""66.67\""},{\""name\"":\""其他\"",\""value\"":1,\""ratio\"":33.33,\""ratio_str\"":\""33.33\""}]""",1,0,0.5000,0.0000,0.0000,0.0000,1.0000,0.0000,1.0000,0.0000,0.0000,1.0000,2025-07-10 11:12:44
戴维李,7522413141678918427,"黄金现在能买吗，你一定...展开",2025-07-02 17:25:18,2025-07-02 19:03:46,98,2056,1495,1889,1856,33,695,513,495,18,338,94.45,299860,37754,6571,31183,946,14,280,3.0200,9.4900,1.1800,1230,904,326,183127,173546,9581,78,50,28,"""[{\""name\"":\""直播推荐\"",\""value\"":392161,\""ratio\"":88.06,\""ratio_str\"":\""88.06\""},{\""name\"":\""其他\"",\""value\"":21583,\""ratio\"":4.85,\""ratio_str\"":\""4.85\""},{\""name\"":\""关注\"",\""value\"":12954,\""ratio\"":2.91,\""ratio_str\"":\""2.91\""},{\""name\"":\""视频推荐\"",\""value\"":8746,\""ratio\"":1.96,\""ratio_str\"":\""1.96\""},{\""name\"":\""个人主页\"",\""value\"":5663,\""ratio\"":1.27,\""ratio_str\"":\""1.27\""},{\""name\"":\""搜索\"",\""value\"":4157,\""ratio\"":0.93,\""ratio_str\"":\""0.93\""},{\""name\"":\""同城\"",\""value\"":64,\""ratio\"":0.020000000000005118,\""ratio_str\"":\""0.02\""},{\""name\"":\""商业化\"",\""value\"":19,\""ratio\"":0,\""ratio_str\"":\""0.00\""}]""","""[{\""name\"":\""直播推荐\"",\""value\"":34691,\""ratio\"":91.96,\""ratio_str\"":\""91.96\""},{\""name\"":\""关注\"",\""value\"":1445,\""ratio\"":3.83,\""ratio_str\"":\""3.83\""},{\""name\"":\""其他\"",\""value\"":845,\""ratio\"":2.24,\""ratio_str\"":\""2.24\""},{\""name\"":\""个人主页\"",\""value\"":306,\""ratio\"":0.81,\""ratio_str\"":\""0.81\""},{\""name\"":\""搜索\"",\""value\"":220,\""ratio\"":0.58,\""ratio_str\"":\""0.58\""},{\""name\"":\""视频推荐\"",\""value\"":166,\""ratio\"":0.44,\""ratio_str\"":\""0.44\""},{\""name\"":\""同城\"",\""value\"":47,\""ratio\"":0.12,\""ratio_str\"":\""0.12\""},{\""name\"":\""商业化\"",\""value\"":5,\""ratio\"":0.020000000000005118,\""ratio_str\"":\""0.02\""}]""",1540,5031,0.1259,0.0251,0.0326,0.0136,0.1740,0.7350,0.9477,0.6410,0.9649,0.2344,2025-07-09 19:47:10
老桑财知道,7522391835231226663,"东半球最强直播间",2025-07-02 16:02:33,2025-07-02 18:00:56,118,2273,1428,1016,987,29,615,274,256,18,203,50.80,225148,75374,3164,72210,813,20,163,1.4000,17.5900,0.4500,713,572,141,158787,155126,3661,52,46,6,"""[{\""name\"":\""直播推荐\"",\""value\"":279897,\""ratio\"":86.62,\""ratio_str\"":\""86.62\""},{\""name\"":\""其他\"",\""value\"":20652,\""ratio\"":6.39,\""ratio_str\"":\""6.39\""},{\""name\"":\""视频推荐\"",\""value\"":10252,\""ratio\"":3.17,\""ratio_str\"":\""3.17\""},{\""name\"":\""关注\"",\""value\"":6109,\""ratio\"":1.89,\""ratio_str\"":\""1.89\""},{\""name\"":\""个人主页\"",\""value\"":3410,\""ratio\"":1.06,\""ratio_str\"":\""1.06\""},{\""name\"":\""搜索\"",\""value\"":2764,\""ratio\"":0.86,\""ratio_str\"":\""0.86\""},{\""name\"":\""同城\"",\""value\"":30,\""ratio\"":0.00999999999998579,\""ratio_str\"":\""0.01\""},{\""name\"":\""商业化\"",\""value\"":8,\""ratio\"":0,\""ratio_str\"":\""0.00\""}]""","""[{\""name\"":\""直播推荐\"",\""value\"":69717,\""ratio\"":96.06,\""ratio_str\"":\""96.06\""},{\""name\"":\""其他\"",\""value\"":1417,\""ratio\"":1.95,\""ratio_str\"":\""1.95\""},{\""name\"":\""关注\"",\""value\"":851,\""ratio\"":1.17,\""ratio_str\"":\""1.17\""},{\""name\"":\""个人主页\"",\""value\"":237,\""ratio\"":0.33,\""ratio_str\"":\""0.33\""},{\""name\"":\""视频推荐\"",\""value\"":180,\""ratio\"":0.25,\""ratio_str\"":\""0.25\""},{\""name\"":\""搜索\"",\""value\"":171,\""ratio\"":0.22999999999999488,\""ratio_str\"":\""0.23\""},{\""name\"":\""商业化\"",\""value\"":6,\""ratio\"":0.01,\""ratio_str\"":\""0.01\""}]""",0,0,0.3348,0.0108,0.0095,0.0036,0.0420,0.8022,0.9769,0.8846,0.9343,0.0000,2025-07-17 12:05:34
戴维李,7522030837462813482,"黄金现在能买吗，你一定...展开",2025-07-01 16:41:42,2025-07-01 18:10:10,88,2832,1501,757,721,36,505,376,355,21,239,37.85,357659,52758,5866,46892,772,17,172,1.6800,7.4900,0.6800,803,587,216,119876,114621,5255,58,41,17,"""[{\""name\"":\""直播推荐\"",\""value\"":451187,\""ratio\"":90.48,\""ratio_str\"":\""90.48\""},{\""name\"":\""其他\"",\""value\"":23448,\""ratio\"":4.7,\""ratio_str\"":\""4.70\""},{\""name\"":\""关注\"",\""value\"":11042,\""ratio\"":2.21,\""ratio_str\"":\""2.21\""},{\""name\"":\""视频推荐\"",\""value\"":5278,\""ratio\"":1.06,\""ratio_str\"":\""1.06\""},{\""name\"":\""个人主页\"",\""value\"":4491,\""ratio\"":0.9,\""ratio_str\"":\""0.90\""},{\""name\"":\""搜索\"",\""value\"":3172,\""ratio\"":0.6499999999999909,\""ratio_str\"":\""0.65\""},{\""name\"":\""商业化\"",\""value\"":10,\""ratio\"":0,\""ratio_str\"":\""0.00\""},{\""name\"":\""同城\"",\""value\"":5,\""ratio\"":0,\""ratio_str\"":\""0.00\""}]""","""[{\""name\"":\""直播推荐\"",\""value\"":49347,\""ratio\"":94.18,\""ratio_str\"":\""94.18\""},{\""name\"":\""其他\"",\""value\"":1226,\""ratio\"":2.34,\""ratio_str\"":\""2.34\""},{\""name\"":\""关注\"",\""value\"":1220,\""ratio\"":2.33,\""ratio_str\"":\""2.33\""},{\""name\"":\""个人主页\"",\""value\"":293,\""ratio\"":0.56,\""ratio_str\"":\""0.56\""},{\""name\"":\""搜索\"",\""value\"":213,\""ratio\"":0.41,\""ratio_str\"":\""0.41\""},{\""name\"":\""视频推荐\"",\""value\"":96,\""ratio\"":0.16999999999999488,\""ratio_str\"":\""0.17\""},{\""name\"":\""商业化\"",\""value\"":3,\""ratio\"":0.01,\""ratio_str\"":\""0.01\""}]""",0,0,0.1475,0.0146,0.0152,0.0071,0.1112,0.7310,0.9562,0.7069,0.9441,0.0000,2025-07-09 19:45:53
老桑财知道,7522019569830103871,"东半球最强直播间",2025-07-01 15:57:53,2025-07-01 18:03:56,126,2303,1272,1430,1411,19,301,254,242,12,172,71.50,246340,81700,2879,78821,796,9,119,1.1100,15.7200,0.3800,737,567,170,129204,122241,6963,62,42,20,"""[{\""name\"":\""直播推荐\"",\""value\"":310486,\""ratio\"":92.28,\""ratio_str\"":\""92.28\""},{\""name\"":\""其他\"",\""value\"":16338,\""ratio\"":4.86,\""ratio_str\"":\""4.86\""},{\""name\"":\""关注\"",\""value\"":5183,\""ratio\"":1.54,\""ratio_str\"":\""1.54\""},{\""name\"":\""个人主页\"",\""value\"":2459,\""ratio\"":0.73,\""ratio_str\"":\""0.73\""},{\""name\"":\""搜索\"",\""value\"":1124,\""ratio\"":0.33,\""ratio_str\"":\""0.33\""},{\""name\"":\""视频推荐\"",\""value\"":836,\""ratio\"":0.25,\""ratio_str\"":\""0.25\""},{\""name\"":\""同城\"",\""value\"":17,\""ratio\"":0.00999999999998579,\""ratio_str\"":\""0.01\""},{\""name\"":\""商业化\"",\""value\"":5,\""ratio\"":0,\""ratio_str\"":\""0.00\""}]""","""[{\""name\"":\""个人主页\"",\""value\"":168,\""ratio\"":0.21,\""ratio_str\"":\""0.21\""},{\""name\"":\""关注\"",\""value\"":670,\""ratio\"":0.83,\""ratio_str\"":\""0.83\""},{\""name\"":\""其他\"",\""value\"":1175,\""ratio\"":1.46,\""ratio_str\"":\""1.46\""},{\""name\"":\""同城\"",\""value\"":13,\""ratio\"":0.02,\""ratio_str\"":\""0.02\""},{\""name\"":\""商业化\"",\""value\"":3,\""ratio\"":0,\""ratio_str\"":\""0.00\""},{\""name\"":\""搜索\"",\""value\"":141,\""ratio\"":0.18,\""ratio_str\"":\""0.18\""},{\""name\"":\""直播推荐\"",\""value\"":78265,\""ratio\"":97.27,\""ratio_str\"":\""97.27\""},{\""name\"":\""视频推荐\"",\""value\"":23,\""ratio\"":0.03,\""ratio_str\"":\""0.03\""}]""",0,0,0.3317,0.0097,0.0090,0.0031,0.0352,0.7693,0.9461,0.6774,0.9528,0.0000,2025-07-10 11:09:50
戴维李,7521657288310934322,"金价什么点位能买？",2025-06-30 16:32:20,2025-06-30 18:27:11,114,2783,1377,1125,1081,44,784,480,455,25,305,56.25,417955,47927,6550,41377,865,27,232,2.4200,9.1200,0.9100,751,517,234,130192,120169,10023,89,49,40,"""[{\""name\"":\""视频推荐\"",\""value\"":8167,\""ratio\"":1.4,\""ratio_str\"":\""1.40\""},{\""name\"":\""个人主页\"",\""value\"":5835,\""ratio\"":1,\""ratio_str\"":\""1.00\""},{\""name\"":\""关注\"",\""value\"":12973,\""ratio\"":2.22,\""ratio_str\"":\""2.22\""},{\""name\"":\""其他\"",\""value\"":27981,\""ratio\"":4.79,\""ratio_str\"":\""4.79\""},{\""name\"":\""同城\"",\""value\"":15,\""ratio\"":0,\""ratio_str\"":\""0.00\""},{\""name\"":\""商业化\"",\""value\"":17,\""ratio\"":0,\""ratio_str\"":\""0.00\""},{\""name\"":\""搜索\"",\""value\"":5300,\""ratio\"":0.91,\""ratio_str\"":\""0.91\""},{\""name\"":\""直播推荐\"",\""value\"":524070,\""ratio\"":89.68,\""ratio_str\"":\""89.68\""}]""","""[{\""name\"":\""直播推荐\"",\""value\"":43800,\""ratio\"":91.34,\""ratio_str\"":\""91.34\""},{\""name\"":\""其他\"",\""value\"":1874,\""ratio\"":3.91,\""ratio_str\"":\""3.91\""},{\""name\"":\""关注\"",\""value\"":1528,\""ratio\"":3.19,\""ratio_str\"":\""3.19\""},{\""name\"":\""个人主页\"",\""value\"":329,\""ratio\"":0.69,\""ratio_str\"":\""0.69\""},{\""name\"":\""搜索\"",\""value\"":245,\""ratio\"":0.51,\""ratio_str\"":\""0.51\""},{\""name\"":\""视频推荐\"",\""value\"":167,\""ratio\"":0.35,\""ratio_str\"":\""0.35\""},{\""name\"":\""商业化\"",\""value\"":10,\""ratio\"":0.010000000000009095,\""ratio_str\"":\""0.01\""}]""",0,0,0.1147,0.0180,0.0157,0.0100,0.1367,0.6884,0.9230,0.5506,0.9479,0.0000,2025-07-09 19:45:15
老桑财知道,7521649300678445859,"东半球最强直播间",2025-06-30 16:01:05,2025-06-30 17:41:39,100,2015,1272,1648,1613,35,257,209,190,19,147,82.40,268049,46089,2630,43459,881,13,99,1.9100,15.6500,0.8200,716,508,208,107902,100814,7088,71,42,29,"""[{\""name\"":\""直播推荐\"",\""value\"":344143,\""ratio\"":93.6,\""ratio_str\"":\""93.60\""},{\""name\"":\""其他\"",\""value\"":13884,\""ratio\"":3.78,\""ratio_str\"":\""3.78\""},{\""name\"":\""关注\"",\""value\"":3679,\""ratio\"":1,\""ratio_str\"":\""1.00\""},{\""name\"":\""搜索\"",\""value\"":2177,\""ratio\"":0.59,\""ratio_str\"":\""0.59\""},{\""name\"":\""个人主页\"",\""value\"":2158,\""ratio\"":0.59,\""ratio_str\"":\""0.59\""},{\""name\"":\""视频推荐\"",\""value\"":1594,\""ratio\"":0.43,\""ratio_str\"":\""0.43\""},{\""name\"":\""同城\"",\""value\"":35,\""ratio\"":0.00999999999998579,\""ratio_str\"":\""0.01\""},{\""name\"":\""商业化\"",\""value\"":16,\""ratio\"":0,\""ratio_str\"":\""0.00\""}]""","""[{\""name\"":\""视频推荐\"",\""value\"":36,\""ratio\"":0.08,\""ratio_str\"":\""0.08\""},{\""name\"":\""个人主页\"",\""value\"":147,\""ratio\"":0.32,\""ratio_str\"":\""0.32\""},{\""name\"":\""关注\"",\""value\"":519,\""ratio\"":1.14,\""ratio_str\"":\""1.14\""},{\""name\"":\""其他\"",\""value\"":946,\""ratio\"":2.08,\""ratio_str\"":\""2.08\""},{\""name\"":\""同城\"",\""value\"":15,\""ratio\"":0.03,\""ratio_str\"":\""0.03\""},{\""name\"":\""商业化\"",\""value\"":4,\""ratio\"":0.01,\""ratio_str\"":\""0.01\""},{\""name\"":\""搜索\"",\""value\"":250,\""ratio\"":0.55,\""ratio_str\"":\""0.55\""},{\""name\"":\""直播推荐\"",\""value\"":43614,\""ratio\"":95.79,\""ratio_str\"":\""95.79\""}]""",0,0,0.1719,0.0191,0.0155,0.0045,0.0571,0.7095,0.9343,0.5915,0.9091,0.0000,2025-07-10 11:08:41
老桑财知道,7520505063756909363,"东半球最强直播间",2025-06-27 14:00:52,2025-06-27 16:05:42,124,1511,921,1315,1292,23,190,172,155,17,124,65.75,178605,33080,2795,30285,757,12,92,2.5800,13.2700,1.1000,716,470,246,101257,94540,6717,51,32,19,"""[{\""name\"":\""直播推荐\"",\""value\"":239880,\""ratio\"":90.04,\""ratio_str\"":\""90.04\""},{\""name\"":\""其他\"",\""value\"":14665,\""ratio\"":5.5,\""ratio_str\"":\""5.50\""},{\""name\"":\""关注\"",\""value\"":5279,\""ratio\"":1.98,\""ratio_str\"":\""1.98\""},{\""name\"":\""搜索\"",\""value\"":3249,\""ratio\"":1.22,\""ratio_str\"":\""1.22\""},{\""name\"":\""个人主页\"",\""value\"":2374,\""ratio\"":0.89,\""ratio_str\"":\""0.89\""},{\""name\"":\""视频推荐\"",\""value\"":930,\""ratio\"":0.35,\""ratio_str\"":\""0.35\""},{\""name\"":\""同城\"",\""value\"":32,\""ratio\"":0.020000000000005118,\""ratio_str\"":\""0.02\""},{\""name\"":\""商业化\"",\""value\"":5,\""ratio\"":0,\""ratio_str\"":\""0.00\""}]""","""[{\""name\"":\""个人主页\"",\""value\"":201,\""ratio\"":0.61,\""ratio_str\"":\""0.61\""},{\""name\"":\""关注\"",\""value\"":688,\""ratio\"":2.1,\""ratio_str\"":\""2.10\""},{\""name\"":\""其他\"",\""value\"":841,\""ratio\"":2.56,\""ratio_str\"":\""2.56\""},{\""name\"":\""同城\"",\""value\"":15,\""ratio\"":0.05,\""ratio_str\"":\""0.05\""},{\""name\"":\""商业化\"",\""value\"":1,\""ratio\"":0,\""ratio_str\"":\""0.00\""},{\""name\"":\""搜索\"",\""value\"":415,\""ratio\"":1.27,\""ratio_str\"":\""1.27\""},{\""name\"":\""直播推荐\"",\""value\"":30609,\""ratio\"":93.34,\""ratio_str\"":\""93.34\""},{\""name\"":\""视频推荐\"",\""value\"":24,\""ratio\"":0.07,\""ratio_str\"":\""0.07\""}]""",0,0,0.1852,0.0229,0.0216,0.0052,0.0845,0.6564,0.9337,0.6275,0.9012,0.0000,2025-07-10 11:07:32
戴维李,7520460256858688310,"金价什么点位能买？",2025-06-27 11:07:18,2025-06-27 12:43:01,95,2708,1684,777,485,292,589,285,259,26,183,38.85,499571,57986,6239,51747,884,17,136,1.9300,8.1600,0.7500,1037,681,356,136502,133284,3218,106,48,58,"""[{\""name\"":\""个人主页\"",\""value\"":7234,\""ratio\"":1.04,\""ratio_str\"":\""1.04\""},{\""name\"":\""关注\"",\""value\"":11852,\""ratio\"":1.7,\""ratio_str\"":\""1.70\""},{\""name\"":\""其他\"",\""value\"":27807,\""ratio\"":3.98,\""ratio_str\"":\""3.98\""},{\""name\"":\""同城\"",\""value\"":13,\""ratio\"":0,\""ratio_str\"":\""0.00\""},{\""name\"":\""商业化\"",\""value\"":22,\""ratio\"":0,\""ratio_str\"":\""0.00\""},{\""name\"":\""搜索\"",\""value\"":14751,\""ratio\"":2.11,\""ratio_str\"":\""2.11\""},{\""name\"":\""直播推荐\"",\""value\"":621047,\""ratio\"":88.88,\""ratio_str\"":\""88.88\""},{\""name\"":\""视频推荐\"",\""value\"":15989,\""ratio\"":2.29,\""ratio_str\"":\""2.29\""}]""","""[{\""name\"":\""其他\"",\""value\"":1729,\""ratio\"":3,\""ratio_str\"":\""3.00\""},{\""name\"":\""商业化\"",\""value\"":6,\""ratio\"":0.01,\""ratio_str\"":\""0.01\""},{\""name\"":\""搜索\"",\""value\"":738,\""ratio\"":1.28,\""ratio_str\"":\""1.28\""},{\""name\"":\""直播推荐\"",\""value\"":53155,\""ratio\"":92.25,\""ratio_str\"":\""92.25\""},{\""name\"":\""视频推荐\"",\""value\"":234,\""ratio\"":0.41,\""ratio_str\"":\""0.41\""},{\""name\"":\""个人主页\"",\""value\"":421,\""ratio\"":0.73,\""ratio_str\"":\""0.73\""},{\""name\"":\""关注\"",\""value\"":1338,\""ratio\"":2.32,\""ratio_str\"":\""2.32\""}]""",0,0,0.1161,0.0152,0.0179,0.0049,0.1076,0.6567,0.9764,0.4528,0.9088,0.0000,2025-07-09 19:42:41
戴维李,7520191387449117451,"金价连续下跌，现在还能上车吗？",2025-06-26 17:43:52,2025-06-26 18:57:23,73,6723,1806,907,865,42,670,433,412,21,356,45.35,592309,64168,5083,59085,1037,10,317,1.2400,7.4500,0.5200,892,636,256,113576,110114,3462,85,33,52,"""[{\""name\"":\""视频推荐\"",\""value\"":16198,\""ratio\"":2.12,\""ratio_str\"":\""2.12\""},{\""name\"":\""个人主页\"",\""value\"":5065,\""ratio\"":0.66,\""ratio_str\"":\""0.66\""},{\""name\"":\""关注\"",\""value\"":9853,\""ratio\"":1.29,\""ratio_str\"":\""1.29\""},{\""name\"":\""其他\"",\""value\"":19809,\""ratio\"":2.6,\""ratio_str\"":\""2.60\""},{\""name\"":\""同城\"",\""value\"":15,\""ratio\"":0,\""ratio_str\"":\""0.00\""},{\""name\"":\""商业化\"",\""value\"":10,\""ratio\"":0,\""ratio_str\"":\""0.00\""},{\""name\"":\""搜索\"",\""value\"":7059,\""ratio\"":0.93,\""ratio_str\"":\""0.93\""},{\""name\"":\""直播推荐\"",\""value\"":704918,\""ratio\"":92.4,\""ratio_str\"":\""92.40\""}]""","""[{\""name\"":\""直播推荐\"",\""value\"":60624,\""ratio\"":95.59,\""ratio_str\"":\""95.59\""},{\""name\"":\""关注\"",\""value\"":1108,\""ratio\"":1.75,\""ratio_str\"":\""1.75\""},{\""name\"":\""其他\"",\""value\"":977,\""ratio\"":1.54,\""ratio_str\"":\""1.54\""},{\""name\"":\""搜索\"",\""value\"":271,\""ratio\"":0.43,\""ratio_str\"":\""0.43\""},{\""name\"":\""个人主页\"",\""value\"":224,\""ratio\"":0.35,\""ratio_str\"":\""0.35\""},{\""name\"":\""视频推荐\"",\""value\"":211,\""ratio\"":0.3399999999999909,\""ratio_str\"":\""0.34\""},{\""name\"":\""商业化\"",\""value\"":3,\""ratio\"":0,\""ratio_str\"":\""0.00\""},{\""name\"":\""同城\"",\""value\"":1,\""ratio\"":0,\""ratio_str\"":\""0.00\""}]""",0,0,0.1083,0.0162,0.0139,0.0067,0.0792,0.7130,0.9695,0.3882,0.9515,0.0000,2025-07-09 19:41:24
老桑财知道,7520165460818594596,"东半球最强直播间",2025-06-26 16:03:03,2025-06-26 17:27:42,84,1026,701,308,287,21,141,109,99,10,83,15.40,124601,23452,1829,21623,484,7,63,1.7100,10.3500,0.6900,475,336,139,56039,51050,4989,16,13,3,"""[{\""name\"":\""直播推荐\"",\""value\"":158989,\""ratio\"":91.32,\""ratio_str\"":\""91.32\""},{\""name\"":\""其他\"",\""value\"":8185,\""ratio\"":4.7,\""ratio_str\"":\""4.70\""},{\""name\"":\""关注\"",\""value\"":3230,\""ratio\"":1.86,\""ratio_str\"":\""1.86\""},{\""name\"":\""个人主页\"",\""value\"":1410,\""ratio\"":0.81,\""ratio_str\"":\""0.81\""},{\""name\"":\""搜索\"",\""value\"":1165,\""ratio\"":0.67,\""ratio_str\"":\""0.67\""},{\""name\"":\""视频推荐\"",\""value\"":1095,\""ratio\"":0.6199999999999949,\""ratio_str\"":\""0.62\""},{\""name\"":\""同城\"",\""value\"":12,\""ratio\"":0.01,\""ratio_str\"":\""0.01\""},{\""name\"":\""商业化\"",\""value\"":9,\""ratio\"":0.01,\""ratio_str\"":\""0.01\""}]""","""[{\""name\"":\""直播推荐\"",\""value\"":21942,\""ratio\"":94.52,\""ratio_str\"":\""94.52\""},{\""name\"":\""其他\"",\""value\"":529,\""ratio\"":2.28,\""ratio_str\"":\""2.28\""},{\""name\"":\""关注\"",\""value\"":451,\""ratio\"":1.94,\""ratio_str\"":\""1.94\""},{\""name\"":\""个人主页\"",\""value\"":131,\""ratio\"":0.56,\""ratio_str\"":\""0.56\""},{\""name\"":\""搜索\"",\""value\"":130,\""ratio\"":0.56,\""ratio_str\"":\""0.56\""},{\""name\"":\""视频推荐\"",\""value\"":15,\""ratio\"":0.06,\""ratio_str\"":\""0.06\""},{\""name\"":\""同城\"",\""value\"":11,\""ratio\"":0.05,\""ratio_str\"":\""0.05\""},{\""name\"":\""商业化\"",\""value\"":5,\""ratio\"":0.030000000000005116,\""ratio_str\"":\""0.03\""}]""",0,0,0.1882,0.0206,0.0203,0.0046,0.0780,0.7074,0.9110,0.8125,0.9083,0.0000,2025-07-10 11:06:23
老桑财知道,7520130967147744054,"东半球最强直播间",2025-06-26 13:49:21,2025-06-26 15:00:20,70,1250,754,296,284,12,107,92,84,8,68,14.80,132797,22231,1748,20483,514,7,56,1.6000,8.7200,0.7900,434,303,131,76615,68939,7676,26,16,10,"""[{\""name\"":\""直播推荐\"",\""value\"":166477,\""ratio\"":92.61,\""ratio_str\"":\""92.61\""},{\""name\"":\""其他\"",\""value\"":6911,\""ratio\"":3.84,\""ratio_str\"":\""3.84\""},{\""name\"":\""关注\"",\""value\"":2870,\""ratio\"":1.6,\""ratio_str\"":\""1.60\""},{\""name\"":\""搜索\"",\""value\"":1324,\""ratio\"":0.74,\""ratio_str\"":\""0.74\""},{\""name\"":\""个人主页\"",\""value\"":1185,\""ratio\"":0.66,\""ratio_str\"":\""0.66\""},{\""name\"":\""视频推荐\"",\""value\"":983,\""ratio\"":0.55,\""ratio_str\"":\""0.55\""},{\""name\"":\""同城\"",\""value\"":17,\""ratio\"":9.0951551845464e-15,\""ratio_str\"":\""0.00\""},{\""name\"":\""商业化\"",\""value\"":2,\""ratio\"":0,\""ratio_str\"":\""0.00\""}]""","""[{\""name\"":\""直播推荐\"",\""value\"":20857,\""ratio\"":94.99,\""ratio_str\"":\""94.99\""},{\""name\"":\""其他\"",\""value\"":455,\""ratio\"":2.07,\""ratio_str\"":\""2.07\""},{\""name\"":\""关注\"",\""value\"":375,\""ratio\"":1.71,\""ratio_str\"":\""1.71\""},{\""name\"":\""搜索\"",\""value\"":164,\""ratio\"":0.75,\""ratio_str\"":\""0.75\""},{\""name\"":\""个人主页\"",\""value\"":80,\""ratio\"":0.36,\""ratio_str\"":\""0.36\""},{\""name\"":\""视频推荐\"",\""value\"":14,\""ratio\"":0.06,\""ratio_str\"":\""0.06\""},{\""name\"":\""同城\"",\""value\"":11,\""ratio\"":0.05,\""ratio_str\"":\""0.05\""},{\""name\"":\""商业化\"",\""value\"":2,\""ratio\"":0.010000000000014211,\""ratio_str\"":\""0.01\""}]""",0,0,0.1674,0.0231,0.0195,0.0041,0.0786,0.6982,0.8998,0.6154,0.9130,0.0000,2025-07-10 11:05:14
戴维李,7520096084128041767,"金价连续下跌，现在还能上车吗？",2025-06-26 11:34:00,2025-06-26 13:00:26,86,3140,1714,1183,1156,27,779,461,442,19,371,59.15,601994,56041,5789,50252,1156,17,329,1.8000,7.8800,0.8400,996,677,319,109804,102475,7329,117,70,47,"""[{\""name\"":\""直播推荐\"",\""value\"":739055,\""ratio\"":92.93,\""ratio_str\"":\""92.93\""},{\""name\"":\""其他\"",\""value\"":20325,\""ratio\"":2.56,\""ratio_str\"":\""2.56\""},{\""name\"":\""视频推荐\"",\""value\"":15141,\""ratio\"":1.9,\""ratio_str\"":\""1.90\""},{\""name\"":\""关注\"",\""value\"":9798,\""ratio\"":1.23,\""ratio_str\"":\""1.23\""},{\""name\"":\""个人主页\"",\""value\"":5999,\""ratio\"":0.75,\""ratio_str\"":\""0.75\""},{\""name\"":\""搜索\"",\""value\"":4926,\""ratio\"":0.6299999999999909,\""ratio_str\"":\""0.63\""},{\""name\"":\""同城\"",\""value\"":20,\""ratio\"":0,\""ratio_str\"":\""0.00\""},{\""name\"":\""商业化\"",\""value\"":10,\""ratio\"":0,\""ratio_str\"":\""0.00\""}]""","""[{\""name\"":\""直播推荐\"",\""value\"":52256,\""ratio\"":94.33,\""ratio_str\"":\""94.33\""},{\""name\"":\""其他\"",\""value\"":1376,\""ratio\"":2.48,\""ratio_str\"":\""2.48\""},{\""name\"":\""关注\"",\""value\"":1137,\""ratio\"":2.05,\""ratio_str\"":\""2.05\""},{\""name\"":\""个人主页\"",\""value\"":245,\""ratio\"":0.44,\""ratio_str\"":\""0.44\""},{\""name\"":\""搜索\"",\""value\"":219,\""ratio\"":0.4,\""ratio_str\"":\""0.40\""},{\""name\"":\""视频推荐\"",\""value\"":155,\""ratio\"":0.28,\""ratio_str\"":\""0.28\""},{\""name\"":\""商业化\"",\""value\"":7,\""ratio\"":0.019999999999990907,\""ratio_str\"":\""0.02\""}]""",0,0,0.0931,0.0206,0.0178,0.0082,0.1033,0.6797,0.9333,0.5983,0.9588,0.0000,2025-07-09 19:40:06
戴维李,7519823691455138614,"金价连续下跌，现在还能上车吗？",2025-06-25 17:56:52,2025-06-25 19:10:29,73,3504,2054,1247,1216,31,1080,571,546,25,487,62.35,676710,67778,5571,62207,1413,26,420,1.4000,7.4800,0.6400,937,577,360,105255,98723,6532,82,44,38,"""[{\""name\"":\""其他\"",\""value\"":17379,\""ratio\"":1.95,\""ratio_str\"":\""1.95\""},{\""name\"":\""同城\"",\""value\"":19,\""ratio\"":0,\""ratio_str\"":\""0.00\""},{\""name\"":\""商业化\"",\""value\"":9,\""ratio\"":0,\""ratio_str\"":\""0.00\""},{\""name\"":\""搜索\"",\""value\"":4602,\""ratio\"":0.52,\""ratio_str\"":\""0.52\""},{\""name\"":\""直播推荐\"",\""value\"":839230,\""ratio\"":94.14,\""ratio_str\"":\""94.14\""},{\""name\"":\""视频推荐\"",\""value\"":13681,\""ratio\"":1.53,\""ratio_str\"":\""1.53\""},{\""name\"":\""个人主页\"",\""value\"":7019,\""ratio\"":0.79,\""ratio_str\"":\""0.79\""},{\""name\"":\""关注\"",\""value\"":9502,\""ratio\"":1.07,\""ratio_str\"":\""1.07\""}]""","""[{\""name\"":\""直播推荐\"",\""value\"":63869,\""ratio\"":95.47,\""ratio_str\"":\""95.47\""},{\""name\"":\""其他\"",\""value\"":1216,\""ratio\"":1.82,\""ratio_str\"":\""1.82\""},{\""name\"":\""关注\"",\""value\"":1032,\""ratio\"":1.54,\""ratio_str\"":\""1.54\""},{\""name\"":\""搜索\"",\""value\"":345,\""ratio\"":0.52,\""ratio_str\"":\""0.52\""},{\""name\"":\""个人主页\"",\""value\"":271,\""ratio\"":0.41,\""ratio_str\"":\""0.41\""},{\""name\"":\""视频推荐\"",\""value\"":159,\""ratio\"":0.24,\""ratio_str\"":\""0.24\""},{\""name\"":\""商业化\"",\""value\"":7,\""ratio\"":9.0951551845464e-15,\""ratio_str\"":\""0.00\""},{\""name\"":\""同城\"",\""value\"":1,\""ratio\"":0,\""ratio_str\"":\""0.00\""}]""",0,0,0.1002,0.0208,0.0138,0.0084,0.0822,0.6158,0.9379,0.5366,0.9562,0.0000,2025-07-09 19:39:28
老桑财知道,7519793882729548563,"东半球最强直播间",2025-06-25 16:01:05,2025-06-25 17:35:33,94,1079,730,306,290,16,219,99,89,10,83,15.30,160645,25934,2013,23921,541,2,66,1.8200,10.8300,0.7600,530,350,180,46925,44719,2206,27,16,11,"""[{\""name\"":\""直播推荐\"",\""value\"":210584,\""ratio\"":91.91,\""ratio_str\"":\""91.91\""},{\""name\"":\""其他\"",\""value\"":11012,\""ratio\"":4.81,\""ratio_str\"":\""4.81\""},{\""name\"":\""关注\"",\""value\"":3099,\""ratio\"":1.35,\""ratio_str\"":\""1.35\""},{\""name\"":\""搜索\"",\""value\"":1699,\""ratio\"":0.74,\""ratio_str\"":\""0.74\""},{\""name\"":\""个人主页\"",\""value\"":1621,\""ratio\"":0.71,\""ratio_str\"":\""0.71\""},{\""name\"":\""视频推荐\"",\""value\"":1083,\""ratio\"":0.4800000000000193,\""ratio_str\"":\""0.48\""},{\""name\"":\""同城\"",\""value\"":10,\""ratio\"":0,\""ratio_str\"":\""0.00\""},{\""name\"":\""商业化\"",\""value\"":6,\""ratio\"":0,\""ratio_str\"":\""0.00\""}]""","""[{\""name\"":\""直播推荐\"",\""value\"":24399,\""ratio\"":94.82,\""ratio_str\"":\""94.82\""},{\""name\"":\""其他\"",\""value\"":564,\""ratio\"":2.19,\""ratio_str\"":\""2.19\""},{\""name\"":\""关注\"",\""value\"":409,\""ratio\"":1.59,\""ratio_str\"":\""1.59\""},{\""name\"":\""搜索\"",\""value\"":203,\""ratio\"":0.79,\""ratio_str\"":\""0.79\""},{\""name\"":\""个人主页\"",\""value\"":122,\""ratio\"":0.47,\""ratio_str\"":\""0.47\""},{\""name\"":\""视频推荐\"",\""value\"":26,\""ratio\"":0.1,\""ratio_str\"":\""0.10\""},{\""name\"":\""同城\"",\""value\"":6,\""ratio\"":0.02,\""ratio_str\"":\""0.02\""},{\""name\"":\""商业化\"",\""value\"":2,\""ratio\"":0.020000000000005118,\""ratio_str\"":\""0.02\""}]""",0,0,0.1614,0.0209,0.0204,0.0038,0.0776,0.6604,0.9530,0.5926,0.8990,0.0000,2025-07-10 11:04:06
老桑财知道,7519767530739698471,"东半球最强直播间",2025-06-25 14:19:03,2025-06-25 15:29:00,69,1298,738,312,310,2,145,116,114,2,87,15.60,165629,20666,1660,19006,466,8,74,1.6700,8.5400,0.7700,521,350,171,49097,44404,4693,19,9,10,"""[{\""name\"":\""直播推荐\"",\""value\"":205369,\""ratio\"":92.46,\""ratio_str\"":\""92.46\""},{\""name\"":\""其他\"",\""value\"":9496,\""ratio\"":4.28,\""ratio_str\"":\""4.28\""},{\""name\"":\""关注\"",\""value\"":2617,\""ratio\"":1.18,\""ratio_str\"":\""1.18\""},{\""name\"":\""搜索\"",\""value\"":1806,\""ratio\"":0.81,\""ratio_str\"":\""0.81\""},{\""name\"":\""个人主页\"",\""value\"":1724,\""ratio\"":0.78,\""ratio_str\"":\""0.78\""},{\""name\"":\""视频推荐\"",\""value\"":1094,\""ratio\"":0.49,\""ratio_str\"":\""0.49\""},{\""name\"":\""同城\"",\""value\"":14,\""ratio\"":9.0951551845464e-15,\""ratio_str\"":\""0.00\""},{\""name\"":\""商业化\"",\""value\"":5,\""ratio\"":0,\""ratio_str\"":\""0.00\""}]""","""[{\""name\"":\""同城\"",\""value\"":9,\""ratio\"":0.04,\""ratio_str\"":\""0.04\""},{\""name\"":\""商业化\"",\""value\"":2,\""ratio\"":0.01,\""ratio_str\"":\""0.01\""},{\""name\"":\""搜索\"",\""value\"":246,\""ratio\"":1.2,\""ratio_str\"":\""1.20\""},{\""name\"":\""直播推荐\"",\""value\"":19094,\""ratio\"":93.33,\""ratio_str\"":\""93.33\""},{\""name\"":\""视频推荐\"",\""value\"":20,\""ratio\"":0.1,\""ratio_str\"":\""0.10\""},{\""name\"":\""个人主页\"",\""value\"":104,\""ratio\"":0.51,\""ratio_str\"":\""0.51\""},{\""name\"":\""关注\"",\""value\"":374,\""ratio\"":1.83,\""ratio_str\"":\""1.83\""},{\""name\"":\""其他\"",\""value\"":609,\""ratio\"":2.98,\""ratio_str\"":\""2.98\""}]""",0,0,0.1248,0.0225,0.0252,0.0056,0.0803,0.6718,0.9044,0.4737,0.9828,0.0000,2025-07-10 11:03:32
戴维李,7519741439786797878,"金价连续下跌，现在还能上车吗？",2025-06-25 12:38:00,2025-06-25 13:49:00,71,3335,2209,2277,1848,429,1123,508,472,36,422,113.85,660363,64637,5770,58867,1333,23,343,1.6100,7.6700,0.7700,1025,636,389,112791,103607,9184,108,48,60,"""[{\""name\"":\""直播推荐\"",\""value\"":813036,\""ratio\"":94.01,\""ratio_str\"":\""94.01\""},{\""name\"":\""其他\"",\""value\"":19145,\""ratio\"":2.21,\""ratio_str\"":\""2.21\""},{\""name\"":\""视频推荐\"",\""value\"":11508,\""ratio\"":1.33,\""ratio_str\"":\""1.33\""},{\""name\"":\""关注\"",\""value\"":8645,\""ratio\"":1,\""ratio_str\"":\""1.00\""},{\""name\"":\""个人主页\"",\""value\"":7236,\""ratio\"":0.84,\""ratio_str\"":\""0.84\""},{\""name\"":\""搜索\"",\""value\"":5199,\""ratio\"":0.6099999999999909,\""ratio_str\"":\""0.61\""},{\""name\"":\""同城\"",\""value\"":24,\""ratio\"":0,\""ratio_str\"":\""0.00\""},{\""name\"":\""商业化\"",\""value\"":8,\""ratio\"":0,\""ratio_str\"":\""0.00\""}]""","""[{\""name\"":\""直播推荐\"",\""value\"":60645,\""ratio\"":94.99,\""ratio_str\"":\""94.99\""},{\""name\"":\""其他\"",\""value\"":1433,\""ratio\"":2.24,\""ratio_str\"":\""2.24\""},{\""name\"":\""关注\"",\""value\"":1036,\""ratio\"":1.62,\""ratio_str\"":\""1.62\""},{\""name\"":\""搜索\"",\""value\"":370,\""ratio\"":0.58,\""ratio_str\"":\""0.58\""},{\""name\"":\""个人主页\"",\""value\"":261,\""ratio\"":0.41,\""ratio_str\"":\""0.41\""},{\""name\"":\""视频推荐\"",\""value\"":92,\""ratio\"":0.14,\""ratio_str\"":\""0.14\""},{\""name\"":\""商业化\"",\""value\"":4,\""ratio\"":0.020000000000005118,\""ratio_str\"":\""0.02\""}]""",0,0,0.0979,0.0206,0.0159,0.0079,0.0893,0.6205,0.9186,0.4444,0.9291,0.0000,2025-07-09 19:38:49
戴维李,7519726861316836107,"金价连续下跌，现在还能上车吗？",2025-06-25 11:41:21,2025-06-25 12:24:10,42,4052,2594,524,493,31,425,325,304,21,267,26.20,803118,46696,4384,42312,1186,14,220,1.5900,6.3300,0.9100,866,479,387,51248,45638,5610,119,48,71,"""[{\""name\"":\""个人主页\"",\""value\"":5564,\""ratio\"":0.56,\""ratio_str\"":\""0.56\""},{\""name\"":\""关注\"",\""value\"":5121,\""ratio\"":0.51,\""ratio_str\"":\""0.51\""},{\""name\"":\""其他\"",\""value\"":12514,\""ratio\"":1.25,\""ratio_str\"":\""1.25\""},{\""name\"":\""同城\"",\""value\"":6,\""ratio\"":0,\""ratio_str\"":\""0.00\""},{\""name\"":\""商业化\"",\""value\"":17,\""ratio\"":0,\""ratio_str\"":\""0.00\""},{\""name\"":\""搜索\"",\""value\"":2880,\""ratio\"":0.29,\""ratio_str\"":\""0.29\""},{\""name\"":\""直播推荐\"",\""value\"":964009,\""ratio\"":96.67,\""ratio_str\"":\""96.67\""},{\""name\"":\""视频推荐\"",\""value\"":7140,\""ratio\"":0.72,\""ratio_str\"":\""0.72\""}]""","""[{\""name\"":\""直播推荐\"",\""value\"":43809,\""ratio\"":95,\""ratio_str\"":\""95.00\""},{\""name\"":\""其他\"",\""value\"":1124,\""ratio\"":2.44,\""ratio_str\"":\""2.44\""},{\""name\"":\""关注\"",\""value\"":684,\""ratio\"":1.48,\""ratio_str\"":\""1.48\""},{\""name\"":\""搜索\"",\""value\"":208,\""ratio\"":0.45,\""ratio_str\"":\""0.45\""},{\""name\"":\""个人主页\"",\""value\"":187,\""ratio\"":0.41,\""ratio_str\"":\""0.41\""},{\""name\"":\""视频推荐\"",\""value\"":94,\""ratio\"":0.2,\""ratio_str\"":\""0.20\""},{\""name\"":\""商业化\"",\""value\"":6,\""ratio\"":0.020000000000005118,\""ratio_str\"":\""0.02\""},{\""name\"":\""同城\"",\""value\"":1,\""ratio\"":0,\""ratio_str\"":\""0.00\""}]""",0,0,0.0581,0.0254,0.0185,0.0070,0.0939,0.5531,0.8905,0.4034,0.9354,0.0000,2025-07-09 19:38:11
戴维李,7519461339425737508,"金价连续下跌，现在还能上车吗？",2025-06-24 18:30:45,2025-06-24 19:38:54,68,4938,3376,1862,1801,61,1657,747,709,38,658,93.10,1196646,105675,7177,98498,2800,21,575,1.3600,8.2600,0.6500,1677,996,681,142254,134678,7576,204,95,109,"""[{\""name\"":\""其他\"",\""value\"":18628,\""ratio\"":1.21,\""ratio_str\"":\""1.21\""},{\""name\"":\""同城\"",\""value\"":21,\""ratio\"":0,\""ratio_str\"":\""0.00\""},{\""name\"":\""商业化\"",\""value\"":23,\""ratio\"":0,\""ratio_str\"":\""0.00\""},{\""name\"":\""搜索\"",\""value\"":8688,\""ratio\"":0.56,\""ratio_str\"":\""0.56\""},{\""name\"":\""直播推荐\"",\""value\"":1487464,\""ratio\"":96.22,\""ratio_str\"":\""96.22\""},{\""name\"":\""视频推荐\"",\""value\"":12005,\""ratio\"":0.78,\""ratio_str\"":\""0.78\""},{\""name\"":\""个人主页\"",\""value\"":10066,\""ratio\"":0.65,\""ratio_str\"":\""0.65\""},{\""name\"":\""关注\"",\""value\"":8926,\""ratio\"":0.58,\""ratio_str\"":\""0.58\""}]""","""[{\""name\"":\""个人主页\"",\""value\"":287,\""ratio\"":0.28,\""ratio_str\"":\""0.28\""},{\""name\"":\""关注\"",\""value\"":1059,\""ratio\"":1.01,\""ratio_str\"":\""1.01\""},{\""name\"":\""其他\"",\""value\"":1556,\""ratio\"":1.49,\""ratio_str\"":\""1.49\""},{\""name\"":\""商业化\"",\""value\"":7,\""ratio\"":0.01,\""ratio_str\"":\""0.01\""},{\""name\"":\""搜索\"",\""value\"":765,\""ratio\"":0.73,\""ratio_str\"":\""0.73\""},{\""name\"":\""直播推荐\"",\""value\"":100476,\""ratio\"":96.3,\""ratio_str\"":\""96.30\""},{\""name\"":\""视频推荐\"",\""value\"":185,\""ratio\"":0.18,\""ratio_str\"":\""0.18\""}]""",0,0,0.0883,0.0265,0.0159,0.0071,0.0679,0.5939,0.9467,0.4657,0.9491,0.0000,2025-07-09 19:37:32
老桑财知道,7519422623496178459,"东半球最强直播间",2025-06-24 16:00:24,2025-06-24 17:49:34,109,1577,1133,609,587,22,421,311,294,17,259,30.45,380048,37836,3062,34774,1429,9,219,2.4000,13.1600,1.0100,986,579,407,110477,100878,9599,64,40,24,"""[{\""name\"":\""直播推荐\"",\""value\"":502327,\""ratio\"":95.07,\""ratio_str\"":\""95.07\""},{\""name\"":\""其他\"",\""value\"":12625,\""ratio\"":2.39,\""ratio_str\"":\""2.39\""},{\""name\"":\""关注\"",\""value\"":3985,\""ratio\"":0.75,\""ratio_str\"":\""0.75\""},{\""name\"":\""个人主页\"",\""value\"":3852,\""ratio\"":0.73,\""ratio_str\"":\""0.73\""},{\""name\"":\""搜索\"",\""value\"":2822,\""ratio\"":0.53,\""ratio_str\"":\""0.53\""},{\""name\"":\""视频推荐\"",\""value\"":2099,\""ratio\"":0.4,\""ratio_str\"":\""0.40\""},{\""name\"":\""商业化\"",\""value\"":635,\""ratio\"":0.1299999999999909,\""ratio_str\"":\""0.13\""},{\""name\"":\""同城\"",\""value\"":13,\""ratio\"":0,\""ratio_str\"":\""0.00\""}]""","""[{\""name\"":\""直播推荐\"",\""value\"":35482,\""ratio\"":94.62,\""ratio_str\"":\""94.62\""},{\""name\"":\""其他\"",\""value\"":732,\""ratio\"":1.95,\""ratio_str\"":\""1.95\""},{\""name\"":\""关注\"",\""value\"":602,\""ratio\"":1.61,\""ratio_str\"":\""1.61\""},{\""name\"":\""搜索\"",\""value\"":323,\""ratio\"":0.86,\""ratio_str\"":\""0.86\""},{\""name\"":\""个人主页\"",\""value\"":162,\""ratio\"":0.43,\""ratio_str\"":\""0.43\""},{\""name\"":\""商业化\"",\""value\"":157,\""ratio\"":0.42,\""ratio_str\"":\""0.42\""},{\""name\"":\""视频推荐\"",\""value\"":34,\""ratio\"":0.09,\""ratio_str\"":\""0.09\""},{\""name\"":\""同城\"",\""value\"":9,\""ratio\"":0.01999999999998579,\""ratio_str\"":\""0.02\""}]""",0,0,0.0996,0.0378,0.0261,0.0082,0.0809,0.5872,0.9131,0.6250,0.9453,0.0000,2025-07-10 11:01:14
戴维李,7519332671290641188,"点进来的人都暴富",2025-06-24 10:11:34,2025-06-24 11:42:47,91,2570,1248,932,855,77,631,424,408,16,316,46.60,409083,37031,4700,32331,1091,20,261,2.2000,8.1000,0.9200,669,463,206,110428,102918,7510,77,47,30,"""[{\""name\"":\""直播推荐\"",\""value\"":509677,\""ratio\"":90.93,\""ratio_str\"":\""90.93\""},{\""name\"":\""其他\"",\""value\"":16613,\""ratio\"":2.96,\""ratio_str\"":\""2.96\""},{\""name\"":\""视频推荐\"",\""value\"":14307,\""ratio\"":2.55,\""ratio_str\"":\""2.55\""},{\""name\"":\""关注\"",\""value\"":9146,\""ratio\"":1.63,\""ratio_str\"":\""1.63\""},{\""name\"":\""个人主页\"",\""value\"":6057,\""ratio\"":1.08,\""ratio_str\"":\""1.08\""},{\""name\"":\""搜索\"",\""value\"":4668,\""ratio\"":0.849999999999996,\""ratio_str\"":\""0.85\""},{\""name\"":\""商业化\"",\""value\"":18,\""ratio\"":0,\""ratio_str\"":\""0.00\""},{\""name\"":\""同城\"",\""value\"":16,\""ratio\"":0,\""ratio_str\"":\""0.00\""}]""","""[{\""name\"":\""个人主页\"",\""value\"":271,\""ratio\"":0.74,\""ratio_str\"":\""0.74\""},{\""name\"":\""关注\"",\""value\"":1167,\""ratio\"":3.17,\""ratio_str\"":\""3.17\""},{\""name\"":\""其他\"",\""value\"":957,\""ratio\"":2.6,\""ratio_str\"":\""2.60\""},{\""name\"":\""商业化\"",\""value\"":5,\""ratio\"":0.01,\""ratio_str\"":\""0.01\""},{\""name\"":\""搜索\"",\""value\"":289,\""ratio\"":0.78,\""ratio_str\"":\""0.78\""},{\""name\"":\""直播推荐\"",\""value\"":33977,\""ratio\"":92.19,\""ratio_str\"":\""92.19\""},{\""name\"":\""视频推荐\"",\""value\"":188,\""ratio\"":0.51,\""ratio_str\"":\""0.51\""}]""",0,0,0.0905,0.0295,0.0181,0.0114,0.1269,0.6921,0.9320,0.6104,0.9623,0.0000,2025-07-09 19:36:53
老桑财知道,7519050671757265705,"东半球最强直播间",2025-06-23 15:57:15,2025-06-23 17:43:18,106,1057,659,3701,3688,13,303,156,146,10,118,185.05,211987,29347,1825,27522,650,11,90,1.5500,10.3700,0.7000,549,333,216,51419,46543,4876,27,10,17,"""[{\""name\"":\""直播推荐\"",\""value\"":266779,\""ratio\"":92.3,\""ratio_str\"":\""92.30\""},{\""name\"":\""其他\"",\""value\"":9715,\""ratio\"":3.36,\""ratio_str\"":\""3.36\""},{\""name\"":\""关注\"",\""value\"":3405,\""ratio\"":1.18,\""ratio_str\"":\""1.18\""},{\""name\"":\""视频推荐\"",\""value\"":3200,\""ratio\"":1.11,\""ratio_str\"":\""1.11\""},{\""name\"":\""商业化\"",\""value\"":2557,\""ratio\"":0.88,\""ratio_str\"":\""0.88\""},{\""name\"":\""个人主页\"",\""value\"":1689,\""ratio\"":0.58,\""ratio_str\"":\""0.58\""},{\""name\"":\""搜索\"",\""value\"":1654,\""ratio\"":0.57,\""ratio_str\"":\""0.57\""},{\""name\"":\""同城\"",\""value\"":24,\""ratio\"":0.020000000000005118,\""ratio_str\"":\""0.02\""}]""","""[{\""name\"":\""直播推荐\"",\""value\"":27022,\""ratio\"":93.34,\""ratio_str\"":\""93.34\""},{\""name\"":\""关注\"",\""value\"":671,\""ratio\"":2.32,\""ratio_str\"":\""2.32\""},{\""name\"":\""其他\"",\""value\"":564,\""ratio\"":1.95,\""ratio_str\"":\""1.95\""},{\""name\"":\""商业化\"",\""value\"":299,\""ratio\"":1.03,\""ratio_str\"":\""1.03\""},{\""name\"":\""搜索\"",\""value\"":180,\""ratio\"":0.62,\""ratio_str\"":\""0.62\""},{\""name\"":\""个人主页\"",\""value\"":124,\""ratio\"":0.43,\""ratio_str\"":\""0.43\""},{\""name\"":\""视频推荐\"",\""value\"":74,\""ratio\"":0.26,\""ratio_str\"":\""0.26\""},{\""name\"":\""同城\"",\""value\"":15,\""ratio\"":0.04999999999998579,\""ratio_str\"":\""0.05\""}]""",0,0,0.1384,0.0221,0.0187,0.0053,0.0622,0.6066,0.9052,0.3704,0.9359,0.0000,2025-07-10 10:59:30
戴维李,7518980488590166823,"点进来的人都暴富",2025-06-23 11:25:01,2025-06-23 13:02:10,97,2081,1417,1323,1151,172,987,531,502,29,401,66.15,575775,45126,5443,39683,1382,24,332,2.2000,8.6500,0.9700,836,587,249,111279,102605,8674,82,48,34,"""[{\""name\"":\""直播推荐\"",\""value\"":710264,\""ratio\"":92.13,\""ratio_str\"":\""92.13\""},{\""name\"":\""视频推荐\"",\""value\"":19547,\""ratio\"":2.54,\""ratio_str\"":\""2.54\""},{\""name\"":\""其他\"",\""value\"":18011,\""ratio\"":2.34,\""ratio_str\"":\""2.34\""},{\""name\"":\""关注\"",\""value\"":11698,\""ratio\"":1.52,\""ratio_str\"":\""1.52\""},{\""name\"":\""个人主页\"",\""value\"":6267,\""ratio\"":0.81,\""ratio_str\"":\""0.81\""},{\""name\"":\""搜索\"",\""value\"":5143,\""ratio\"":0.6599999999999949,\""ratio_str\"":\""0.66\""},{\""name\"":\""同城\"",\""value\"":19,\""ratio\"":0,\""ratio_str\"":\""0.00\""},{\""name\"":\""商业化\"",\""value\"":12,\""ratio\"":0,\""ratio_str\"":\""0.00\""}]""","""[{\""name\"":\""直播推荐\"",\""value\"":41471,\""ratio\"":92.7,\""ratio_str\"":\""92.70\""},{\""name\"":\""关注\"",\""value\"":1358,\""ratio\"":3.04,\""ratio_str\"":\""3.04\""},{\""name\"":\""其他\"",\""value\"":1150,\""ratio\"":2.57,\""ratio_str\"":\""2.57\""},{\""name\"":\""视频推荐\"",\""value\"":275,\""ratio\"":0.61,\""ratio_str\"":\""0.61\""},{\""name\"":\""个人主页\"",\""value\"":256,\""ratio\"":0.57,\""ratio_str\"":\""0.57\""},{\""name\"":\""搜索\"",\""value\"":220,\""ratio\"":0.49,\""ratio_str\"":\""0.49\""},{\""name\"":\""商业化\"",\""value\"":6,\""ratio\"":0.020000000000005118,\""ratio_str\"":\""0.02\""}]""",0,0,0.0784,0.0306,0.0185,0.0118,0.1206,0.7022,0.9221,0.5854,0.9454,0.0000,2025-07-09 19:36:15
戴维李,7517952077488687883,"这哥们儿问的很精髓啊",2025-06-20 16:54:11,2025-06-20 18:55:43,121,1351,901,1071,1021,50,708,472,450,22,388,53.55,356989,34503,4657,29846,999,20,343,2.2900,9.2700,0.7700,860,660,200,162150,156430,5720,68,45,23,"""[{\""name\"":\""直播推荐\"",\""value\"":445467,\""ratio\"":88.75,\""ratio_str\"":\""88.75\""},{\""name\"":\""其他\"",\""value\"":21256,\""ratio\"":4.23,\""ratio_str\"":\""4.23\""},{\""name\"":\""视频推荐\"",\""value\"":12256,\""ratio\"":2.44,\""ratio_str\"":\""2.44\""},{\""name\"":\""关注\"",\""value\"":10868,\""ratio\"":2.17,\""ratio_str\"":\""2.17\""},{\""name\"":\""搜索\"",\""value\"":7100,\""ratio\"":1.41,\""ratio_str\"":\""1.41\""},{\""name\"":\""个人主页\"",\""value\"":4921,\""ratio\"":0.98,\""ratio_str\"":\""0.98\""},{\""name\"":\""同城\"",\""value\"":37,\""ratio\"":0.019999999999990907,\""ratio_str\"":\""0.02\""},{\""name\"":\""商业化\"",\""value\"":23,\""ratio\"":0,\""ratio_str\"":\""0.00\""}]""","""[{\""name\"":\""直播推荐\"",\""value\"":31037,\""ratio\"":90.3,\""ratio_str\"":\""90.30\""},{\""name\"":\""其他\"",\""value\"":1507,\""ratio\"":4.38,\""ratio_str\"":\""4.38\""},{\""name\"":\""关注\"",\""value\"":1178,\""ratio\"":3.43,\""ratio_str\"":\""3.43\""},{\""name\"":\""个人主页\"",\""value\"":255,\""ratio\"":0.74,\""ratio_str\"":\""0.74\""},{\""name\"":\""搜索\"",\""value\"":225,\""ratio\"":0.65,\""ratio_str\"":\""0.65\""},{\""name\"":\""视频推荐\"",\""value\"":158,\""ratio\"":0.46,\""ratio_str\"":\""0.46\""},{\""name\"":\""商业化\"",\""value\"":11,\""ratio\"":0.040000000000005115,\""ratio_str\"":\""0.04\""}]""",0,0,0.0967,0.0290,0.0249,0.0137,0.1350,0.7674,0.9647,0.6618,0.9534,0.0000,2025-07-09 19:35:36
老桑财知道,7517907267191212835,"东半球最强直播间",2025-06-20 14:00:04,2025-06-20 15:42:01,101,1132,772,3453,3442,11,289,193,187,6,168,172.65,229759,25552,2101,23451,985,13,154,2.2100,11.0800,0.9800,649,423,226,75614,71060,4554,46,26,20,"""[{\""name\"":\""其他\"",\""value\"":9252,\""ratio\"":2.84,\""ratio_str\"":\""2.84\""},{\""name\"":\""同城\"",\""value\"":159,\""ratio\"":0.05,\""ratio_str\"":\""0.05\""},{\""name\"":\""商业化\"",\""value\"":335,\""ratio\"":0.1,\""ratio_str\"":\""0.10\""},{\""name\"":\""搜索\"",\""value\"":5353,\""ratio\"":1.65,\""ratio_str\"":\""1.65\""},{\""name\"":\""直播推荐\"",\""value\"":236425,\""ratio\"":72.7,\""ratio_str\"":\""72.70\""},{\""name\"":\""视频推荐\"",\""value\"":68208,\""ratio\"":20.97,\""ratio_str\"":\""20.97\""},{\""name\"":\""个人主页\"",\""value\"":2135,\""ratio\"":0.66,\""ratio_str\"":\""0.66\""},{\""name\"":\""关注\"",\""value\"":3351,\""ratio\"":1.03,\""ratio_str\"":\""1.03\""}]""","""[{\""name\"":\""直播推荐\"",\""value\"":23786,\""ratio\"":94.14,\""ratio_str\"":\""94.14\""},{\""name\"":\""关注\"",\""value\"":472,\""ratio\"":1.87,\""ratio_str\"":\""1.87\""},{\""name\"":\""其他\"",\""value\"":391,\""ratio\"":1.55,\""ratio_str\"":\""1.55\""},{\""name\"":\""搜索\"",\""value\"":245,\""ratio\"":0.97,\""ratio_str\"":\""0.97\""},{\""name\"":\""视频推荐\"",\""value\"":242,\""ratio\"":0.96,\""ratio_str\"":\""0.96\""},{\""name\"":\""个人主页\"",\""value\"":115,\""ratio\"":0.46,\""ratio_str\"":\""0.46\""},{\""name\"":\""同城\"",\""value\"":9,\""ratio\"":0.04,\""ratio_str\"":\""0.04\""},{\""name\"":\""商业化\"",\""value\"":7,\""ratio\"":0.010000000000003978,\""ratio_str\"":\""0.01\""}]""",0,0,0.1112,0.0385,0.0254,0.0076,0.0822,0.6518,0.9398,0.5652,0.9689,0.0000,2025-07-10 10:57:48
戴维李,7517869877560871716,"这哥们儿问的很精髓啊",2025-06-20 11:35:15,2025-06-20 12:58:57,83,2262,1228,809,768,41,614,372,351,21,307,40.45,379750,38348,4224,34124,1030,11,264,1.8300,7.9500,0.8000,711,458,253,110484,99092,11392,78,43,35,"""[{\""name\"":\""其他\"",\""value\"":14930,\""ratio\"":2.96,\""ratio_str\"":\""2.96\""},{\""name\"":\""同城\"",\""value\"":21,\""ratio\"":0,\""ratio_str\"":\""0.00\""},{\""name\"":\""商业化\"",\""value\"":15,\""ratio\"":0,\""ratio_str\"":\""0.00\""},{\""name\"":\""搜索\"",\""value\"":6438,\""ratio\"":1.28,\""ratio_str\"":\""1.28\""},{\""name\"":\""直播推荐\"",\""value\"":454759,\""ratio\"":90.17,\""ratio_str\"":\""90.17\""},{\""name\"":\""视频推荐\"",\""value\"":15682,\""ratio\"":3.11,\""ratio_str\"":\""3.11\""},{\""name\"":\""个人主页\"",\""value\"":4561,\""ratio\"":0.9,\""ratio_str\"":\""0.90\""},{\""name\"":\""关注\"",\""value\"":7952,\""ratio\"":1.58,\""ratio_str\"":\""1.58\""}]""","""[{\""name\"":\""直播推荐\"",\""value\"":35150,\""ratio\"":93.06,\""ratio_str\"":\""93.06\""},{\""name\"":\""关注\"",\""value\"":1026,\""ratio\"":2.72,\""ratio_str\"":\""2.72\""},{\""name\"":\""其他\"",\""value\"":999,\""ratio\"":2.64,\""ratio_str\"":\""2.64\""},{\""name\"":\""个人主页\"",\""value\"":221,\""ratio\"":0.59,\""ratio_str\"":\""0.59\""},{\""name\"":\""视频推荐\"",\""value\"":207,\""ratio\"":0.55,\""ratio_str\"":\""0.55\""},{\""name\"":\""搜索\"",\""value\"":160,\""ratio\"":0.42,\""ratio_str\"":\""0.42\""},{\""name\"":\""商业化\"",\""value\"":10,\""ratio\"":0.019999999999994883,\""ratio_str\"":\""0.02\""}]""",0,0,0.1010,0.0269,0.0185,0.0097,0.1101,0.6442,0.8969,0.5513,0.9435,0.0000,2025-07-09 19:34:57
戴维李,7517598222676740883,"这哥们儿问的很精髓啊",2025-06-19 18:00:51,2025-06-19 20:00:27,119,1718,1164,1098,1037,61,869,545,518,27,448,54.90,357481,44689,5010,39679,1112,22,390,2.2300,11.0200,0.7400,906,715,191,218148,213208,4940,94,69,25,"""[{\""name\"":\""直播推荐\"",\""value\"":432478,\""ratio\"":84.76,\""ratio_str\"":\""84.76\""},{\""name\"":\""视频推荐\"",\""value\"":28468,\""ratio\"":5.58,\""ratio_str\"":\""5.58\""},{\""name\"":\""其他\"",\""value\"":21324,\""ratio\"":4.18,\""ratio_str\"":\""4.18\""},{\""name\"":\""关注\"",\""value\"":11998,\""ratio\"":2.35,\""ratio_str\"":\""2.35\""},{\""name\"":\""搜索\"",\""value\"":10330,\""ratio\"":2.02,\""ratio_str\"":\""2.02\""},{\""name\"":\""个人主页\"",\""value\"":5601,\""ratio\"":1.1,\""ratio_str\"":\""1.10\""},{\""name\"":\""同城\"",\""value\"":48,\""ratio\"":0.010000000000014211,\""ratio_str\"":\""0.01\""},{\""name\"":\""商业化\"",\""value\"":21,\""ratio\"":0,\""ratio_str\"":\""0.00\""}]""","""[{\""name\"":\""其他\"",\""value\"":1372,\""ratio\"":3.1,\""ratio_str\"":\""3.10\""},{\""name\"":\""商业化\"",\""value\"":14,\""ratio\"":0.03,\""ratio_str\"":\""0.03\""},{\""name\"":\""搜索\"",\""value\"":288,\""ratio\"":0.65,\""ratio_str\"":\""0.65\""},{\""name\"":\""直播推荐\"",\""value\"":40741,\""ratio\"":91.97,\""ratio_str\"":\""91.97\""},{\""name\"":\""视频推荐\"",\""value\"":309,\""ratio\"":0.7,\""ratio_str\"":\""0.70\""},{\""name\"":\""个人主页\"",\""value\"":271,\""ratio\"":0.61,\""ratio_str\"":\""0.61\""},{\""name\"":\""关注\"",\""value\"":1303,\""ratio\"":2.94,\""ratio_str\"":\""2.94\""}]""",0,0,0.1250,0.0249,0.0203,0.0122,0.1121,0.7892,0.9774,0.7340,0.9505,0.0000,2025-07-09 19:34:19
老桑财知道,7517569542390926119,"东半球最强直播间",2025-06-19 16:09:42,2025-06-19 17:45:23,95,953,486,421,413,8,350,137,129,8,98,21.05,93012,18000,1349,16651,425,5,78,1.7600,11.3600,0.6300,385,250,135,53251,46892,6359,25,17,8,"""[{\""name\"":\""直播推荐\"",\""value\"":119063,\""ratio\"":88.14,\""ratio_str\"":\""88.14\""},{\""name\"":\""其他\"",\""value\"":7145,\""ratio\"":5.29,\""ratio_str\"":\""5.29\""},{\""name\"":\""视频推荐\"",\""value\"":2625,\""ratio\"":1.94,\""ratio_str\"":\""1.94\""},{\""name\"":\""关注\"",\""value\"":2474,\""ratio\"":1.83,\""ratio_str\"":\""1.83\""},{\""name\"":\""搜索\"",\""value\"":2436,\""ratio\"":1.8,\""ratio_str\"":\""1.80\""},{\""name\"":\""个人主页\"",\""value\"":1315,\""ratio\"":0.97,\""ratio_str\"":\""0.97\""},{\""name\"":\""同城\"",\""value\"":20,\""ratio\"":0.029999999999996023,\""ratio_str\"":\""0.03\""},{\""name\"":\""商业化\"",\""value\"":3,\""ratio\"":0,\""ratio_str\"":\""0.00\""}]""","""[{\""name\"":\""直播推荐\"",\""value\"":16657,\""ratio\"":93.57,\""ratio_str\"":\""93.57\""},{\""name\"":\""关注\"",\""value\"":403,\""ratio\"":2.26,\""ratio_str\"":\""2.26\""},{\""name\"":\""其他\"",\""value\"":382,\""ratio\"":2.15,\""ratio_str\"":\""2.15\""},{\""name\"":\""搜索\"",\""value\"":223,\""ratio\"":1.25,\""ratio_str\"":\""1.25\""},{\""name\"":\""个人主页\"",\""value\"":75,\""ratio\"":0.42,\""ratio_str\"":\""0.42\""},{\""name\"":\""视频推荐\"",\""value\"":52,\""ratio\"":0.29,\""ratio_str\"":\""0.29\""},{\""name\"":\""同城\"",\""value\"":10,\""ratio\"":0.05999999999998579,\""ratio_str\"":\""0.06\""}]""",0,0,0.1935,0.0236,0.0214,0.0076,0.0749,0.6494,0.8806,0.6800,0.9416,0.0000,2025-07-10 10:56:37
戴维李,7517549701097376566,"这哥们儿问的很精髓啊",2025-06-19 14:52:44,2025-06-19 15:49:13,56,2464,1694,590,575,15,401,293,283,10,252,29.50,435158,41600,3411,38189,1082,15,229,1.5000,7.5800,0.7500,568,392,176,42637,40901,1736,67,41,26,"""[{\""name\"":\""直播推荐\"",\""value\"":510974,\""ratio\"":93.02,\""ratio_str\"":\""93.02\""},{\""name\"":\""其他\"",\""value\"":13909,\""ratio\"":2.53,\""ratio_str\"":\""2.53\""},{\""name\"":\""视频推荐\"",\""value\"":11812,\""ratio\"":2.15,\""ratio_str\"":\""2.15\""},{\""name\"":\""关注\"",\""value\"":5510,\""ratio\"":1,\""ratio_str\"":\""1.00\""},{\""name\"":\""个人主页\"",\""value\"":3721,\""ratio\"":0.68,\""ratio_str\"":\""0.68\""},{\""name\"":\""搜索\"",\""value\"":3368,\""ratio\"":0.6199999999999909,\""ratio_str\"":\""0.62\""},{\""name\"":\""同城\"",\""value\"":15,\""ratio\"":0,\""ratio_str\"":\""0.00\""},{\""name\"":\""商业化\"",\""value\"":14,\""ratio\"":0,\""ratio_str\"":\""0.00\""}]""","""[{\""name\"":\""直播推荐\"",\""value\"":38897,\""ratio\"":94.76,\""ratio_str\"":\""94.76\""},{\""name\"":\""其他\"",\""value\"":957,\""ratio\"":2.33,\""ratio_str\"":\""2.33\""},{\""name\"":\""关注\"",\""value\"":791,\""ratio\"":1.93,\""ratio_str\"":\""1.93\""},{\""name\"":\""个人主页\"",\""value\"":186,\""ratio\"":0.45,\""ratio_str\"":\""0.45\""},{\""name\"":\""搜索\"",\""value\"":117,\""ratio\"":0.29,\""ratio_str\"":\""0.29\""},{\""name\"":\""视频推荐\"",\""value\"":97,\""ratio\"":0.22999999999999488,\""ratio_str\"":\""0.23\""},{\""name\"":\""商业化\"",\""value\"":4,\""ratio\"":0.01,\""ratio_str\"":\""0.01\""}]""",0,0,0.0956,0.0260,0.0137,0.0070,0.0820,0.6901,0.9593,0.6119,0.9659,0.0000,2025-07-09 19:33:40
戴维李,7517231539173083940,"这哥们儿问的很精髓啊",2025-06-18 18:18:17,2025-06-18 20:19:51,121,1702,1029,2095,869,1226,1759,393,376,17,316,104.75,377311,45106,4433,40673,945,28,275,1.9000,10.1300,0.7100,874,643,231,222435,213081,9354,90,63,27,"""[{\""name\"":\""直播推荐\"",\""value\"":452878,\""ratio\"":86.92,\""ratio_str\"":\""86.92\""},{\""name\"":\""视频推荐\"",\""value\"":21305,\""ratio\"":4.09,\""ratio_str\"":\""4.09\""},{\""name\"":\""其他\"",\""value\"":18067,\""ratio\"":3.47,\""ratio_str\"":\""3.47\""},{\""name\"":\""搜索\"",\""value\"":12012,\""ratio\"":2.31,\""ratio_str\"":\""2.31\""},{\""name\"":\""关注\"",\""value\"":11344,\""ratio\"":2.18,\""ratio_str\"":\""2.18\""},{\""name\"":\""个人主页\"",\""value\"":5325,\""ratio\"":1.02,\""ratio_str\"":\""1.02\""},{\""name\"":\""同城\"",\""value\"":107,\""ratio\"":0.009999999999994885,\""ratio_str\"":\""0.01\""},{\""name\"":\""商业化\"",\""value\"":18,\""ratio\"":0,\""ratio_str\"":\""0.00\""}]""","""[{\""name\"":\""直播推荐\"",\""value\"":41456,\""ratio\"":92.79,\""ratio_str\"":\""92.79\""},{\""name\"":\""其他\"",\""value\"":1327,\""ratio\"":2.97,\""ratio_str\"":\""2.97\""},{\""name\"":\""关注\"",\""value\"":1243,\""ratio\"":2.78,\""ratio_str\"":\""2.78\""},{\""name\"":\""个人主页\"",\""value\"":283,\""ratio\"":0.63,\""ratio_str\"":\""0.63\""},{\""name\"":\""搜索\"",\""value\"":212,\""ratio\"":0.47,\""ratio_str\"":\""0.47\""},{\""name\"":\""视频推荐\"",\""value\"":144,\""ratio\"":0.32,\""ratio_str\"":\""0.32\""},{\""name\"":\""商业化\"",\""value\"":11,\""ratio\"":0.040000000000010236,\""ratio_str\"":\""0.04\""}]""",0,0,0.1195,0.0210,0.0194,0.0087,0.0983,0.7357,0.9579,0.7000,0.9567,0.0000,2025-07-09 19:31:45
老桑财知道,7517196288933366566,"东半球最强直播间",2025-06-18 16:01:10,2025-06-18 17:45:27,104,1032,548,4667,4649,18,3387,158,149,9,132,233.35,99696,20328,1383,18945,474,7,109,1.9600,14.9700,0.7200,541,361,180,65583,60478,5105,24,16,8,"""[{\""name\"":\""同城\"",\""value\"":5,\""ratio\"":0,\""ratio_str\"":\""0.00\""},{\""name\"":\""商业化\"",\""value\"":8,\""ratio\"":0.01,\""ratio_str\"":\""0.01\""},{\""name\"":\""搜索\"",\""value\"":1166,\""ratio\"":0.8,\""ratio_str\"":\""0.80\""},{\""name\"":\""直播推荐\"",\""value\"":133496,\""ratio\"":91.26,\""ratio_str\"":\""91.26\""},{\""name\"":\""视频推荐\"",\""value\"":2720,\""ratio\"":1.86,\""ratio_str\"":\""1.86\""},{\""name\"":\""个人主页\"",\""value\"":1420,\""ratio\"":0.97,\""ratio_str\"":\""0.97\""},{\""name\"":\""关注\"",\""value\"":2403,\""ratio\"":1.64,\""ratio_str\"":\""1.64\""},{\""name\"":\""其他\"",\""value\"":5068,\""ratio\"":3.46,\""ratio_str\"":\""3.46\""}]""","""[{\""name\"":\""直播推荐\"",\""value\"":18911,\""ratio\"":94.06,\""ratio_str\"":\""94.06\""},{\""name\"":\""关注\"",\""value\"":488,\""ratio\"":2.43,\""ratio_str\"":\""2.43\""},{\""name\"":\""其他\"",\""value\"":457,\""ratio\"":2.27,\""ratio_str\"":\""2.27\""},{\""name\"":\""个人主页\"",\""value\"":114,\""ratio\"":0.57,\""ratio_str\"":\""0.57\""},{\""name\"":\""搜索\"",\""value\"":113,\""ratio\"":0.56,\""ratio_str\"":\""0.56\""},{\""name\"":\""视频推荐\"",\""value\"":19,\""ratio\"":0.09,\""ratio_str\"":\""0.09\""},{\""name\"":\""商业化\"",\""value\"":3,\""ratio\"":0.019999999999990907,\""ratio_str\"":\""0.02\""}]""",0,0,0.2039,0.0233,0.0266,0.0078,0.0680,0.6673,0.9222,0.6667,0.9430,0.0000,2025-07-09 18:44:36
戴维李,7517151322018286390,"评论区都是精髓，快点进来看！",2025-06-18 13:06:58,2025-06-18 15:08:27,121,2673,1108,854,818,36,641,351,328,23,285,42.70,460013,58539,4135,54404,1017,28,251,1.4400,8.7100,0.6600,689,486,203,204824,181811,23013,74,38,36,"""[{\""name\"":\""直播推荐\"",\""value\"":546278,\""ratio\"":88.76,\""ratio_str\"":\""88.76\""},{\""name\"":\""视频推荐\"",\""value\"":27740,\""ratio\"":4.51,\""ratio_str\"":\""4.51\""},{\""name\"":\""其他\"",\""value\"":15884,\""ratio\"":2.58,\""ratio_str\"":\""2.58\""},{\""name\"":\""搜索\"",\""value\"":10502,\""ratio\"":1.71,\""ratio_str\"":\""1.71\""},{\""name\"":\""关注\"",\""value\"":9510,\""ratio\"":1.55,\""ratio_str\"":\""1.55\""},{\""name\"":\""个人主页\"",\""value\"":5499,\""ratio\"":0.8799999999999949,\""ratio_str\"":\""0.88\""},{\""name\"":\""同城\"",\""value\"":48,\""ratio\"":0.01,\""ratio_str\"":\""0.01\""},{\""name\"":\""商业化\"",\""value\"":20,\""ratio\"":0,\""ratio_str\"":\""0.00\""}]""","""[{\""name\"":\""搜索\"",\""value\"":203,\""ratio\"":0.35,\""ratio_str\"":\""0.35\""},{\""name\"":\""直播推荐\"",\""value\"":54705,\""ratio\"":94.78,\""ratio_str\"":\""94.78\""},{\""name\"":\""视频推荐\"",\""value\"":210,\""ratio\"":0.36,\""ratio_str\"":\""0.36\""},{\""name\"":\""个人主页\"",\""value\"":240,\""ratio\"":0.42,\""ratio_str\"":\""0.42\""},{\""name\"":\""关注\"",\""value\"":1082,\""ratio\"":1.87,\""ratio_str\"":\""1.87\""},{\""name\"":\""其他\"",\""value\"":1262,\""ratio\"":2.19,\""ratio_str\"":\""2.19\""},{\""name\"":\""商业化\"",\""value\"":15,\""ratio\"":0.03,\""ratio_str\"":\""0.03\""}]""",0,0,0.1273,0.0174,0.0118,0.0060,0.0706,0.7054,0.8876,0.5135,0.9345,0.0000,2025-07-09 19:29:50
戴维李,7517121355154737961,"评论区都是精髓，快点进来看！",2025-06-18 11:10:34,2025-06-18 12:06:05,55,1,0,0,0,0,0,0,0,0,0,0.00,2,1,1,0,0,0,0,12.2200,8.2300,0.0000,0,0,0,0,0,0,0,0,0,"""[{\""name\"":\""其他\"",\""value\"":32,\""ratio\"":58.18,\""ratio_str\"":\""58.18\""},{\""name\"":\""个人主页\"",\""value\"":16,\""ratio\"":29.09,\""ratio_str\"":\""29.09\""},{\""name\"":\""关注\"",\""value\"":7,\""ratio\"":12.73,\""ratio_str\"":\""12.73\""}]""","""[{\""name\"":\""个人主页\"",\""value\"":1,\""ratio\"":50,\""ratio_str\"":\""50.00\""},{\""name\"":\""关注\"",\""value\"":1,\""ratio\"":50,\""ratio_str\"":\""50.00\""}]""",0,0,0.5000,0.0000,0.0000,0.0000,1.0000,0.0000,0.0000,0.0000,0.0000,0.0000,2025-07-09 19:28:33
戴维李,7516855210443311911,"评论区都是精髓，快点进来看！",2025-06-17 17:57:53,2025-06-17 20:08:07,130,2036,1122,965,950,15,715,460,447,13,355,48.25,400151,53726,4576,49150,1026,15,296,1.8400,11.0600,0.6700,819,596,223,173515,168339,5176,79,51,28,"""[{\""name\"":\""搜索\"",\""value\"":2358,\""ratio\"":0.43,\""ratio_str\"":\""0.43\""},{\""name\"":\""直播推荐\"",\""value\"":510516,\""ratio\"":92.21,\""ratio_str\"":\""92.21\""},{\""name\"":\""视频推荐\"",\""value\"":6705,\""ratio\"":1.21,\""ratio_str\"":\""1.21\""},{\""name\"":\""个人主页\"",\""value\"":5129,\""ratio\"":0.93,\""ratio_str\"":\""0.93\""},{\""name\"":\""关注\"",\""value\"":10627,\""ratio\"":1.92,\""ratio_str\"":\""1.92\""},{\""name\"":\""其他\"",\""value\"":18269,\""ratio\"":3.3,\""ratio_str\"":\""3.30\""},{\""name\"":\""同城\"",\""value\"":11,\""ratio\"":0,\""ratio_str\"":\""0.00\""},{\""name\"":\""商业化\"",\""value\"":16,\""ratio\"":0,\""ratio_str\"":\""0.00\""}]""","""[{\""name\"":\""直播推荐\"",\""value\"":49330,\""ratio\"":92.77,\""ratio_str\"":\""92.77\""},{\""name\"":\""其他\"",\""value\"":1961,\""ratio\"":3.69,\""ratio_str\"":\""3.69\""},{\""name\"":\""关注\"",\""value\"":1350,\""ratio\"":2.54,\""ratio_str\"":\""2.54\""},{\""name\"":\""个人主页\"",\""value\"":283,\""ratio\"":0.53,\""ratio_str\"":\""0.53\""},{\""name\"":\""搜索\"",\""value\"":169,\""ratio\"":0.32,\""ratio_str\"":\""0.32\""},{\""name\"":\""视频推荐\"",\""value\"":69,\""ratio\"":0.13,\""ratio_str\"":\""0.13\""},{\""name\"":\""商业化\"",\""value\"":14,\""ratio\"":0.020000000000009094,\""ratio_str\"":\""0.02\""}]""",0,0,0.1343,0.0191,0.0152,0.0086,0.0852,0.7277,0.9702,0.6456,0.9717,0.0000,2025-07-09 19:26:38
老桑财知道,7516826343489735443,"东半球最强直播间",2025-06-17 16:05:49,2025-06-17 17:39:34,93,891,546,522,200,322,222,88,73,15,66,26.10,97058,19081,1255,17826,437,11,44,1.8500,12.5300,0.7800,413,255,158,35490,30894,4596,19,16,3,"""[{\""name\"":\""视频推荐\"",\""value\"":1046,\""ratio\"":0.75,\""ratio_str\"":\""0.75\""},{\""name\"":\""个人主页\"",\""value\"":1282,\""ratio\"":0.92,\""ratio_str\"":\""0.92\""},{\""name\"":\""关注\"",\""value\"":2248,\""ratio\"":1.62,\""ratio_str\"":\""1.62\""},{\""name\"":\""其他\"",\""value\"":3692,\""ratio\"":2.66,\""ratio_str\"":\""2.66\""},{\""name\"":\""同城\"",\""value\"":7,\""ratio\"":0.01,\""ratio_str\"":\""0.01\""},{\""name\"":\""商业化\"",\""value\"":3,\""ratio\"":0,\""ratio_str\"":\""0.00\""},{\""name\"":\""搜索\"",\""value\"":1307,\""ratio\"":0.94,\""ratio_str\"":\""0.94\""},{\""name\"":\""直播推荐\"",\""value\"":129335,\""ratio\"":93.1,\""ratio_str\"":\""93.10\""}]""","""[{\""name\"":\""直播推荐\"",\""value\"":17400,\""ratio\"":94.31,\""ratio_str\"":\""94.31\""},{\""name\"":\""关注\"",\""value\"":449,\""ratio\"":2.43,\""ratio_str\"":\""2.43\""},{\""name\"":\""其他\"",\""value\"":345,\""ratio\"":1.87,\""ratio_str\"":\""1.87\""},{\""name\"":\""搜索\"",\""value\"":154,\""ratio\"":0.83,\""ratio_str\"":\""0.83\""},{\""name\"":\""个人主页\"",\""value\"":93,\""ratio\"":0.5,\""ratio_str\"":\""0.50\""},{\""name\"":\""视频推荐\"",\""value\"":5,\""ratio\"":0.03,\""ratio_str\"":\""0.03\""},{\""name\"":\""商业化\"",\""value\"":4,\""ratio\"":0.029999999999990905,\""ratio_str\"":\""0.03\""}]""",0,0,0.1966,0.0229,0.0216,0.0046,0.0658,0.6174,0.8705,0.8421,0.8295,0.0000,2025-07-09 18:43:24
戴维李,7516482828486347539,"评论区都是精髓，快点进来看！",2025-06-16 17:52:51,2025-06-16 20:07:03,134,2210,1248,1088,1058,30,822,504,485,19,391,54.40,472648,71500,4804,66696,1231,27,334,1.4700,10.7900,0.5500,790,583,207,192660,186793,5867,87,52,35,"""[{\""name\"":\""直播推荐\"",\""value\"":598903,\""ratio\"":92.3,\""ratio_str\"":\""92.30\""},{\""name\"":\""其他\"",\""value\"":20931,\""ratio\"":3.23,\""ratio_str\"":\""3.23\""},{\""name\"":\""关注\"",\""value\"":10924,\""ratio\"":1.68,\""ratio_str\"":\""1.68\""},{\""name\"":\""视频推荐\"",\""value\"":8694,\""ratio\"":1.34,\""ratio_str\"":\""1.34\""},{\""name\"":\""个人主页\"",\""value\"":5219,\""ratio\"":0.8,\""ratio_str\"":\""0.80\""},{\""name\"":\""搜索\"",\""value\"":4201,\""ratio\"":0.6499999999999858,\""ratio_str\"":\""0.65\""},{\""name\"":\""商业化\"",\""value\"":13,\""ratio\"":0,\""ratio_str\"":\""0.00\""},{\""name\"":\""同城\"",\""value\"":11,\""ratio\"":0,\""ratio_str\"":\""0.00\""}]""","""[{\""name\"":\""直播推荐\"",\""value\"":66486,\""ratio\"":94.37,\""ratio_str\"":\""94.37\""},{\""name\"":\""其他\"",\""value\"":1948,\""ratio\"":2.76,\""ratio_str\"":\""2.76\""},{\""name\"":\""关注\"",\""value\"":1319,\""ratio\"":1.87,\""ratio_str\"":\""1.87\""},{\""name\"":\""搜索\"",\""value\"":320,\""ratio\"":0.45,\""ratio_str\"":\""0.45\""},{\""name\"":\""个人主页\"",\""value\"":301,\""ratio\"":0.43,\""ratio_str\"":\""0.43\""},{\""name\"":\""视频推荐\"",\""value\"":69,\""ratio\"":0.1,\""ratio_str\"":\""0.10\""},{\""name\"":\""商业化\"",\""value\"":9,\""ratio\"":0.019999999999990907,\""ratio_str\"":\""0.02\""},{\""name\"":\""同城\"",\""value\"":1,\""ratio\"":0,\""ratio_str\"":\""0.00\""}]""",0,0,0.1513,0.0172,0.0110,0.0070,0.0672,0.7380,0.9695,0.5977,0.9623,0.0000,2025-07-09 19:25:21
老桑财知道,7516454389503101732,"东半球最强直播间",2025-06-16 16:02:16,2025-06-16 17:30:44,88,1050,597,313,184,129,76,92,89,3,56,15.65,97074,24148,1087,23061,382,5,42,1.3800,12.1200,0.6800,402,242,160,53655,52079,1576,18,14,4,"""[{\""name\"":\""个人主页\"",\""value\"":783,\""ratio\"":0.58,\""ratio_str\"":\""0.58\""},{\""name\"":\""关注\"",\""value\"":1946,\""ratio\"":1.45,\""ratio_str\"":\""1.45\""},{\""name\"":\""其他\"",\""value\"":3812,\""ratio\"":2.84,\""ratio_str\"":\""2.84\""},{\""name\"":\""同城\"",\""value\"":10,\""ratio\"":0.01,\""ratio_str\"":\""0.01\""},{\""name\"":\""商业化\"",\""value\"":3,\""ratio\"":0,\""ratio_str\"":\""0.00\""},{\""name\"":\""搜索\"",\""value\"":1290,\""ratio\"":0.96,\""ratio_str\"":\""0.96\""},{\""name\"":\""直播推荐\"",\""value\"":124417,\""ratio\"":92.63,\""ratio_str\"":\""92.63\""},{\""name\"":\""视频推荐\"",\""value\"":2054,\""ratio\"":1.53,\""ratio_str\"":\""1.53\""}]""","""[{\""name\"":\""直播推荐\"",\""value\"":22768,\""ratio\"":95.75,\""ratio_str\"":\""95.75\""},{\""name\"":\""关注\"",\""value\"":412,\""ratio\"":1.73,\""ratio_str\"":\""1.73\""},{\""name\"":\""其他\"",\""value\"":360,\""ratio\"":1.51,\""ratio_str\"":\""1.51\""},{\""name\"":\""搜索\"",\""value\"":150,\""ratio\"":0.63,\""ratio_str\"":\""0.63\""},{\""name\"":\""个人主页\"",\""value\"":80,\""ratio\"":0.34,\""ratio_str\"":\""0.34\""},{\""name\"":\""视频推荐\"",\""value\"":5,\""ratio\"":0.02,\""ratio_str\"":\""0.02\""},{\""name\"":\""商业化\"",\""value\"":3,\""ratio\"":0.019999999999990907,\""ratio_str\"":\""0.02\""}]""",0,0,0.2488,0.0158,0.0166,0.0038,0.0450,0.6020,0.9706,0.7778,0.9674,0.0000,2025-07-09 18:42:12
戴维李,7515402164949273385,"评论区都是精髓，快点进来看！",2025-06-13 19:59:07,2025-06-13 22:18:15,139,1899,1087,1180,1159,21,633,373,361,12,292,59.00,302340,59050,4802,54248,1055,30,258,1.6900,10.5700,0.6700,810,614,196,352890,339621,13269,116,86,30,"""[{\""name\"":\""其他\"",\""value\"":18385,\""ratio\"":4.22,\""ratio_str\"":\""4.22\""},{\""name\"":\""同城\"",\""value\"":17,\""ratio\"":0,\""ratio_str\"":\""0.00\""},{\""name\"":\""商业化\"",\""value\"":8,\""ratio\"":0,\""ratio_str\"":\""0.00\""},{\""name\"":\""搜索\"",\""value\"":12675,\""ratio\"":2.91,\""ratio_str\"":\""2.91\""},{\""name\"":\""直播推荐\"",\""value\"":369102,\""ratio\"":84.72,\""ratio_str\"":\""84.72\""},{\""name\"":\""视频推荐\"",\""value\"":18894,\""ratio\"":4.34,\""ratio_str\"":\""4.34\""},{\""name\"":\""个人主页\"",\""value\"":4765,\""ratio\"":1.09,\""ratio_str\"":\""1.09\""},{\""name\"":\""关注\"",\""value\"":11846,\""ratio\"":2.72,\""ratio_str\"":\""2.72\""}]""","""[{\""name\"":\""其他\"",\""value\"":1587,\""ratio\"":2.72,\""ratio_str\"":\""2.72\""},{\""name\"":\""商业化\"",\""value\"":5,\""ratio\"":0.01,\""ratio_str\"":\""0.01\""},{\""name\"":\""搜索\"",\""value\"":451,\""ratio\"":0.77,\""ratio_str\"":\""0.77\""},{\""name\"":\""直播推荐\"",\""value\"":54295,\""ratio\"":93.17,\""ratio_str\"":\""93.17\""},{\""name\"":\""视频推荐\"",\""value\"":204,\""ratio\"":0.35,\""ratio_str\"":\""0.35\""},{\""name\"":\""个人主页\"",\""value\"":342,\""ratio\"":0.59,\""ratio_str\"":\""0.59\""},{\""name\"":\""关注\"",\""value\"":1394,\""ratio\"":2.39,\""ratio_str\"":\""2.39\""}]""",0,0,0.1953,0.0179,0.0137,0.0063,0.0813,0.7580,0.9624,0.7414,0.9678,0.0000,2025-07-09 19:24:42
老桑财知道,7515352154408864575,"老桑财知道正在直播",2025-06-13 16:45:17,2025-06-13 19:40:41,175,870,391,989,975,14,302,152,141,11,116,49.45,126179,26183,1322,24861,493,13,99,1.7600,19.2700,0.5800,503,345,158,92822,87853,4969,32,21,11,"""[{\""name\"":\""直播推荐\"",\""value\"":138449,\""ratio\"":80.08,\""ratio_str\"":\""80.08\""},{\""name\"":\""视频推荐\"",\""value\"":19129,\""ratio\"":11.06,\""ratio_str\"":\""11.06\""},{\""name\"":\""其他\"",\""value\"":8796,\""ratio\"":5.09,\""ratio_str\"":\""5.09\""},{\""name\"":\""关注\"",\""value\"":2959,\""ratio\"":1.71,\""ratio_str\"":\""1.71\""},{\""name\"":\""搜索\"",\""value\"":2316,\""ratio\"":1.34,\""ratio_str\"":\""1.34\""},{\""name\"":\""个人主页\"",\""value\"":1200,\""ratio\"":0.69,\""ratio_str\"":\""0.69\""},{\""name\"":\""商业化\"",\""value\"":22,\""ratio\"":0.01,\""ratio_str\"":\""0.01\""},{\""name\"":\""同城\"",\""value\"":19,\""ratio\"":0.019999999999990907,\""ratio_str\"":\""0.02\""}]""","""[{\""name\"":\""直播推荐\"",\""value\"":24192,\""ratio\"":93.94,\""ratio_str\"":\""93.94\""},{\""name\"":\""其他\"",\""value\"":623,\""ratio\"":2.42,\""ratio_str\"":\""2.42\""},{\""name\"":\""关注\"",\""value\"":449,\""ratio\"":1.74,\""ratio_str\"":\""1.74\""},{\""name\"":\""搜索\"",\""value\"":312,\""ratio\"":1.21,\""ratio_str\"":\""1.21\""},{\""name\"":\""个人主页\"",\""value\"":114,\""ratio\"":0.44,\""ratio_str\"":\""0.44\""},{\""name\"":\""视频推荐\"",\""value\"":57,\""ratio\"":0.22,\""ratio_str\"":\""0.22\""},{\""name\"":\""商业化\"",\""value\"":4,\""ratio\"":0.030000000000005116,\""ratio_str\"":\""0.03\""},{\""name\"":\""同城\"",\""value\"":1,\""ratio\"":0,\""ratio_str\"":\""0.00\""}]""",0,0,0.2075,0.0188,0.0192,0.0058,0.0505,0.6859,0.9465,0.6563,0.9276,0.0000,2025-07-09 18:41:03
戴维李,7515303999743003404,"评论区都是精髓，快点进来看！",2025-06-13 13:38:20,2025-06-13 16:04:41,146,2029,998,543,508,35,387,304,282,22,252,27.15,445764,59762,4165,55597,1025,21,214,1.5700,9.5200,0.6700,765,536,229,114144,106548,7596,82,55,27,"""[{\""name\"":\""商业化\"",\""value\"":11,\""ratio\"":0,\""ratio_str\"":\""0.00\""},{\""name\"":\""搜索\"",\""value\"":14059,\""ratio\"":2.33,\""ratio_str\"":\""2.33\""},{\""name\"":\""直播推荐\"",\""value\"":516577,\""ratio\"":85.44,\""ratio_str\"":\""85.44\""},{\""name\"":\""视频推荐\"",\""value\"":40838,\""ratio\"":6.75,\""ratio_str\"":\""6.75\""},{\""name\"":\""个人主页\"",\""value\"":4997,\""ratio\"":0.83,\""ratio_str\"":\""0.83\""},{\""name\"":\""关注\"",\""value\"":9824,\""ratio\"":1.62,\""ratio_str\"":\""1.62\""},{\""name\"":\""其他\"",\""value\"":18323,\""ratio\"":3.03,\""ratio_str\"":\""3.03\""},{\""name\"":\""同城\"",\""value\"":13,\""ratio\"":0,\""ratio_str\"":\""0.00\""}]""","""[{\""name\"":\""其他\"",\""value\"":1221,\""ratio\"":2.07,\""ratio_str\"":\""2.07\""},{\""name\"":\""商业化\"",\""value\"":7,\""ratio\"":0.01,\""ratio_str\"":\""0.01\""},{\""name\"":\""搜索\"",\""value\"":312,\""ratio\"":0.53,\""ratio_str\"":\""0.53\""},{\""name\"":\""直播推荐\"",\""value\"":55593,\""ratio\"":94.3,\""ratio_str\"":\""94.30\""},{\""name\"":\""视频推荐\"",\""value\"":406,\""ratio\"":0.69,\""ratio_str\"":\""0.69\""},{\""name\"":\""个人主页\"",\""value\"":279,\""ratio\"":0.47,\""ratio_str\"":\""0.47\""},{\""name\"":\""关注\"",\""value\"":1138,\""ratio\"":1.93,\""ratio_str\"":\""1.93\""}]""",0,0,0.1341,0.0172,0.0128,0.0051,0.0697,0.7007,0.9335,0.6707,0.9276,0.0000,2025-07-09 19:23:21
戴维李,7515000190286170899,"评论区都是精髓，快点进来看！",2025-06-12 17:59:13,2025-06-12 20:07:09,127,1369,800,659,646,13,218,198,190,8,134,32.95,261142,37369,3346,34023,625,19,98,1.8700,10.9400,0.6200,703,521,182,204740,198095,6645,58,46,12,"""[{\""name\"":\""直播推荐\"",\""value\"":258383,\""ratio\"":71.08,\""ratio_str\"":\""71.08\""},{\""name\"":\""视频推荐\"",\""value\"":63436,\""ratio\"":17.45,\""ratio_str\"":\""17.45\""},{\""name\"":\""其他\"",\""value\"":17943,\""ratio\"":4.94,\""ratio_str\"":\""4.94\""},{\""name\"":\""搜索\"",\""value\"":11636,\""ratio\"":3.2,\""ratio_str\"":\""3.20\""},{\""name\"":\""关注\"",\""value\"":8341,\""ratio\"":2.29,\""ratio_str\"":\""2.29\""},{\""name\"":\""个人主页\"",\""value\"":3722,\""ratio\"":1.02,\""ratio_str\"":\""1.02\""},{\""name\"":\""同城\"",\""value\"":30,\""ratio\"":0.020000000000005118,\""ratio_str\"":\""0.02\""},{\""name\"":\""商业化\"",\""value\"":12,\""ratio\"":0,\""ratio_str\"":\""0.00\""}]""","""[{\""name\"":\""个人主页\"",\""value\"":220,\""ratio\"":0.6,\""ratio_str\"":\""0.60\""},{\""name\"":\""关注\"",\""value\"":947,\""ratio\"":2.56,\""ratio_str\"":\""2.56\""},{\""name\"":\""其他\"",\""value\"":1027,\""ratio\"":2.78,\""ratio_str\"":\""2.78\""},{\""name\"":\""商业化\"",\""value\"":4,\""ratio\"":0.01,\""ratio_str\"":\""0.01\""},{\""name\"":\""搜索\"",\""value\"":439,\""ratio\"":1.19,\""ratio_str\"":\""1.19\""},{\""name\"":\""直播推荐\"",\""value\"":33830,\""ratio\"":91.5,\""ratio_str\"":\""91.50\""},{\""name\"":\""视频推荐\"",\""value\"":504,\""ratio\"":1.36,\""ratio_str\"":\""1.36\""}]""",0,0,0.1431,0.0167,0.0188,0.0053,0.0895,0.7411,0.9675,0.7931,0.9596,0.0000,2025-07-09 19:22:42
老桑财知道,7514969681125083923,"老桑财知道正在直播",2025-06-12 16:00:49,2025-06-12 17:31:02,90,510,346,456,443,13,353,122,114,8,101,22.80,71144,10405,872,9533,372,8,92,2.3700,13.9700,0.9500,378,258,120,45054,42508,2546,16,10,6,"""[{\""name\"":\""视频推荐\"",\""value\"":14480,\""ratio\"":14.91,\""ratio_str\"":\""14.91\""},{\""name\"":\""个人主页\"",\""value\"":757,\""ratio\"":0.78,\""ratio_str\"":\""0.78\""},{\""name\"":\""关注\"",\""value\"":1389,\""ratio\"":1.43,\""ratio_str\"":\""1.43\""},{\""name\"":\""其他\"",\""value\"":4052,\""ratio\"":4.17,\""ratio_str\"":\""4.17\""},{\""name\"":\""同城\"",\""value\"":7,\""ratio\"":0.01,\""ratio_str\"":\""0.01\""},{\""name\"":\""搜索\"",\""value\"":978,\""ratio\"":1.01,\""ratio_str\"":\""1.01\""},{\""name\"":\""直播推荐\"",\""value\"":75428,\""ratio\"":77.69,\""ratio_str\"":\""77.69\""}]""","""[{\""name\"":\""直播推荐\"",\""value\"":9425,\""ratio\"":91.75,\""ratio_str\"":\""91.75\""},{\""name\"":\""其他\"",\""value\"":428,\""ratio\"":4.17,\""ratio_str\"":\""4.17\""},{\""name\"":\""关注\"",\""value\"":195,\""ratio\"":1.9,\""ratio_str\"":\""1.90\""},{\""name\"":\""搜索\"",\""value\"":146,\""ratio\"":1.42,\""ratio_str\"":\""1.42\""},{\""name\"":\""个人主页\"",\""value\"":48,\""ratio\"":0.47,\""ratio_str\"":\""0.47\""},{\""name\"":\""视频推荐\"",\""value\"":30,\""ratio\"":0.28999999999998577,\""ratio_str\"":\""0.29\""}]""",0,0,0.1463,0.0358,0.0363,0.0117,0.0838,0.6825,0.9435,0.6250,0.9344,0.0000,2025-07-09 18:39:20
老桑财知道,7514955983250705171,"老桑财知道正在直播",2025-06-12 15:07:45,2025-06-12 15:43:26,35,1,0,0,0,0,0,0,0,0,0,0.00,2,1,1,0,0,0,0,9.8000,9.8800,0.0000,1,1,0,0,0,0,0,0,0,"""[{\""name\"":\""其他\"",\""value\"":21,\""ratio\"":55.26,\""ratio_str\"":\""55.26\""},{\""name\"":\""个人主页\"",\""value\"":11,\""ratio\"":28.95,\""ratio_str\"":\""28.95\""},{\""name\"":\""搜索\"",\""value\"":5,\""ratio\"":13.16,\""ratio_str\"":\""13.16\""},{\""name\"":\""直播推荐\"",\""value\"":1,\""ratio\"":2.630000000000014,\""ratio_str\"":\""2.63\""}]""","""[{\""name\"":\""个人主页\"",\""value\"":1,\""ratio\"":50,\""ratio_str\"":\""50.00\""},{\""name\"":\""搜索\"",\""value\"":1,\""ratio\"":50,\""ratio_str\"":\""50.00\""}]""",0,0,0.5000,0.0000,1.0000,0.0000,1.0000,1.0000,0.0000,0.0000,0.0000,0.0000,2025-07-09 18:38:10
戴维李,7514628291005811468,"评论区都是精髓，快点进来看！",2025-06-11 17:56:08,2025-06-11 19:56:24,120,1921,942,3841,3824,17,468,347,335,12,278,192.05,388330,48388,3374,45014,758,15,241,1.4800,11.0700,0.5400,633,473,160,163381,150932,12449,55,39,16,"""[{\""name\"":\""搜索\"",\""value\"":71188,\""ratio\"":13.61,\""ratio_str\"":\""13.61\""},{\""name\"":\""直播推荐\"",\""value\"":261108,\""ratio\"":49.94,\""ratio_str\"":\""49.94\""},{\""name\"":\""视频推荐\"",\""value\"":136999,\""ratio\"":26.2,\""ratio_str\"":\""26.20\""},{\""name\"":\""个人主页\"",\""value\"":5170,\""ratio\"":0.99,\""ratio_str\"":\""0.99\""},{\""name\"":\""关注\"",\""value\"":8025,\""ratio\"":1.53,\""ratio_str\"":\""1.53\""},{\""name\"":\""其他\"",\""value\"":40345,\""ratio\"":7.72,\""ratio_str\"":\""7.72\""},{\""name\"":\""同城\"",\""value\"":29,\""ratio\"":0.01,\""ratio_str\"":\""0.01\""},{\""name\"":\""商业化\"",\""value\"":23,\""ratio\"":0,\""ratio_str\"":\""0.00\""}]""","""[{\""name\"":\""直播推荐\"",\""value\"":43542,\""ratio\"":91.29,\""ratio_str\"":\""91.29\""},{\""name\"":\""其他\"",\""value\"":1486,\""ratio\"":3.12,\""ratio_str\"":\""3.12\""},{\""name\"":\""关注\"",\""value\"":1062,\""ratio\"":2.23,\""ratio_str\"":\""2.23\""},{\""name\"":\""视频推荐\"",\""value\"":717,\""ratio\"":1.5,\""ratio_str\"":\""1.50\""},{\""name\"":\""搜索\"",\""value\"":644,\""ratio\"":1.35,\""ratio_str\"":\""1.35\""},{\""name\"":\""个人主页\"",\""value\"":246,\""ratio\"":0.5099999999999949,\""ratio_str\"":\""0.51\""},{\""name\"":\""商业化\"",\""value\"":1,\""ratio\"":0,\""ratio_str\"":\""0.00\""}]""",0,0,0.1246,0.0157,0.0131,0.0072,0.0697,0.7472,0.9238,0.7091,0.9654,0.0000,2025-07-09 19:21:25
老桑财知道,7514598474428468018,"老桑财知道正在直播",2025-06-11 16:00:15,2025-06-11 17:30:35,90,569,353,6282,6266,16,3831,144,131,13,122,314.10,51594,10801,809,9992,386,11,111,2.1700,15.1600,0.8400,394,262,132,67622,60795,6827,17,14,3,"""[{\""name\"":\""直播推荐\"",\""value\"":63210,\""ratio\"":87.65,\""ratio_str\"":\""87.65\""},{\""name\"":\""商业化\"",\""value\"":2519,\""ratio\"":3.49,\""ratio_str\"":\""3.49\""},{\""name\"":\""其他\"",\""value\"":2039,\""ratio\"":2.83,\""ratio_str\"":\""2.83\""},{\""name\"":\""视频推荐\"",\""value\"":1521,\""ratio\"":2.11,\""ratio_str\"":\""2.11\""},{\""name\"":\""关注\"",\""value\"":1167,\""ratio\"":1.62,\""ratio_str\"":\""1.62\""},{\""name\"":\""搜索\"",\""value\"":1015,\""ratio\"":1.41,\""ratio_str\"":\""1.41\""},{\""name\"":\""个人主页\"",\""value\"":628,\""ratio\"":0.87,\""ratio_str\"":\""0.87\""},{\""name\"":\""同城\"",\""value\"":21,\""ratio\"":0.019999999999980672,\""ratio_str\"":\""0.02\""}]""","""[{\""name\"":\""同城\"",\""value\"":14,\""ratio\"":0.13,\""ratio_str\"":\""0.13\""},{\""name\"":\""商业化\"",\""value\"":483,\""ratio\"":4.55,\""ratio_str\"":\""4.55\""},{\""name\"":\""搜索\"",\""value\"":105,\""ratio\"":0.99,\""ratio_str\"":\""0.99\""},{\""name\"":\""直播推荐\"",\""value\"":9527,\""ratio\"":89.73,\""ratio_str\"":\""89.73\""},{\""name\"":\""视频推荐\"",\""value\"":25,\""ratio\"":0.24,\""ratio_str\"":\""0.24\""},{\""name\"":\""个人主页\"",\""value\"":48,\""ratio\"":0.45,\""ratio_str\"":\""0.45\""},{\""name\"":\""关注\"",\""value\"":176,\""ratio\"":1.66,\""ratio_str\"":\""1.66\""},{\""name\"":\""其他\"",\""value\"":239,\""ratio\"":2.25,\""ratio_str\"":\""2.25\""}]""",0,0,0.2093,0.0357,0.0365,0.0133,0.0749,0.6650,0.8990,0.8235,0.9097,0.0000,2025-07-09 18:37:35
戴维李,7514256181670546230,"评论区都是精髓，快点进来看！",2025-06-10 17:52:08,2025-06-10 19:43:13,111,1939,822,1796,1795,1,1526,259,258,1,197,89.80,207505,35703,2805,32898,619,6,174,1.6800,10.6100,0.5700,671,500,171,22949,21198,1751,41,27,14,"""[{\""name\"":\""视频推荐\"",\""value\"":5147,\""ratio\"":1.8,\""ratio_str\"":\""1.80\""},{\""name\"":\""个人主页\"",\""value\"":2583,\""ratio\"":0.9,\""ratio_str\"":\""0.90\""},{\""name\"":\""关注\"",\""value\"":7134,\""ratio\"":2.49,\""ratio_str\"":\""2.49\""},{\""name\"":\""其他\"",\""value\"":11794,\""ratio\"":4.12,\""ratio_str\"":\""4.12\""},{\""name\"":\""同城\"",\""value\"":37,\""ratio\"":0.01,\""ratio_str\"":\""0.01\""},{\""name\"":\""商业化\"",\""value\"":11,\""ratio\"":0,\""ratio_str\"":\""0.00\""},{\""name\"":\""搜索\"",\""value\"":13173,\""ratio\"":4.6,\""ratio_str\"":\""4.60\""},{\""name\"":\""直播推荐\"",\""value\"":246666,\""ratio\"":86.08,\""ratio_str\"":\""86.08\""}]""","""[{\""name\"":\""直播推荐\"",\""value\"":32968,\""ratio\"":93.53,\""ratio_str\"":\""93.53\""},{\""name\"":\""关注\"",\""value\"":781,\""ratio\"":2.22,\""ratio_str\"":\""2.22\""},{\""name\"":\""其他\"",\""value\"":776,\""ratio\"":2.2,\""ratio_str\"":\""2.20\""},{\""name\"":\""搜索\"",\""value\"":477,\""ratio\"":1.35,\""ratio_str\"":\""1.35\""},{\""name\"":\""个人主页\"",\""value\"":148,\""ratio\"":0.42,\""ratio_str\"":\""0.42\""},{\""name\"":\""视频推荐\"",\""value\"":90,\""ratio\"":0.26,\""ratio_str\"":\""0.26\""},{\""name\"":\""同城\"",\""value\"":9,\""ratio\"":0.019999999999994883,\""ratio_str\"":\""0.02\""},{\""name\"":\""商业化\"",\""value\"":1,\""ratio\"":0,\""ratio_str\"":\""0.00\""}]""",0,0,0.1721,0.0173,0.0188,0.0073,0.0786,0.7452,0.9237,0.6585,0.9961,0.0000,2025-07-09 19:20:08
老桑财知道,7514230101639203618,"老桑财知道正在直播",2025-06-10 16:11:02,2025-06-10 17:32:19,81,498,337,1739,249,1490,513,137,128,9,127,86.95,56181,9296,689,8607,409,9,122,2.3100,14.5000,1.0400,352,225,127,22409,20570,1839,24,17,7,"""[{\""name\"":\""关注\"",\""value\"":1005,\""ratio\"":1.31,\""ratio_str\"":\""1.31\""},{\""name\"":\""其他\"",\""value\"":2422,\""ratio\"":3.15,\""ratio_str\"":\""3.15\""},{\""name\"":\""同城\"",\""value\"":17,\""ratio\"":0.02,\""ratio_str\"":\""0.02\""},{\""name\"":\""商业化\"",\""value\"":2465,\""ratio\"":3.2,\""ratio_str\"":\""3.20\""},{\""name\"":\""搜索\"",\""value\"":864,\""ratio\"":1.12,\""ratio_str\"":\""1.12\""},{\""name\"":\""直播推荐\"",\""value\"":68927,\""ratio\"":89.56,\""ratio_str\"":\""89.56\""},{\""name\"":\""视频推荐\"",\""value\"":602,\""ratio\"":0.78,\""ratio_str\"":\""0.78\""},{\""name\"":\""个人主页\"",\""value\"":664,\""ratio\"":0.86,\""ratio_str\"":\""0.86\""}]""","""[{\""name\"":\""直播推荐\"",\""value\"":7940,\""ratio\"":86.58,\""ratio_str\"":\""86.58\""},{\""name\"":\""商业化\"",\""value\"":502,\""ratio\"":5.47,\""ratio_str\"":\""5.47\""},{\""name\"":\""其他\"",\""value\"":353,\""ratio\"":3.85,\""ratio_str\"":\""3.85\""},{\""name\"":\""关注\"",\""value\"":179,\""ratio\"":1.95,\""ratio_str\"":\""1.95\""},{\""name\"":\""搜索\"",\""value\"":115,\""ratio\"":1.25,\""ratio_str\"":\""1.25\""},{\""name\"":\""个人主页\"",\""value\"":51,\""ratio\"":0.56,\""ratio_str\"":\""0.56\""},{\""name\"":\""视频推荐\"",\""value\"":22,\""ratio\"":0.24,\""ratio_str\"":\""0.24\""},{\""name\"":\""同城\"",\""value\"":9,\""ratio\"":0.10000000000001422,\""ratio_str\"":\""0.10\""}]""",0,0,0.1655,0.0440,0.0379,0.0147,0.0741,0.6392,0.9179,0.7083,0.9343,0.0000,2025-07-09 18:36:25
老桑财知道,7513917919857052450,"老桑财知道正在直播",2025-06-09 19:59:21,2025-06-09 22:03:28,124,182,141,9467,4997,4470,3562,116,106,10,101,473.35,44416,7707,618,7089,259,5,83,2.1000,12.0000,0.9600,219,148,71,16293,14686,1607,18,14,4,"""[{\""name\"":\""直播推荐\"",\""value\"":56119,\""ratio\"":88.94,\""ratio_str\"":\""88.94\""},{\""name\"":\""其他\"",\""value\"":1961,\""ratio\"":3.11,\""ratio_str\"":\""3.11\""},{\""name\"":\""关注\"",\""value\"":1528,\""ratio\"":2.42,\""ratio_str\"":\""2.42\""},{\""name\"":\""搜索\"",\""value\"":1117,\""ratio\"":1.77,\""ratio_str\"":\""1.77\""},{\""name\"":\""视频推荐\"",\""value\"":992,\""ratio\"":1.57,\""ratio_str\"":\""1.57\""},{\""name\"":\""个人主页\"",\""value\"":827,\""ratio\"":1.31,\""ratio_str\"":\""1.31\""},{\""name\"":\""商业化\"",\""value\"":543,\""ratio\"":0.86,\""ratio_str\"":\""0.86\""},{\""name\"":\""同城\"",\""value\"":9,\""ratio\"":0.020000000000005118,\""ratio_str\"":\""0.02\""}]""","""[{\""name\"":\""关注\"",\""value\"":195,\""ratio\"":2.56,\""ratio_str\"":\""2.56\""},{\""name\"":\""其他\"",\""value\"":156,\""ratio\"":2.05,\""ratio_str\"":\""2.05\""},{\""name\"":\""同城\"",\""value\"":3,\""ratio\"":0.04,\""ratio_str\"":\""0.04\""},{\""name\"":\""商业化\"",\""value\"":120,\""ratio\"":1.58,\""ratio_str\"":\""1.58\""},{\""name\"":\""搜索\"",\""value\"":107,\""ratio\"":1.41,\""ratio_str\"":\""1.41\""},{\""name\"":\""直播推荐\"",\""value\"":6953,\""ratio\"":91.39,\""ratio_str\"":\""91.39\""},{\""name\"":\""视频推荐\"",\""value\"":10,\""ratio\"":0.13,\""ratio_str\"":\""0.13\""},{\""name\"":\""个人主页\"",\""value\"":64,\""ratio\"":0.84,\""ratio_str\"":\""0.84\""}]""",0,0,0.1735,0.0336,0.0284,0.0151,0.0802,0.6758,0.9014,0.7778,0.9138,0.0000,2025-07-09 18:35:16
戴维李,7513882210957658889,"戴维李正在直播",2025-06-09 17:40:48,2025-06-09 19:33:23,112,1777,961,545,526,19,305,218,206,12,171,27.25,217120,38530,3077,35453,768,5,142,1.9300,12.0400,0.7200,684,461,223,17666,17144,522,44,35,9,"""[{\""name\"":\""直播推荐\"",\""value\"":276139,\""ratio\"":90.16,\""ratio_str\"":\""90.16\""},{\""name\"":\""其他\"",\""value\"":11743,\""ratio\"":3.83,\""ratio_str\"":\""3.83\""},{\""name\"":\""关注\"",\""value\"":6884,\""ratio\"":2.25,\""ratio_str\"":\""2.25\""},{\""name\"":\""视频推荐\"",\""value\"":6182,\""ratio\"":2.02,\""ratio_str\"":\""2.02\""},{\""name\"":\""个人主页\"",\""value\"":3058,\""ratio\"":1,\""ratio_str\"":\""1.00\""},{\""name\"":\""搜索\"",\""value\"":2106,\""ratio\"":0.69,\""ratio_str\"":\""0.69\""},{\""name\"":\""同城\"",\""value\"":135,\""ratio\"":0.04,\""ratio_str\"":\""0.04\""},{\""name\"":\""商业化\"",\""value\"":25,\""ratio\"":0.010000000000014211,\""ratio_str\"":\""0.01\""}]""","""[{\""name\"":\""搜索\"",\""value\"":228,\""ratio\"":0.6,\""ratio_str\"":\""0.60\""},{\""name\"":\""直播推荐\"",\""value\"":35169,\""ratio\"":92.85,\""ratio_str\"":\""92.85\""},{\""name\"":\""视频推荐\"",\""value\"":66,\""ratio\"":0.17,\""ratio_str\"":\""0.17\""},{\""name\"":\""个人主页\"",\""value\"":211,\""ratio\"":0.56,\""ratio_str\"":\""0.56\""},{\""name\"":\""关注\"",\""value\"":909,\""ratio\"":2.4,\""ratio_str\"":\""2.40\""},{\""name\"":\""其他\"",\""value\"":1273,\""ratio\"":3.36,\""ratio_str\"":\""3.36\""},{\""name\"":\""同城\"",\""value\"":14,\""ratio\"":0.04,\""ratio_str\"":\""0.04\""},{\""name\"":\""商业化\"",\""value\"":9,\""ratio\"":0.02,\""ratio_str\"":\""0.02\""}]""",0,0,0.1775,0.0199,0.0178,0.0057,0.0799,0.6740,0.9705,0.7955,0.9450,0.0000,2025-07-09 19:18:51
戴维李,7512780540827781907,"戴维李正在直播",2025-06-06 18:25:55,2025-06-06 20:30:07,124,583,280,407,407,0,93,70,70,0,37,20.35,50732,7025,1811,5214,94,13,29,4.1500,10.2100,1.1800,275,238,37,28526,25459,3067,10,9,1,"""[{\""name\"":\""关注\"",\""value\"":6531,\""ratio\"":8.04,\""ratio_str\"":\""8.04\""},{\""name\"":\""其他\"",\""value\"":9767,\""ratio\"":12.02,\""ratio_str\"":\""12.02\""},{\""name\"":\""同城\"",\""value\"":90,\""ratio\"":0.11,\""ratio_str\"":\""0.11\""},{\""name\"":\""商业化\"",\""value\"":5,\""ratio\"":0.01,\""ratio_str\"":\""0.01\""},{\""name\"":\""搜索\"",\""value\"":6219,\""ratio\"":7.65,\""ratio_str\"":\""7.65\""},{\""name\"":\""直播推荐\"",\""value\"":44185,\""ratio\"":54.39,\""ratio_str\"":\""54.39\""},{\""name\"":\""视频推荐\"",\""value\"":12473,\""ratio\"":15.35,\""ratio_str\"":\""15.35\""},{\""name\"":\""个人主页\"",\""value\"":1972,\""ratio\"":2.43,\""ratio_str\"":\""2.43\""}]""","""[{\""name\"":\""直播推荐\"",\""value\"":5813,\""ratio\"":81.26,\""ratio_str\"":\""81.26\""},{\""name\"":\""关注\"",\""value\"":634,\""ratio\"":8.86,\""ratio_str\"":\""8.86\""},{\""name\"":\""其他\"",\""value\"":375,\""ratio\"":5.24,\""ratio_str\"":\""5.24\""},{\""name\"":\""个人主页\"",\""value\"":150,\""ratio\"":2.1,\""ratio_str\"":\""2.10\""},{\""name\"":\""视频推荐\"",\""value\"":106,\""ratio\"":1.48,\""ratio_str\"":\""1.48\""},{\""name\"":\""搜索\"",\""value\"":62,\""ratio\"":0.87,\""ratio_str\"":\""0.87\""},{\""name\"":\""同城\"",\""value\"":12,\""ratio\"":0.17,\""ratio_str\"":\""0.17\""},{\""name\"":\""商业化\"",\""value\"":2,\""ratio\"":0.019999999999994883,\""ratio_str\"":\""0.02\""}]""",0,0,0.1385,0.0134,0.0391,0.0100,0.2578,0.8655,0.8925,0.9000,1.0000,0.0000,2025-07-09 19:14:22
戴维李,7512771882924428069,"戴维李正在直播",2025-06-06 17:52:33,2025-06-06 18:23:59,31,2,0,0,0,0,0,0,0,0,0,0.00,3,2,2,0,0,0,0,9.8200,9.1100,0.0000,0,0,0,0,0,0,0,0,0,"""[{\""name\"":\""其他\"",\""value\"":17,\""ratio\"":65.38,\""ratio_str\"":\""65.38\""},{\""name\"":\""搜索\"",\""value\"":3,\""ratio\"":11.540000000000028,\""ratio_str\"":\""11.54\""},{\""name\"":\""个人主页\"",\""value\"":3,\""ratio\"":11.54,\""ratio_str\"":\""11.54\""},{\""name\"":\""关注\"",\""value\"":3,\""ratio\"":11.54,\""ratio_str\"":\""11.54\""}]""","""[{\""name\"":\""个人主页\"",\""value\"":1,\""ratio\"":33.34,\""ratio_str\"":\""33.34\""},{\""name\"":\""关注\"",\""value\"":1,\""ratio\"":33.33,\""ratio_str\"":\""33.33\""},{\""name\"":\""搜索\"",\""value\"":1,\""ratio\"":33.33,\""ratio_str\"":\""33.33\""}]""",0,0,0.6667,0.0000,0.0000,0.0000,1.0000,0.0000,0.0000,0.0000,0.0000,0.0000,2025-07-09 19:13:44
老桑财知道,7512743494608259850,"老桑财知道正在直播",2025-06-06 16:02:13,2025-06-06 17:29:20,87,226,161,1980,1892,88,1980,118,104,14,118,99.00,44587,6946,429,6517,205,6,108,1.8700,13.7200,0.8000,195,120,75,15136,13597,1539,16,9,7,"""[{\""name\"":\""直播推荐\"",\""value\"":51347,\""ratio\"":86.29,\""ratio_str\"":\""86.29\""},{\""name\"":\""视频推荐\"",\""value\"":3683,\""ratio\"":6.19,\""ratio_str\"":\""6.19\""},{\""name\"":\""其他\"",\""value\"":1500,\""ratio\"":2.52,\""ratio_str\"":\""2.52\""},{\""name\"":\""搜索\"",\""value\"":1091,\""ratio\"":1.83,\""ratio_str\"":\""1.83\""},{\""name\"":\""关注\"",\""value\"":983,\""ratio\"":1.65,\""ratio_str\"":\""1.65\""},{\""name\"":\""个人主页\"",\""value\"":461,\""ratio\"":0.77,\""ratio_str\"":\""0.77\""},{\""name\"":\""商业化\"",\""value\"":431,\""ratio\"":0.72,\""ratio_str\"":\""0.72\""},{\""name\"":\""同城\"",\""value\"":9,\""ratio\"":0.029999999999990905,\""ratio_str\"":\""0.03\""}]""","""[{\""name\"":\""直播推荐\"",\""value\"":6285,\""ratio\"":91.71,\""ratio_str\"":\""91.71\""},{\""name\"":\""关注\"",\""value\"":178,\""ratio\"":2.6,\""ratio_str\"":\""2.60\""},{\""name\"":\""其他\"",\""value\"":138,\""ratio\"":2.01,\""ratio_str\"":\""2.01\""},{\""name\"":\""搜索\"",\""value\"":137,\""ratio\"":2,\""ratio_str\"":\""2.00\""},{\""name\"":\""视频推荐\"",\""value\"":59,\""ratio\"":0.86,\""ratio_str\"":\""0.86\""},{\""name\"":\""个人主页\"",\""value\"":45,\""ratio\"":0.66,\""ratio_str\"":\""0.66\""},{\""name\"":\""商业化\"",\""value\"":6,\""ratio\"":0.09,\""ratio_str\"":\""0.09\""},{\""name\"":\""同城\"",\""value\"":5,\""ratio\"":0.07000000000001422,\""ratio_str\"":\""0.07\""}]""",0,0,0.1558,0.0295,0.0281,0.0170,0.0618,0.6154,0.8983,0.5625,0.8814,0.0000,2025-07-09 18:34:05
戴维李,7512402567964511013,"戴维李正在直播",2025-06-05 17:59:17,2025-06-05 19:54:01,114,1166,639,411,401,10,194,165,158,7,117,20.55,153222,25466,2536,22930,477,9,95,1.9900,9.7500,0.7100,505,370,135,23855,23178,677,34,23,11,"""[{\""name\"":\""直播推荐\"",\""value\"":187709,\""ratio\"":83.06,\""ratio_str\"":\""83.06\""},{\""name\"":\""其他\"",\""value\"":12504,\""ratio\"":5.53,\""ratio_str\"":\""5.53\""},{\""name\"":\""视频推荐\"",\""value\"":11156,\""ratio\"":4.94,\""ratio_str\"":\""4.94\""},{\""name\"":\""关注\"",\""value\"":7591,\""ratio\"":3.36,\""ratio_str\"":\""3.36\""},{\""name\"":\""搜索\"",\""value\"":3893,\""ratio\"":1.72,\""ratio_str\"":\""1.72\""},{\""name\"":\""个人主页\"",\""value\"":3044,\""ratio\"":1.35,\""ratio_str\"":\""1.35\""},{\""name\"":\""同城\"",\""value\"":78,\""ratio\"":0.040000000000005115,\""ratio_str\"":\""0.04\""},{\""name\"":\""商业化\"",\""value\"":11,\""ratio\"":0,\""ratio_str\"":\""0.00\""}]""","""[{\""name\"":\""视频推荐\"",\""value\"":86,\""ratio\"":0.34,\""ratio_str\"":\""0.34\""},{\""name\"":\""个人主页\"",\""value\"":163,\""ratio\"":0.65,\""ratio_str\"":\""0.65\""},{\""name\"":\""关注\"",\""value\"":852,\""ratio\"":3.37,\""ratio_str\"":\""3.37\""},{\""name\"":\""其他\"",\""value\"":654,\""ratio\"":2.59,\""ratio_str\"":\""2.59\""},{\""name\"":\""同城\"",\""value\"":7,\""ratio\"":0.03,\""ratio_str\"":\""0.03\""},{\""name\"":\""商业化\"",\""value\"":7,\""ratio\"":0.03,\""ratio_str\"":\""0.03\""},{\""name\"":\""搜索\"",\""value\"":294,\""ratio\"":1.16,\""ratio_str\"":\""1.16\""},{\""name\"":\""直播推荐\"",\""value\"":23187,\""ratio\"":91.83,\""ratio_str\"":\""91.83\""}]""",0,0,0.1662,0.0187,0.0198,0.0065,0.0996,0.7327,0.9716,0.6765,0.9576,0.0000,2025-07-09 19:12:27
戴维李,7512032491528620827,"戴维李正在直播",2025-06-04 18:03:01,2025-06-04 19:53:21,110,1247,698,411,404,7,215,183,177,6,146,20.55,359125,26096,2706,23390,596,11,128,2.1000,10.3600,0.7900,490,337,153,25225,24804,421,33,24,9,"""[{\""name\"":\""个人主页\"",\""value\"":3485,\""ratio\"":0.75,\""ratio_str\"":\""0.75\""},{\""name\"":\""关注\"",\""value\"":7379,\""ratio\"":1.58,\""ratio_str\"":\""1.58\""},{\""name\"":\""其他\"",\""value\"":10820,\""ratio\"":2.31,\""ratio_str\"":\""2.31\""},{\""name\"":\""同城\"",\""value\"":151,\""ratio\"":0.03,\""ratio_str\"":\""0.03\""},{\""name\"":\""商业化\"",\""value\"":6,\""ratio\"":0,\""ratio_str\"":\""0.00\""},{\""name\"":\""搜索\"",\""value\"":2748,\""ratio\"":0.59,\""ratio_str\"":\""0.59\""},{\""name\"":\""直播推荐\"",\""value\"":179158,\""ratio\"":38.33,\""ratio_str\"":\""38.33\""},{\""name\"":\""视频推荐\"",\""value\"":263644,\""ratio\"":56.41,\""ratio_str\"":\""56.41\""}]""","""[{\""name\"":\""其他\"",\""value\"":1019,\""ratio\"":3.93,\""ratio_str\"":\""3.93\""},{\""name\"":\""同城\"",\""value\"":13,\""ratio\"":0.05,\""ratio_str\"":\""0.05\""},{\""name\"":\""商业化\"",\""value\"":2,\""ratio\"":0.01,\""ratio_str\"":\""0.01\""},{\""name\"":\""搜索\"",\""value\"":275,\""ratio\"":1.06,\""ratio_str\"":\""1.06\""},{\""name\"":\""直播推荐\"",\""value\"":23040,\""ratio\"":88.86,\""ratio_str\"":\""88.86\""},{\""name\"":\""视频推荐\"",\""value\"":428,\""ratio\"":1.65,\""ratio_str\"":\""1.65\""},{\""name\"":\""个人主页\"",\""value\"":188,\""ratio\"":0.73,\""ratio_str\"":\""0.73\""},{\""name\"":\""关注\"",\""value\"":963,\""ratio\"":3.71,\""ratio_str\"":\""3.71\""}]""",0,0,0.0727,0.0228,0.0188,0.0070,0.1037,0.6878,0.9833,0.7273,0.9672,0.0000,2025-07-09 19:11:49
戴维李,7511663202183301897,"戴维李正在直播",2025-06-03 18:10:06,2025-06-03 20:07:51,117,1255,768,451,446,5,328,242,237,5,193,22.55,169432,30359,2928,27431,862,7,173,2.1100,10.8300,0.7900,657,453,204,28738,27359,1379,56,35,21,"""[{\""name\"":\""商业化\"",\""value\"":10,\""ratio\"":0,\""ratio_str\"":\""0.00\""},{\""name\"":\""搜索\"",\""value\"":5250,\""ratio\"":2.03,\""ratio_str\"":\""2.03\""},{\""name\"":\""直播推荐\"",\""value\"":218103,\""ratio\"":84.19,\""ratio_str\"":\""84.19\""},{\""name\"":\""视频推荐\"",\""value\"":13976,\""ratio\"":5.39,\""ratio_str\"":\""5.39\""},{\""name\"":\""个人主页\"",\""value\"":3855,\""ratio\"":1.49,\""ratio_str\"":\""1.49\""},{\""name\"":\""关注\"",\""value\"":7941,\""ratio\"":3.07,\""ratio_str\"":\""3.07\""},{\""name\"":\""其他\"",\""value\"":9826,\""ratio\"":3.79,\""ratio_str\"":\""3.79\""},{\""name\"":\""同城\"",\""value\"":101,\""ratio\"":0.04,\""ratio_str\"":\""0.04\""}]""","""[{\""name\"":\""直播推荐\"",\""value\"":27564,\""ratio\"":91.54,\""ratio_str\"":\""91.54\""},{\""name\"":\""关注\"",\""value\"":916,\""ratio\"":3.04,\""ratio_str\"":\""3.04\""},{\""name\"":\""其他\"",\""value\"":875,\""ratio\"":2.91,\""ratio_str\"":\""2.91\""},{\""name\"":\""搜索\"",\""value\"":344,\""ratio\"":1.14,\""ratio_str\"":\""1.14\""},{\""name\"":\""视频推荐\"",\""value\"":203,\""ratio\"":0.67,\""ratio_str\"":\""0.67\""},{\""name\"":\""个人主页\"",\""value\"":198,\""ratio\"":0.66,\""ratio_str\"":\""0.66\""},{\""name\"":\""同城\"",\""value\"":6,\""ratio\"":0.02,\""ratio_str\"":\""0.02\""},{\""name\"":\""商业化\"",\""value\"":4,\""ratio\"":0.019999999999990907,\""ratio_str\"":\""0.02\""}]""",0,0,0.1792,0.0284,0.0216,0.0080,0.0964,0.6895,0.9520,0.6250,0.9793,0.0000,2025-07-09 19:10:31
戴维李,7510172376420993843,"戴维李正在直播",2025-05-30 17:44:54,2025-05-30 19:58:44,133,384,214,114,114,0,34,51,51,0,24,5.70,74416,14363,1497,12866,136,8,19,1.6200,7.7400,0.6300,229,158,71,18312,15884,2428,9,6,3,"""[{\""name\"":\""直播推荐\"",\""value\"":84832,\""ratio\"":77.53,\""ratio_str\"":\""77.53\""},{\""name\"":\""视频推荐\"",\""value\"":8192,\""ratio\"":7.49,\""ratio_str\"":\""7.49\""},{\""name\"":\""其他\"",\""value\"":6423,\""ratio\"":5.87,\""ratio_str\"":\""5.87\""},{\""name\"":\""关注\"",\""value\"":5366,\""ratio\"":4.9,\""ratio_str\"":\""4.90\""},{\""name\"":\""搜索\"",\""value\"":2865,\""ratio\"":2.62,\""ratio_str\"":\""2.62\""},{\""name\"":\""个人主页\"",\""value\"":1685,\""ratio\"":1.54,\""ratio_str\"":\""1.54\""},{\""name\"":\""同城\"",\""value\"":60,\""ratio\"":0.04999999999998579,\""ratio_str\"":\""0.05\""},{\""name\"":\""商业化\"",\""value\"":2,\""ratio\"":0,\""ratio_str\"":\""0.00\""}]""","""[{\""name\"":\""关注\"",\""value\"":538,\""ratio\"":3.78,\""ratio_str\"":\""3.78\""},{\""name\"":\""其他\"",\""value\"":402,\""ratio\"":2.82,\""ratio_str\"":\""2.82\""},{\""name\"":\""同城\"",\""value\"":6,\""ratio\"":0.04,\""ratio_str\"":\""0.04\""},{\""name\"":\""商业化\"",\""value\"":1,\""ratio\"":0.01,\""ratio_str\"":\""0.01\""},{\""name\"":\""搜索\"",\""value\"":249,\""ratio\"":1.75,\""ratio_str\"":\""1.75\""},{\""name\"":\""直播推荐\"",\""value\"":12881,\""ratio\"":90.42,\""ratio_str\"":\""90.42\""},{\""name\"":\""视频推荐\"",\""value\"":73,\""ratio\"":0.51,\""ratio_str\"":\""0.51\""},{\""name\"":\""个人主页\"",\""value\"":95,\""ratio\"":0.67,\""ratio_str\"":\""0.67\""}]""",0,0,0.1930,0.0095,0.0159,0.0036,0.1042,0.6900,0.8674,0.6667,1.0000,0.0000,2025-07-09 19:09:14
戴维李,7509835735961209626,"戴维李正在直播",2025-05-29 19:58:21,2025-05-29 22:07:01,128,773,308,176,168,8,117,93,89,4,66,8.80,52791,15630,1774,13856,200,4,56,1.8600,8.7300,0.5600,248,195,53,22868,22413,455,17,14,3,"""[{\""name\"":\""直播推荐\"",\""value\"":60483,\""ratio\"":72.99,\""ratio_str\"":\""72.99\""},{\""name\"":\""其他\"",\""value\"":6741,\""ratio\"":8.14,\""ratio_str\"":\""8.14\""},{\""name\"":\""关注\"",\""value\"":6462,\""ratio\"":7.8,\""ratio_str\"":\""7.80\""},{\""name\"":\""视频推荐\"",\""value\"":3957,\""ratio\"":4.78,\""ratio_str\"":\""4.78\""},{\""name\"":\""搜索\"",\""value\"":2843,\""ratio\"":3.43,\""ratio_str\"":\""3.43\""},{\""name\"":\""个人主页\"",\""value\"":2177,\""ratio\"":2.63,\""ratio_str\"":\""2.63\""},{\""name\"":\""同城\"",\""value\"":159,\""ratio\"":0.19,\""ratio_str\"":\""0.19\""},{\""name\"":\""商业化\"",\""value\"":39,\""ratio\"":0.0400000000000091,\""ratio_str\"":\""0.04\""}]""","""[{\""name\"":\""商业化\"",\""value\"":3,\""ratio\"":0.02,\""ratio_str\"":\""0.02\""},{\""name\"":\""搜索\"",\""value\"":254,\""ratio\"":1.63,\""ratio_str\"":\""1.63\""},{\""name\"":\""直播推荐\"",\""value\"":13934,\""ratio\"":89.48,\""ratio_str\"":\""89.48\""},{\""name\"":\""视频推荐\"",\""value\"":94,\""ratio\"":0.6,\""ratio_str\"":\""0.60\""},{\""name\"":\""个人主页\"",\""value\"":131,\""ratio\"":0.84,\""ratio_str\"":\""0.84\""},{\""name\"":\""关注\"",\""value\"":683,\""ratio\"":4.39,\""ratio_str\"":\""4.39\""},{\""name\"":\""其他\"",\""value\"":453,\""ratio\"":2.91,\""ratio_str\"":\""2.91\""},{\""name\"":\""同城\"",\""value\"":20,\""ratio\"":0.13,\""ratio_str\"":\""0.13\""}]""",0,0,0.2961,0.0128,0.0159,0.0060,0.1135,0.7863,0.9801,0.8235,0.9570,0.0000,2025-07-09 18:45:19
戴维李,7509464509196159770,"官方推荐直播间",2025-05-28 19:57:52,2025-05-28 22:12:01,134,226,163,279,268,11,138,76,71,5,46,13.95,50817,13862,1615,12247,103,8,38,1.4300,6.6200,0.5200,211,163,48,27441,25941,1500,12,7,5,"""[{\""name\"":\""关注\"",\""value\"":6312,\""ratio\"":8.12,\""ratio_str\"":\""8.12\""},{\""name\"":\""其他\"",\""value\"":8819,\""ratio\"":11.34,\""ratio_str\"":\""11.34\""},{\""name\"":\""同城\"",\""value\"":147,\""ratio\"":0.19,\""ratio_str\"":\""0.19\""},{\""name\"":\""商业化\"",\""value\"":4153,\""ratio\"":5.34,\""ratio_str\"":\""5.34\""},{\""name\"":\""搜索\"",\""value\"":6087,\""ratio\"":7.83,\""ratio_str\"":\""7.83\""},{\""name\"":\""直播推荐\"",\""value\"":45780,\""ratio\"":58.87,\""ratio_str\"":\""58.87\""},{\""name\"":\""视频推荐\"",\""value\"":4530,\""ratio\"":5.83,\""ratio_str\"":\""5.83\""},{\""name\"":\""个人主页\"",\""value\"":1932,\""ratio\"":2.48,\""ratio_str\"":\""2.48\""}]""","""[{\""name\"":\""搜索\"",\""value\"":155,\""ratio\"":1.13,\""ratio_str\"":\""1.13\""},{\""name\"":\""直播推荐\"",\""value\"":12296,\""ratio\"":89.52,\""ratio_str\"":\""89.52\""},{\""name\"":\""视频推荐\"",\""value\"":50,\""ratio\"":0.36,\""ratio_str\"":\""0.36\""},{\""name\"":\""个人主页\"",\""value\"":127,\""ratio\"":0.92,\""ratio_str\"":\""0.92\""},{\""name\"":\""关注\"",\""value\"":622,\""ratio\"":4.53,\""ratio_str\"":\""4.53\""},{\""name\"":\""其他\"",\""value\"":470,\""ratio\"":3.42,\""ratio_str\"":\""3.42\""},{\""name\"":\""同城\"",\""value\"":5,\""ratio\"":0.04,\""ratio_str\"":\""0.04\""},{\""name\"":\""商业化\"",\""value\"":11,\""ratio\"":0.08,\""ratio_str\"":\""0.08\""}]""",0,0,0.2728,0.0074,0.0152,0.0055,0.1165,0.7725,0.9453,0.5833,0.9342,0.0000,2025-07-09 18:44:44
戴维李,7509092162221329161,"官方推荐直播间",2025-05-27 19:53:10,2025-05-27 22:27:00,153,259,190,283,194,89,193,84,74,10,64,14.15,64585,18722,2129,16593,155,13,43,1.4200,6.5900,0.4500,222,166,56,14788,14378,410,23,19,4,"""[{\""name\"":\""直播推荐\"",\""value\"":68905,\""ratio\"":68.34,\""ratio_str\"":\""68.34\""},{\""name\"":\""其他\"",\""value\"":8593,\""ratio\"":8.52,\""ratio_str\"":\""8.52\""},{\""name\"":\""关注\"",\""value\"":8262,\""ratio\"":8.19,\""ratio_str\"":\""8.19\""},{\""name\"":\""视频推荐\"",\""value\"":6191,\""ratio\"":6.14,\""ratio_str\"":\""6.14\""},{\""name\"":\""搜索\"",\""value\"":4890,\""ratio\"":4.85,\""ratio_str\"":\""4.85\""},{\""name\"":\""个人主页\"",\""value\"":2718,\""ratio\"":2.7,\""ratio_str\"":\""2.70\""},{\""name\"":\""商业化\"",\""value\"":952,\""ratio\"":0.94,\""ratio_str\"":\""0.94\""},{\""name\"":\""同城\"",\""value\"":312,\""ratio\"":0.3199999999999909,\""ratio_str\"":\""0.32\""}]""","""[{\""name\"":\""直播推荐\"",\""value\"":16776,\""ratio\"":90.28,\""ratio_str\"":\""90.28\""},{\""name\"":\""视频推荐\"",\""value\"":42,\""ratio\"":0.23,\""ratio_str\"":\""0.23\""},{\""name\"":\""个人主页\"",\""value\"":161,\""ratio\"":0.87,\""ratio_str\"":\""0.87\""},{\""name\"":\""关注\"",\""value\"":784,\""ratio\"":4.22,\""ratio_str\"":\""4.22\""},{\""name\"":\""其他\"",\""value\"":571,\""ratio\"":3.07,\""ratio_str\"":\""3.07\""},{\""name\"":\""同城\"",\""value\"":9,\""ratio\"":0.05,\""ratio_str\"":\""0.05\""},{\""name\"":\""商业化\"",\""value\"":12,\""ratio\"":0.06,\""ratio_str\"":\""0.06\""},{\""name\"":\""搜索\"",\""value\"":227,\""ratio\"":1.22,\""ratio_str\"":\""1.22\""}]""",0,0,0.2899,0.0083,0.0119,0.0045,0.1137,0.7477,0.9723,0.8261,0.8810,0.0000,2025-07-09 18:44:04
戴维李,7508721947295927049,"官方推荐直播间",2025-05-26 19:56:31,2025-05-26 22:11:10,134,578,326,766,755,11,702,115,109,6,93,38.30,68344,16227,2067,14160,213,10,63,1.8700,7.9000,0.7200,302,220,82,10699,10002,697,14,11,3,"""[{\""name\"":\""个人主页\"",\""value\"":2389,\""ratio\"":2.3,\""ratio_str\"":\""2.30\""},{\""name\"":\""关注\"",\""value\"":6770,\""ratio\"":6.53,\""ratio_str\"":\""6.53\""},{\""name\"":\""其他\"",\""value\"":8177,\""ratio\"":7.88,\""ratio_str\"":\""7.88\""},{\""name\"":\""同城\"",\""value\"":164,\""ratio\"":0.16,\""ratio_str\"":\""0.16\""},{\""name\"":\""商业化\"",\""value\"":2,\""ratio\"":0,\""ratio_str\"":\""0.00\""},{\""name\"":\""搜索\"",\""value\"":6386,\""ratio\"":6.16,\""ratio_str\"":\""6.16\""},{\""name\"":\""直播推荐\"",\""value\"":75454,\""ratio\"":72.74,\""ratio_str\"":\""72.74\""},{\""name\"":\""视频推荐\"",\""value\"":4392,\""ratio\"":4.23,\""ratio_str\"":\""4.23\""}]""","""[{\""name\"":\""直播推荐\"",\""value\"":14307,\""ratio\"":88.69,\""ratio_str\"":\""88.69\""},{\""name\"":\""关注\"",\""value\"":755,\""ratio\"":4.68,\""ratio_str\"":\""4.68\""},{\""name\"":\""其他\"",\""value\"":583,\""ratio\"":3.61,\""ratio_str\"":\""3.61\""},{\""name\"":\""搜索\"",\""value\"":278,\""ratio\"":1.72,\""ratio_str\"":\""1.72\""},{\""name\"":\""个人主页\"",\""value\"":145,\""ratio\"":0.9,\""ratio_str\"":\""0.90\""},{\""name\"":\""视频推荐\"",\""value\"":39,\""ratio\"":0.24,\""ratio_str\"":\""0.24\""},{\""name\"":\""同城\"",\""value\"":23,\""ratio\"":0.14,\""ratio_str\"":\""0.14\""},{\""name\"":\""商业化\"",\""value\"":2,\""ratio\"":0.019999999999990907,\""ratio_str\"":\""0.02\""}]""",0,0,0.2374,0.0131,0.0186,0.0071,0.1274,0.7285,0.9349,0.7857,0.9478,0.0000,2025-07-09 18:43:28
戴维李,7507608225647217435,"官方推荐直播间",2025-05-23 19:54:38,2025-05-23 22:08:14,133,793,380,287,281,6,178,126,121,5,102,14.35,153478,22125,2536,19589,269,18,79,1.4700,6.4600,0.5300,350,238,112,14897,13585,1312,24,18,6,"""[{\""name\"":\""直播推荐\"",\""value\"":82995,\""ratio\"":37.92,\""ratio_str\"":\""37.92\""},{\""name\"":\""视频推荐\"",\""value\"":74636,\""ratio\"":34.1,\""ratio_str\"":\""34.10\""},{\""name\"":\""搜索\"",\""value\"":31552,\""ratio\"":14.41,\""ratio_str\"":\""14.41\""},{\""name\"":\""其他\"",\""value\"":13038,\""ratio\"":5.96,\""ratio_str\"":\""5.96\""},{\""name\"":\""关注\"",\""value\"":7956,\""ratio\"":3.63,\""ratio_str\"":\""3.63\""},{\""name\"":\""商业化\"",\""value\"":5411,\""ratio\"":2.47,\""ratio_str\"":\""2.47\""},{\""name\"":\""个人主页\"",\""value\"":3252,\""ratio\"":1.49,\""ratio_str\"":\""1.49\""},{\""name\"":\""同城\"",\""value\"":57,\""ratio\"":0.019999999999994883,\""ratio_str\"":\""0.02\""}]""","""[{\""name\"":\""直播推荐\"",\""value\"":18747,\""ratio\"":85,\""ratio_str\"":\""85.00\""},{\""name\"":\""视频推荐\"",\""value\"":1081,\""ratio\"":4.9,\""ratio_str\"":\""4.90\""},{\""name\"":\""关注\"",\""value\"":847,\""ratio\"":3.84,\""ratio_str\"":\""3.84\""},{\""name\"":\""其他\"",\""value\"":534,\""ratio\"":2.42,\""ratio_str\"":\""2.42\""},{\""name\"":\""搜索\"",\""value\"":527,\""ratio\"":2.39,\""ratio_str\"":\""2.39\""},{\""name\"":\""个人主页\"",\""value\"":206,\""ratio\"":0.93,\""ratio_str\"":\""0.93\""},{\""name\"":\""商业化\"",\""value\"":80,\""ratio\"":0.36,\""ratio_str\"":\""0.36\""},{\""name\"":\""同城\"",\""value\"":33,\""ratio\"":0.1599999999999767,\""ratio_str\"":\""0.16\""}]""",0,0,0.1442,0.0122,0.0158,0.0057,0.1146,0.6800,0.9119,0.7500,0.9603,0.0000,2025-07-09 18:41:39
戴维李,7506866894327106342,"官网推荐直播间",2025-05-21 19:57:56,2025-05-21 21:05:06,67,89,67,100,82,18,65,53,46,7,42,5.00,56455,3078,879,2199,34,3,36,1.3000,2.5900,0.5500,92,67,25,8044,6574,1470,5,5,0,"""[{\""name\"":\""视频推荐\"",\""value\"":40146,\""ratio\"":54.79,\""ratio_str\"":\""54.79\""},{\""name\"":\""直播推荐\"",\""value\"":16960,\""ratio\"":23.15,\""ratio_str\"":\""23.15\""},{\""name\"":\""其他\"",\""value\"":5238,\""ratio\"":7.15,\""ratio_str\"":\""7.15\""},{\""name\"":\""商业化\"",\""value\"":4662,\""ratio\"":6.36,\""ratio_str\"":\""6.36\""},{\""name\"":\""关注\"",\""value\"":3353,\""ratio\"":4.58,\""ratio_str\"":\""4.58\""},{\""name\"":\""个人主页\"",\""value\"":1711,\""ratio\"":2.34,\""ratio_str\"":\""2.34\""},{\""name\"":\""搜索\"",\""value\"":1109,\""ratio\"":1.51,\""ratio_str\"":\""1.51\""},{\""name\"":\""同城\"",\""value\"":87,\""ratio\"":0.11999999999998578,\""ratio_str\"":\""0.12\""}]""","""[{\""name\"":\""视频推荐\"",\""value\"":184,\""ratio\"":5.96,\""ratio_str\"":\""5.96\""},{\""name\"":\""个人主页\"",\""value\"":82,\""ratio\"":2.66,\""ratio_str\"":\""2.66\""},{\""name\"":\""关注\"",\""value\"":339,\""ratio\"":10.98,\""ratio_str\"":\""10.98\""},{\""name\"":\""其他\"",\""value\"":164,\""ratio\"":5.31,\""ratio_str\"":\""5.31\""},{\""name\"":\""同城\"",\""value\"":1,\""ratio\"":0.03,\""ratio_str\"":\""0.03\""},{\""name\"":\""商业化\"",\""value\"":27,\""ratio\"":0.87,\""ratio_str\"":\""0.87\""},{\""name\"":\""搜索\"",\""value\"":22,\""ratio\"":0.71,\""ratio_str\"":\""0.71\""},{\""name\"":\""直播推荐\"",\""value\"":2269,\""ratio\"":73.48,\""ratio_str\"":\""73.48\""}]""",0,0,0.0545,0.0110,0.0299,0.0172,0.2856,0.7283,0.8173,1.0000,0.8679,0.0000,2025-07-09 18:37:04
戴维李,7505010805090175770,"官网推荐直播间",2025-05-16 19:55:15,2025-05-16 21:39:20,104,824,600,787,751,36,759,153,130,23,138,39.35,107462,17269,2741,14528,454,27,120,2.7400,8.0200,1.2100,793,510,283,25592,21542,4050,44,31,13,"""[{\""name\"":\""直播推荐\"",\""value\"":93489,\""ratio\"":56.15,\""ratio_str\"":\""56.15\""},{\""name\"":\""视频推荐\"",\""value\"":50894,\""ratio\"":30.57,\""ratio_str\"":\""30.57\""},{\""name\"":\""其他\"",\""value\"":8274,\""ratio\"":4.97,\""ratio_str\"":\""4.97\""},{\""name\"":\""关注\"",\""value\"":7159,\""ratio\"":4.3,\""ratio_str\"":\""4.30\""},{\""name\"":\""个人主页\"",\""value\"":3158,\""ratio\"":1.9,\""ratio_str\"":\""1.90\""},{\""name\"":\""搜索\"",\""value\"":2744,\""ratio\"":1.65,\""ratio_str\"":\""1.65\""},{\""name\"":\""商业化\"",\""value\"":768,\""ratio\"":0.4499999999999949,\""ratio_str\"":\""0.45\""},{\""name\"":\""同城\"",\""value\"":24,\""ratio\"":0.01,\""ratio_str\"":\""0.01\""}]""","""[{\""name\"":\""视频推荐\"",\""value\"":2242,\""ratio\"":12.89,\""ratio_str\"":\""12.89\""},{\""name\"":\""个人主页\"",\""value\"":206,\""ratio\"":1.18,\""ratio_str\"":\""1.18\""},{\""name\"":\""关注\"",\""value\"":793,\""ratio\"":4.56,\""ratio_str\"":\""4.56\""},{\""name\"":\""其他\"",\""value\"":437,\""ratio\"":2.51,\""ratio_str\"":\""2.51\""},{\""name\"":\""商业化\"",\""value\"":10,\""ratio\"":0.06,\""ratio_str\"":\""0.06\""},{\""name\"":\""搜索\"",\""value\"":314,\""ratio\"":1.81,\""ratio_str\"":\""1.81\""},{\""name\"":\""直播推荐\"",\""value\"":13389,\""ratio\"":76.99,\""ratio_str\"":\""76.99\""}]""",0,0,0.1607,0.0263,0.0459,0.0089,0.1587,0.6431,0.8417,0.7045,0.8497,0.0000,2025-07-09 18:35:20
戴维李,7504640922433440562,"戴维李正在直播",2025-05-15 19:59:54,2025-05-15 21:51:45,111,1409,1054,807,655,152,703,281,247,34,276,40.35,325617,36612,4215,32397,1108,51,233,2.3700,6.9400,1.4600,1280,662,618,31885,27345,4540,77,41,36,"""[{\""name\"":\""个人主页\"",\""value\"":5702,\""ratio\"":1.22,\""ratio_str\"":\""1.22\""},{\""name\"":\""关注\"",\""value\"":8853,\""ratio\"":1.9,\""ratio_str\"":\""1.90\""},{\""name\"":\""其他\"",\""value\"":13227,\""ratio\"":2.84,\""ratio_str\"":\""2.84\""},{\""name\"":\""同城\"",\""value\"":27,\""ratio\"":0.01,\""ratio_str\"":\""0.01\""},{\""name\"":\""商业化\"",\""value\"":1683,\""ratio\"":0.36,\""ratio_str\"":\""0.36\""},{\""name\"":\""搜索\"",\""value\"":7158,\""ratio\"":1.54,\""ratio_str\"":\""1.54\""},{\""name\"":\""直播推荐\"",\""value\"":132099,\""ratio\"":28.36,\""ratio_str\"":\""28.36\""},{\""name\"":\""视频推荐\"",\""value\"":297001,\""ratio\"":63.77,\""ratio_str\"":\""63.77\""}]""","""[{\""name\"":\""商业化\"",\""value\"":24,\""ratio\"":0.06,\""ratio_str\"":\""0.06\""},{\""name\"":\""搜索\"",\""value\"":824,\""ratio\"":2.21,\""ratio_str\"":\""2.21\""},{\""name\"":\""直播推荐\"",\""value\"":17420,\""ratio\"":46.7,\""ratio_str\"":\""46.70\""},{\""name\"":\""视频推荐\"",\""value\"":16867,\""ratio\"":45.22,\""ratio_str\"":\""45.22\""},{\""name\"":\""个人主页\"",\""value\"":448,\""ratio\"":1.2,\""ratio_str\"":\""1.20\""},{\""name\"":\""关注\"",\""value\"":939,\""ratio\"":2.52,\""ratio_str\"":\""2.52\""},{\""name\"":\""其他\"",\""value\"":778,\""ratio\"":2.09,\""ratio_str\"":\""2.09\""}]""",0,0,0.1124,0.0303,0.0350,0.0077,0.1151,0.5172,0.8576,0.5325,0.8790,0.0000,2025-07-09 18:34:10
戴维李,7504579185478830858,"戴维李正在直播",2025-05-15 16:00:21,2025-05-15 16:25:16,24,1,0,0,0,0,0,0,0,0,0,0.00,1,1,1,0,0,0,0,16.0000,16.0700,0.0000,0,0,0,0,0,0,0,0,0,"""[{\""name\"":\""关注\"",\""value\"":1,\""ratio\"":100,\""ratio_str\"":\""100.00\""}]""","""[{\""name\"":\""个人主页\"",\""value\"":1,\""ratio\"":50,\""ratio_str\"":\""50.00\""},{\""name\"":\""关注\"",\""value\"":1,\""ratio\"":50,\""ratio_str\"":\""50.00\""}]""",0,0,1.0000,0.0000,0.0000,0.0000,1.0000,0.0000,0.0000,0.0000,0.0000,0.0000,2025-07-09 18:32:58
戴维李,7503828948011338507,"戴维李正在直播",2025-05-13 15:29:27,2025-05-13 17:25:24,113,64,40,105,105,0,88,16,16,0,14,5.25,37541,1257,766,491,15,5,12,3.4000,4.0500,1.2200,70,61,9,6549,6435,114,4,3,1,"""[{\""name\"":\""视频推荐\"",\""value\"":25430,\""ratio\"":50.6,\""ratio_str\"":\""50.60\""},{\""name\"":\""直播推荐\"",\""value\"":12742,\""ratio\"":25.35,\""ratio_str\"":\""25.35\""},{\""name\"":\""其他\"",\""value\"":5385,\""ratio\"":10.71,\""ratio_str\"":\""10.71\""},{\""name\"":\""关注\"",\""value\"":4072,\""ratio\"":8.1,\""ratio_str\"":\""8.10\""},{\""name\"":\""个人主页\"",\""value\"":1264,\""ratio\"":2.51,\""ratio_str\"":\""2.51\""},{\""name\"":\""搜索\"",\""value\"":1180,\""ratio\"":2.35,\""ratio_str\"":\""2.35\""},{\""name\"":\""同城\"",\""value\"":185,\""ratio\"":0.3799999999999909,\""ratio_str\"":\""0.38\""},{\""name\"":\""商业化\"",\""value\"":1,\""ratio\"":0,\""ratio_str\"":\""0.00\""}]""","""[{\""name\"":\""直播推荐\"",\""value\"":698,\""ratio\"":54.07,\""ratio_str\"":\""54.07\""},{\""name\"":\""关注\"",\""value\"":315,\""ratio\"":24.4,\""ratio_str\"":\""24.40\""},{\""name\"":\""视频推荐\"",\""value\"":108,\""ratio\"":8.37,\""ratio_str\"":\""8.37\""},{\""name\"":\""其他\"",\""value\"":82,\""ratio\"":6.35,\""ratio_str\"":\""6.35\""},{\""name\"":\""个人主页\"",\""value\"":63,\""ratio\"":4.88,\""ratio_str\"":\""4.88\""},{\""name\"":\""搜索\"",\""value\"":25,\""ratio\"":1.930000000000009,\""ratio_str\"":\""1.93\""}]""",0,0,0.0335,0.0119,0.0557,0.0127,0.6094,0.8714,0.9826,0.7500,1.0000,0.0000,2025-07-09 18:32:22
